ISO-10303-21;
HEADER;
FILE_DESCRIPTION (( 'STEP AP214' ),
    '1' );
FILE_NAME ('LDQ-M284RI-SI.STEP',
    '2024-01-03T13:51:01',
    ( 'LENOVO' ),
    ( '' ),
    'SwSTEP 2.0',
    'SolidWorks 2021',
    '' );
FILE_SCHEMA (( 'AUTOMOTIVE_DESIGN' ));
ENDSEC;

DATA;
#1 = EDGE_LOOP ( 'NONE', ( #3927, #3847, #4048, #7614 ) ) ;
#2 = CARTESIAN_POINT ( 'NONE',  ( 8.000000000000000000, 4.799999999999999822, 0.000000000000000000 ) ) ;
#3 = DIRECTION ( 'NONE',  ( 0.000000000000000000, -1.000000000000000000, 0.000000000000000000 ) ) ;
#4 = CARTESIAN_POINT ( 'NONE',  ( -12.88013644433663352, 4.799999999999999822, -2.550000000000000711 ) ) ;
#5 = AXIS2_PLACEMENT_3D ( 'NONE', #7732, #10448, #5796 ) ;
#6 = CARTESIAN_POINT ( 'NONE',  ( 10.22059595405019117, 1.103909596859301789, 2.550000000000001155 ) ) ;
#7 = AXIS2_PLACEMENT_3D ( 'NONE', #1883, #4544, #5458 ) ;
#8 = EDGE_LOOP ( 'NONE', ( #4715, #10142, #1610, #2219 ) ) ;
#9 = ADVANCED_FACE ( 'NONE', ( #9384 ), #520, .T. ) ;
#10 = CIRCLE ( 'NONE', #7929, 0.2250000000000003664 ) ;
#11 = VECTOR ( 'NONE', #8539, 1000.000000000000000 ) ;
#12 = DIRECTION ( 'NONE',  ( -1.000000000000000000, 0.000000000000000000, -2.072739447398754025E-16 ) ) ;
#13 = PLANE ( 'NONE',  #598 ) ;
#14 = EDGE_CURVE ( 'NONE', #10283, #4950, #1886, .T. ) ;
#15 = ORIENTED_EDGE ( 'NONE', *, *, #11197, .F. ) ;
#16 = DIRECTION ( 'NONE',  ( 0.000000000000000000, 0.000000000000000000, 1.000000000000000000 ) ) ;
#17 = ORIENTED_EDGE ( 'NONE', *, *, #5774, .T. ) ;
#18 = VERTEX_POINT ( 'NONE', #2247 ) ;
#19 = LINE ( 'NONE', #10529, #7404 ) ;
#20 = ORIENTED_EDGE ( 'NONE', *, *, #6732, .T. ) ;
#21 = DIRECTION ( 'NONE',  ( -1.000000000000000000, 0.000000000000000000, 4.280484862959055418E-16 ) ) ;
#22 = PLANE ( 'NONE',  #6841 ) ;
#23 = ORIENTED_EDGE ( 'NONE', *, *, #8979, .F. ) ;
#24 = AXIS2_PLACEMENT_3D ( 'NONE', #1583, #9549, #7029 ) ;
#25 = FACE_OUTER_BOUND ( 'NONE', #3334, .T. ) ;
#26 = FACE_OUTER_BOUND ( 'NONE', #4472, .T. ) ;
#27 = PLANE ( 'NONE',  #5990 ) ;
#28 = CARTESIAN_POINT ( 'NONE',  ( 24.00000000000000000, 4.799999999999999822, 0.000000000000000000 ) ) ;
#29 = EDGE_CURVE ( 'NONE', #444, #2880, #9401, .T. ) ;
#30 = VECTOR ( 'NONE', #7278, 1000.000000000000114 ) ;
#31 = CARTESIAN_POINT ( 'NONE',  ( -5.550488265591217107, 5.799999999999999822, 0.1000000000000000056 ) ) ;
#32 = LINE ( 'NONE', #7316, #3783 ) ;
#33 = ADVANCED_FACE ( 'NONE', ( #5420 ), #440, .T. ) ;
#34 = ORIENTED_EDGE ( 'NONE', *, *, #9569, .F. ) ;
#35 = DIRECTION ( 'NONE',  ( 0.000000000000000000, 1.000000000000000000, 0.000000000000000000 ) ) ;
#36 = EDGE_LOOP ( 'NONE', ( #7201, #7624, #7823, #3040 ) ) ;
#37 = ORIENTED_EDGE ( 'NONE', *, *, #3319, .T. ) ;
#38 = VECTOR ( 'NONE', #3075, 1000.000000000000000 ) ;
#39 = AXIS2_PLACEMENT_3D ( 'NONE', #8762, #8683, #5089 ) ;
#40 = ORIENTED_EDGE ( 'NONE', *, *, #10451, .T. ) ;
#41 = MANIFOLD_SOLID_BREP ( 'LPattern2[23]', #3098 ) ;
#42 = DIRECTION ( 'NONE',  ( 0.000000000000000000, 0.000000000000000000, 1.000000000000000000 ) ) ;
#43 = DIRECTION ( 'NONE',  ( 0.000000000000000000, 1.000000000000000000, 0.000000000000000000 ) ) ;
#44 = EDGE_LOOP ( 'NONE', ( #7707, #7871, #174, #3605 ) ) ;
#45 = CARTESIAN_POINT ( 'NONE',  ( -14.14999999999999858, 4.799999999999999822, 3.500000000000000444 ) ) ;
#46 = VECTOR ( 'NONE', #8238, 999.9999999999998863 ) ;
#47 = LINE ( 'NONE', #3284, #267 ) ;
#48 = CARTESIAN_POINT ( 'NONE',  ( 0.2205331856370010557, 3.456497115745557291, -0.7757058463255043224 ) ) ;
#49 = LINE ( 'NONE', #390, #11534 ) ;
#50 = CARTESIAN_POINT ( 'NONE',  ( -6.349999999999999645, 0.5000000000000000000, -3.810000000000000941 ) ) ;
#51 = FACE_OUTER_BOUND ( 'NONE', #8479, .T. ) ;
#52 = EDGE_LOOP ( 'NONE', ( #2337, #1773, #1356, #9218 ) ) ;
#53 = MECHANICAL_DESIGN_GEOMETRIC_PRESENTATION_REPRESENTATION (  '', ( #9933 ), #2144 ) ;
#54 = CARTESIAN_POINT ( 'NONE',  ( 5.413525560979735474, 4.799999999999999822, -0.4750000000000000333 ) ) ;
#55 = CARTESIAN_POINT ( 'NONE',  ( 11.11986355566336648, 4.799999999999999822, -2.550000000000000711 ) ) ;
#56 = ORIENTED_EDGE ( 'NONE', *, *, #4813, .T. ) ;
#57 = ORIENTED_EDGE ( 'NONE', *, *, #8545, .F. ) ;
#58 = VECTOR ( 'NONE', #376, 999.9999999999998863 ) ;
#59 = PLANE ( 'NONE',  #5282 ) ;
#60 = CARTESIAN_POINT ( 'NONE',  ( 1.599511734408781694, 4.799999999999999822, 0.09999999999999982514 ) ) ;
#61 = EDGE_LOOP ( 'NONE', ( #2804, #2318, #9844, #9455 ) ) ;
#62 = ORIENTED_EDGE ( 'NONE', *, *, #1368, .F. ) ;
#63 = FACE_OUTER_BOUND ( 'NONE', #6517, .T. ) ;
#64 = FACE_OUTER_BOUND ( 'NONE', #7671, .T. ) ;
#65 = CARTESIAN_POINT ( 'NONE',  ( 0.000000000000000000, 0.000000000000000000, 0.000000000000000000 ) ) ;
#66 = CYLINDRICAL_SURFACE ( 'NONE', #1837, 0.4750000000000005884 ) ;
#67 = LINE ( 'NONE', #3182, #7841 ) ;
#68 = ORIENTED_EDGE ( 'NONE', *, *, #10701, .F. ) ;
#69 = DIRECTION ( 'NONE',  ( 1.000000000000000000, -0.000000000000000000, -0.000000000000000000 ) ) ;
#70 = EDGE_CURVE ( 'NONE', #8543, #10321, #5615, .T. ) ;
#71 = PLANE ( 'NONE',  #4801 ) ;
#72 = VERTEX_POINT ( 'NONE', #11109 ) ;
#73 = EDGE_LOOP ( 'NONE', ( #6996, #10953, #6667, #7229 ) ) ;
#74 = FACE_OUTER_BOUND ( 'NONE', #2837, .T. ) ;
#75 = CARTESIAN_POINT ( 'NONE',  ( -6.365222869449524978, 4.799999999999999822, -0.09999999999999982514 ) ) ;
#76 = ORIENTED_EDGE ( 'NONE', *, *, #10144, .T. ) ;
#77 = DIRECTION ( 'NONE',  ( -1.000000000000000000, 0.000000000000000000, 4.280484862959055418E-16 ) ) ;
#78 = PLANE ( 'NONE',  #804 ) ;
#79 = DIRECTION ( 'NONE',  ( -0.000000000000000000, 1.000000000000000000, -0.000000000000000000 ) ) ;
#80 = DIRECTION ( 'NONE',  ( -0.1736481776669313026, -0.000000000000000000, 0.9848077530122079093 ) ) ;
#81 = AXIS2_PLACEMENT_3D ( 'NONE', #8797, #2581, #10661 ) ;
#82 = ADVANCED_FACE ( 'NONE', ( #1592 ), #2313, .T. ) ;
#83 = EDGE_LOOP ( 'NONE', ( #5073, #6071, #4444, #4599 ) ) ;
#84 = VECTOR ( 'NONE', #3985, 1000.000000000000000 ) ;
#85 = VECTOR ( 'NONE', #11265, 1000.000000000000000 ) ;
#86 = DIRECTION ( 'NONE',  ( 1.000000000000000000, 0.000000000000000000, -0.000000000000000000 ) ) ;
#87 = LINE ( 'NONE', #2166, #11493 ) ;
#88 = PLANE ( 'NONE',  #5323 ) ;
#89 = EDGE_CURVE ( 'NONE', #2472, #2287, #5674, .T. ) ;
#90 = ORIENTED_EDGE ( 'NONE', *, *, #10920, .T. ) ;
#91 = AXIS2_PLACEMENT_3D ( 'NONE', #1310, #3933, #9203 ) ;
#92 = CARTESIAN_POINT ( 'NONE',  ( 1.000000000000000888, 1.103909596859301789, 3.500000000000000444 ) ) ;
#93 = VERTEX_POINT ( 'NONE', #360 ) ;
#94 = SURFACE_SIDE_STYLE ('',( #11413 ) ) ;
#95 = AXIS2_PLACEMENT_3D ( 'NONE', #7446, #8361, #8454 ) ;
#96 = EDGE_LOOP ( 'NONE', ( #8686, #9126 ) ) ;
#97 = LINE ( 'NONE', #129, #548 ) ;
#98 = CARTESIAN_POINT ( 'NONE',  ( -6.400488265591218529, 4.799999999999999822, 0.09999999999999982514 ) ) ;
#99 = EDGE_CURVE ( 'NONE', #6599, #2955, #5453, .T. ) ;
#100 = EDGE_CURVE ( 'NONE', #10821, #4462, #9438, .T. ) ;
#101 = ORIENTED_EDGE ( 'NONE', *, *, #8684, .F. ) ;
#102 = ORIENTED_EDGE ( 'NONE', *, *, #7579, .T. ) ;
#103 = VECTOR ( 'NONE', #2443, 1000.000000000000114 ) ;
#104 = LINE ( 'NONE', #8595, #11330 ) ;
#105 = CARTESIAN_POINT ( 'NONE',  ( -3.084288864959265020, 4.799999999999999822, 3.499999999999999556 ) ) ;
#106 = CARTESIAN_POINT ( 'NONE',  ( -10.44951173440878556, 4.799999999999999822, -0.09999999999999982514 ) ) ;
#107 = DIRECTION ( 'NONE',  ( 1.000000000000000000, 0.000000000000000000, 0.000000000000000000 ) ) ;
#108 = VECTOR ( 'NONE', #3846, 999.9999999999998863 ) ;
#109 = CARTESIAN_POINT ( 'NONE',  ( 4.880136444336628188, 4.799999999999999822, 2.550000000000000711 ) ) ;
#110 = DIRECTION ( 'NONE',  ( -0.1736481776669313026, 0.000000000000000000, 0.9848077530122079093 ) ) ;
#111 = ORIENTED_EDGE ( 'NONE', *, *, #1482, .T. ) ;
#112 = CARTESIAN_POINT ( 'NONE',  ( -12.71262581266359248, 4.799999999999999822, -3.500000000000000000 ) ) ;
#113 = EDGE_CURVE ( 'NONE', #8169, #8737, #5381, .T. ) ;
#114 = ORIENTED_EDGE ( 'NONE', *, *, #7352, .T. ) ;
#115 = VERTEX_POINT ( 'NONE', #10389 ) ;
#116 = DIRECTION ( 'NONE',  ( 0.000000000000000000, -1.000000000000000000, 0.000000000000000000 ) ) ;
#117 = UNCERTAINTY_MEASURE_WITH_UNIT (LENGTH_MEASURE( 1.000000000000000082E-05 ), #10005, 'distance_accuracy_value', 'NONE');
#118 = ORIENTED_EDGE ( 'NONE', *, *, #9497, .T. ) ;
#119 = EDGE_CURVE ( 'NONE', #3028, #8247, #9329, .T. ) ;
#120 = AXIS2_PLACEMENT_3D ( 'NONE', #861, #1752, #7122 ) ;
#121 = PLANE ( 'NONE',  #11052 ) ;
#122 = ORIENTED_EDGE ( 'NONE', *, *, #9456, .F. ) ;
#123 = LINE ( 'NONE', #1278, #3951 ) ;
#124 = DIRECTION ( 'NONE',  ( 0.000000000000000000, 1.000000000000000000, 0.000000000000000000 ) ) ;
#125 = FACE_OUTER_BOUND ( 'NONE', #7208, .T. ) ;
#126 = ADVANCED_FACE ( 'NONE', ( #1625 ), #7510, .F. ) ;
#127 = CARTESIAN_POINT ( 'NONE',  ( -6.349999999999999645, -7.450000000000000178, 3.810000000000000053 ) ) ;
#128 = ORIENTED_EDGE ( 'NONE', *, *, #3410, .T. ) ;
#129 = CARTESIAN_POINT ( 'NONE',  ( -12.88013644433663352, 5.799999999999999822, -2.550000000000000711 ) ) ;
#130 = ORIENTED_EDGE ( 'NONE', *, *, #2041, .T. ) ;
#131 = CIRCLE ( 'NONE', #3160, 0.2249999999999999500 ) ;
#132 = CARTESIAN_POINT ( 'NONE',  ( 10.23428886495925560, 1.103909596859301789, -3.500000000000000444 ) ) ;
#133 = DIRECTION ( 'NONE',  ( -0.1736481776669316635, 0.000000000000000000, 0.9848077530122076872 ) ) ;
#134 = ORIENTED_EDGE ( 'NONE', *, *, #100, .T. ) ;
#135 = EDGE_CURVE ( 'NONE', #3616, #5927, #5654, .T. ) ;
#136 = CARTESIAN_POINT ( 'NONE',  ( -1.599511734408786801, 1.103909596859301789, -0.1000000000000000056 ) ) ;
#137 = AXIS2_PLACEMENT_3D ( 'NONE', #9907, #138, #3061 ) ;
#138 = DIRECTION ( 'NONE',  ( 0.000000000000000000, 1.000000000000000000, 0.000000000000000000 ) ) ;
#139 = CARTESIAN_POINT ( 'NONE',  ( -5.515222869449522669, 4.799999999999999822, -0.1000000000000000056 ) ) ;
#140 = ORIENTED_EDGE ( 'NONE', *, *, #7760, .T. ) ;
#141 = CIRCLE ( 'NONE', #1299, 0.2249999999999999500 ) ;
#142 = FILL_AREA_STYLE_COLOUR ( '', #6264 ) ;
#143 = ORIENTED_EDGE ( 'NONE', *, *, #10701, .T. ) ;
#144 = DIRECTION ( 'NONE',  ( 0.000000000000000000, -0.000000000000000000, 1.000000000000000000 ) ) ;
#145 = LINE ( 'NONE', #6536, #4006 ) ;
#146 = AXIS2_PLACEMENT_3D ( 'NONE', #5124, #471, #553 ) ;
#147 = ORIENTED_EDGE ( 'NONE', *, *, #5506, .F. ) ;
#148 = AXIS2_PLACEMENT_3D ( 'NONE', #11020, #10036, #10951 ) ;
#149 = EDGE_LOOP ( 'NONE', ( #917, #1015, #4725, #8051 ) ) ;
#150 = DIRECTION ( 'NONE',  ( 0.000000000000000000, -0.000000000000000000, 1.000000000000000000 ) ) ;
#151 = EDGE_CURVE ( 'NONE', #2887, #9761, #9347, .T. ) ;
#152 = ORIENTED_EDGE ( 'NONE', *, *, #10976, .F. ) ;
#153 = CARTESIAN_POINT ( 'NONE',  ( 16.00000000000000000, 4.799999999999999822, 0.000000000000000000 ) ) ;
#154 = LINE ( 'NONE', #5690, #171 ) ;
#155 = FACE_OUTER_BOUND ( 'NONE', #7016, .T. ) ;
#156 = VERTEX_POINT ( 'NONE', #11400 ) ;
#157 = CARTESIAN_POINT ( 'NONE',  ( 14.40048826559121409, 1.103909596859301789, -0.1000000000000000056 ) ) ;
#158 = LINE ( 'NONE', #7938, #8026 ) ;
#159 = CARTESIAN_POINT ( 'NONE',  ( 12.71262581266358715, 4.799999999999999822, 3.500000000000000444 ) ) ;
#160 = DIRECTION ( 'NONE',  ( 0.000000000000000000, 1.000000000000000000, 0.000000000000000000 ) ) ;
#161 = EDGE_LOOP ( 'NONE', ( #7093, #3806, #5934, #1931 ) ) ;
#162 = AXIS2_PLACEMENT_3D ( 'NONE', #5450, #4938, #5106 ) ;
#163 = CLOSED_SHELL ( 'NONE', ( #9448, #5600, #11191, #4677, #9568, #9151 ) ) ;
#164 = EDGE_CURVE ( 'NONE', #5274, #643, #5486, .T. ) ;
#165 = ADVANCED_FACE ( 'NONE', ( #1666 ), #5634, .T. ) ;
#166 =( NAMED_UNIT ( * ) PLANE_ANGLE_UNIT ( ) SI_UNIT ( $, .RADIAN. ) );
#167 = ORIENTED_EDGE ( 'NONE', *, *, #6874, .F. ) ;
#168 = DIRECTION ( 'NONE',  ( -1.630660900174879311E-16, 0.000000000000000000, -1.000000000000000000 ) ) ;
#169 = CARTESIAN_POINT ( 'NONE',  ( -9.000000000000003553, 5.799999999999999822, 2.550000000000000266 ) ) ;
#170 = CARTESIAN_POINT ( 'NONE',  ( -15.35000000000000320, 0.5000000000000000000, 5.100000000000000533 ) ) ;
#171 = VECTOR ( 'NONE', #7464, 1000.000000000000000 ) ;
#172 = CARTESIAN_POINT ( 'NONE',  ( 10.22059595405019117, 1.103909596859301789, 2.550000000000001155 ) ) ;
#173 = LINE ( 'NONE', #10541, #737 ) ;
#174 = ORIENTED_EDGE ( 'NONE', *, *, #3950, .T. ) ;
#175 = CARTESIAN_POINT ( 'NONE',  ( -6.149999999999999467, 4.799999999999999822, 3.500000000000000444 ) ) ;
#176 = FACE_OUTER_BOUND ( 'NONE', #9367, .T. ) ;
#177 = ORIENTED_EDGE ( 'NONE', *, *, #4597, .F. ) ;
#178 = FACE_OUTER_BOUND ( 'NONE', #6216, .T. ) ;
#179 = VERTEX_POINT ( 'NONE', #3710 ) ;
#180 = CARTESIAN_POINT ( 'NONE',  ( -15.35000000000000320, 0.5000000000000000000, -5.100000000000000533 ) ) ;
#181 = EDGE_LOOP ( 'NONE', ( #956, #4586 ) ) ;
#182 = CARTESIAN_POINT ( 'NONE',  ( -5.515222869449522669, 4.799999999999999822, -0.1000000000000000056 ) ) ;
#183 = CARTESIAN_POINT ( 'NONE',  ( 6.999999999999997335, 4.799999999999999822, 3.025000000000000799 ) ) ;
#184 = LINE ( 'NONE', #7240, #204 ) ;
#185 = DIRECTION ( 'NONE',  ( -1.000000000000000000, 0.000000000000000000, 4.280484862959055418E-16 ) ) ;
#186 = FACE_OUTER_BOUND ( 'NONE', #365, .T. ) ;
#187 = DIRECTION ( 'NONE',  ( 1.000000000000000000, 0.000000000000000000, -3.465154412871613544E-16 ) ) ;
#188 = ORIENTED_EDGE ( 'NONE', *, *, #3948, .T. ) ;
#189 = DIRECTION ( 'NONE',  ( 1.000000000000000000, -0.000000000000000000, -0.000000000000000000 ) ) ;
#190 = CARTESIAN_POINT ( 'NONE',  ( -14.14999999999999858, 1.103909596859301789, 3.500000000000000444 ) ) ;
#191 = LINE ( 'NONE', #11068, #4296 ) ;
#192 = ORIENTED_EDGE ( 'NONE', *, *, #348, .T. ) ;
#193 = SURFACE_STYLE_FILL_AREA ( #8388 ) ;
#194 = CARTESIAN_POINT ( 'NONE',  ( 4.915711135040734980, 5.799999999999999822, 3.499999999999999556 ) ) ;
#195 = CARTESIAN_POINT ( 'NONE',  ( 10.05308532237714836, 5.799999999999999822, 3.500000000000000444 ) ) ;
#196 = ORIENTED_EDGE ( 'NONE', *, *, #3045, .T. ) ;
#197 = AXIS2_PLACEMENT_3D ( 'NONE', #6362, #3965, #10798 ) ;
#198 = CARTESIAN_POINT ( 'NONE',  ( -10.05308532237715724, 4.799999999999999822, -3.500000000000000444 ) ) ;
#199 = DIRECTION ( 'NONE',  ( -1.000000000000000000, 0.000000000000000000, 1.630660900174878325E-16 ) ) ;
#200 = EDGE_CURVE ( 'NONE', #4826, #10821, #9513, .T. ) ;
#201 = EDGE_LOOP ( 'NONE', ( #8698, #5656, #5143, #2174 ) ) ;
#202 = EDGE_CURVE ( 'NONE', #1122, #9309, #9650, .T. ) ;
#203 = CARTESIAN_POINT ( 'NONE',  ( 2.053085322377148803, 5.799999999999999822, 3.500000000000000444 ) ) ;
#204 = VECTOR ( 'NONE', #2863, 1000.000000000000000 ) ;
#205 = FACE_OUTER_BOUND ( 'NONE', #8868, .T. ) ;
#206 = ADVANCED_FACE ( 'NONE', ( #2079 ), #3633, .F. ) ;
#207 = ORIENTED_EDGE ( 'NONE', *, *, #8692, .T. ) ;
#208 = DIRECTION ( 'NONE',  ( 0.000000000000000000, 1.000000000000000000, 0.000000000000000000 ) ) ;
#209 = LINE ( 'NONE', #6763, #7986 ) ;
#210 = ORIENTED_EDGE ( 'NONE', *, *, #1086, .F. ) ;
#211 = DIRECTION ( 'NONE',  ( 0.000000000000000000, -1.000000000000000000, -0.000000000000000000 ) ) ;
#212 = ORIENTED_EDGE ( 'NONE', *, *, #1468, .T. ) ;
#213 = AXIS2_PLACEMENT_3D ( 'NONE', #8365, #8461, #5758 ) ;
#214 = DIRECTION ( 'NONE',  ( -1.000000000000000000, 0.000000000000000000, 1.630660900174879311E-16 ) ) ;
#215 = DIRECTION ( 'NONE',  ( 0.1736481776669298871, 0.000000000000000000, -0.9848077530122082424 ) ) ;
#216 = CARTESIAN_POINT ( 'NONE',  ( -4.880136444336633517, 5.799999999999999822, -2.550000000000000711 ) ) ;
#217 = PLANE ( 'NONE',  #1712 ) ;
#218 = EDGE_CURVE ( 'NONE', #4776, #7786, #2250, .T. ) ;
#219 = DIRECTION ( 'NONE',  ( 0.000000000000000000, 0.000000000000000000, 1.000000000000000000 ) ) ;
#220 = AXIS2_PLACEMENT_3D ( 'NONE', #7046, #5402, #10645 ) ;
#221 = VERTEX_POINT ( 'NONE', #5533 ) ;
#222 = CARTESIAN_POINT ( 'NONE',  ( 9.850000000000001421, 4.799999999999999822, 3.500000000000000444 ) ) ;
#223 = AXIS2_PLACEMENT_3D ( 'NONE', #5991, #3737, #9166 ) ;
#224 = CARTESIAN_POINT ( 'NONE',  ( 2.053085322377148803, 1.103909596859301789, 3.500000000000000444 ) ) ;
#225 = EDGE_CURVE ( 'NONE', #6323, #5488, #9957, .T. ) ;
#226 = EDGE_CURVE ( 'NONE', #179, #3482, #9831, .T. ) ;
#227 = CIRCLE ( 'NONE', #2387, 0.2249999999999999500 ) ;
#228 = COLOUR_RGB ( '',0.7921568627450980005, 0.8196078431372548767, 0.9333333333333333481 ) ;
#229 = EDGE_LOOP ( 'NONE', ( #6029, #9649, #9304, #6341 ) ) ;
#230 = PLANE ( 'NONE',  #8158 ) ;
#231 = CIRCLE ( 'NONE', #7793, 0.4750000000000005884 ) ;
#232 = DIRECTION ( 'NONE',  ( 0.000000000000000000, 0.000000000000000000, 1.000000000000000000 ) ) ;
#233 = ORIENTED_EDGE ( 'NONE', *, *, #5111, .T. ) ;
#234 = LINE ( 'NONE', #5874, #7846 ) ;
#235 = DIRECTION ( 'NONE',  ( 0.000000000000000000, -1.000000000000000000, 0.000000000000000000 ) ) ;
#236 = FILL_AREA_STYLE_COLOUR ( '', #9250 ) ;
#237 = ORIENTED_EDGE ( 'NONE', *, *, #4972, .F. ) ;
#238 = EDGE_CURVE ( 'NONE', #3057, #643, #6102, .T. ) ;
#239 = ADVANCED_FACE ( 'NONE', ( #9940 ), #5905, .T. ) ;
#240 = DIRECTION ( 'NONE',  ( -0.1736481776669307753, 0.000000000000000000, 0.9848077530122080203 ) ) ;
#241 = VERTEX_POINT ( 'NONE', #9643 ) ;
#242 = EDGE_CURVE ( 'NONE', #3902, #1298, #9690, .T. ) ;
#243 = CIRCLE ( 'NONE', #8672, 0.2249999999999999500 ) ;
#244 = CARTESIAN_POINT ( 'NONE',  ( 13.41352556097973547, 5.799999999999999822, -0.4750000000000000333 ) ) ;
#245 = CARTESIAN_POINT ( 'NONE',  ( 13.55048826559121444, 5.799999999999999822, -0.09999999999999982514 ) ) ;
#246 = CARTESIAN_POINT ( 'NONE',  ( 2.586474439020256089, 1.103909596859301789, 0.4750000000000004774 ) ) ;
#247 = CARTESIAN_POINT ( 'NONE',  ( 5.779404045949801727, 5.799999999999999822, -2.550000000000000711 ) ) ;
#248 = LINE ( 'NONE', #5715, #4092 ) ;
#249 = CARTESIAN_POINT ( 'NONE',  ( 4.880136444336628188, 5.799999999999999822, 2.550000000000000711 ) ) ;
#250 = EDGE_CURVE ( 'NONE', #5738, #4868, #1941, .T. ) ;
#251 = VECTOR ( 'NONE', #1422, 1000.000000000000000 ) ;
#252 = AXIS2_PLACEMENT_3D ( 'NONE', #9010, #7052, #7184 ) ;
#253 = ORIENTED_EDGE ( 'NONE', *, *, #499, .T. ) ;
#254 = DIRECTION ( 'NONE',  ( 0.1736481776669298316, 0.000000000000000000, -0.9848077530122082424 ) ) ;
#255 = CIRCLE ( 'NONE', #2506, 0.2249999999999999500 ) ;
#256 = LINE ( 'NONE', #9541, #290 ) ;
#257 = DIRECTION ( 'NONE',  ( 1.000000000000000000, 0.000000000000000000, -2.072739447398754025E-16 ) ) ;
#258 = ORIENTED_EDGE ( 'NONE', *, *, #225, .T. ) ;
#259 = CARTESIAN_POINT ( 'NONE',  ( -5.550488265591217107, 4.799999999999999822, 0.1000000000000000056 ) ) ;
#260 = ADVANCED_FACE ( 'NONE', ( #2215 ), #9669, .F. ) ;
#261 = VERTEX_POINT ( 'NONE', #3427 ) ;
#262 = CARTESIAN_POINT ( 'NONE',  ( -3.287374187336412845, 5.799999999999999822, 3.500000000000000444 ) ) ;
#263 = DIRECTION ( 'NONE',  ( 1.000000000000000000, 0.000000000000000000, -0.000000000000000000 ) ) ;
#264 = CARTESIAN_POINT ( 'NONE',  ( 0.2205331856370010557, 3.456497115745557291, -1.250705846325504966 ) ) ;
#265 = VECTOR ( 'NONE', #1247, 1000.000000000000114 ) ;
#266 = VECTOR ( 'NONE', #9601, 1000.000000000000000 ) ;
#267 = VECTOR ( 'NONE', #9555, 999.9999999999998863 ) ;
#268 = VERTEX_POINT ( 'NONE', #4319 ) ;
#269 = CARTESIAN_POINT ( 'NONE',  ( 2.220595954050192056, 1.103909596859301789, 2.550000000000001155 ) ) ;
#270 = PLANE ( 'NONE',  #4244 ) ;
#271 = VECTOR ( 'NONE', #10592, 1000.000000000000000 ) ;
#272 = AXIS2_PLACEMENT_3D ( 'NONE', #3575, #5192, #11492 ) ;
#273 = DIRECTION ( 'NONE',  ( 1.000000000000000000, 0.000000000000000000, 0.000000000000000000 ) ) ;
#274 = CARTESIAN_POINT ( 'NONE',  ( 0.000000000000000000, 5.799999999999999822, 0.000000000000000000 ) ) ;
#275 = ORIENTED_EDGE ( 'NONE', *, *, #5111, .F. ) ;
#276 = CLOSED_SHELL ( 'NONE', ( #8185, #8823, #6665, #10779, #7165, #8775 ) ) ;
#277 = DIRECTION ( 'NONE',  ( -0.000000000000000000, 1.000000000000000000, -0.000000000000000000 ) ) ;
#278 = DIRECTION ( 'NONE',  ( -0.000000000000000000, -1.000000000000000000, -0.000000000000000000 ) ) ;
#279 = PLANE ( 'NONE',  #3722 ) ;
#280 = VERTEX_POINT ( 'NONE', #9934 ) ;
#281 = AXIS2_PLACEMENT_3D ( 'NONE', #7018, #8576, #8661 ) ;
#282 = LINE ( 'NONE', #8745, #4135 ) ;
#283 = AXIS2_PLACEMENT_3D ( 'NONE', #6756, #3017, #8470 ) ;
#284 = DIRECTION ( 'NONE',  ( 0.1736481776669307753, 0.000000000000000000, -0.9848077530122080203 ) ) ;
#285 = LINE ( 'NONE', #4759, #3980 ) ;
#286 = LINE ( 'NONE', #1771, #7780 ) ;
#287 = VECTOR ( 'NONE', #2412, 1000.000000000000000 ) ;
#288 = VERTEX_POINT ( 'NONE', #7040 ) ;
#289 = EDGE_CURVE ( 'NONE', #6893, #5706, #2098, .T. ) ;
#290 = VECTOR ( 'NONE', #6858, 1000.000000000000114 ) ;
#291 = DIRECTION ( 'NONE',  ( 1.000000000000000000, 0.000000000000000000, -2.072739447398762653E-16 ) ) ;
#292 = STYLED_ITEM ( 'NONE', ( #6739 ), #4179 ) ;
#293 = ORIENTED_EDGE ( 'NONE', *, *, #9176, .F. ) ;
#294 = CARTESIAN_POINT ( 'NONE',  ( -3.084288864959265020, 4.799999999999999822, 3.499999999999999556 ) ) ;
#295 = CARTESIAN_POINT ( 'NONE',  ( 9.850000000000001421, 4.799999999999999822, 3.500000000000000444 ) ) ;
#296 = ORIENTED_EDGE ( 'NONE', *, *, #5413, .T. ) ;
#297 = DIRECTION ( 'NONE',  ( 0.000000000000000000, 0.000000000000000000, 1.000000000000000000 ) ) ;
#298 = EDGE_CURVE ( 'NONE', #9009, #958, #9846, .T. ) ;
#299 = DIRECTION ( 'NONE',  ( 0.000000000000000000, 0.000000000000000000, -1.000000000000000000 ) ) ;
#300 = ORIENTED_EDGE ( 'NONE', *, *, #6085, .F. ) ;
#301 = CARTESIAN_POINT ( 'NONE',  ( 0.2205331856370010557, 5.799999999999999822, -1.250705846325504966 ) ) ;
#302 = FACE_OUTER_BOUND ( 'NONE', #7739, .T. ) ;
#303 = DIRECTION ( 'NONE',  ( 0.000000000000000000, -1.000000000000000000, -0.000000000000000000 ) ) ;
#304 = PRESENTATION_STYLE_ASSIGNMENT (( #10623 ) ) ;
#305 = VECTOR ( 'NONE', #2027, 1000.000000000000000 ) ;
#306 = ADVANCED_FACE ( 'NONE', ( #5987 ), #845, .T. ) ;
#307 = ORIENTED_EDGE ( 'NONE', *, *, #1584, .F. ) ;
#308 = DIRECTION ( 'NONE',  ( 0.000000000000000000, -1.000000000000000000, -0.000000000000000000 ) ) ;
#309 = LINE ( 'NONE', #6840, #4316 ) ;
#310 = DIRECTION ( 'NONE',  ( -0.1736481776669316357, 0.000000000000000000, 0.9848077530122077983 ) ) ;
#311 = EDGE_CURVE ( 'NONE', #10582, #6496, #6062, .T. ) ;
#312 = CARTESIAN_POINT ( 'NONE',  ( -9.599511734408787689, 5.799999999999999822, -0.1000000000000000056 ) ) ;
#313 = PLANE ( 'NONE',  #2323 ) ;
#314 = VERTEX_POINT ( 'NONE', #5461 ) ;
#315 = VERTEX_POINT ( 'NONE', #6348 ) ;
#316 = CARTESIAN_POINT ( 'NONE',  ( 16.00000000000000000, 5.799999999999999822, 0.000000000000000000 ) ) ;
#317 = FILL_AREA_STYLE ('',( #6429 ) ) ;
#318 = ORIENTED_EDGE ( 'NONE', *, *, #5072, .T. ) ;
#319 = CARTESIAN_POINT ( 'NONE',  ( -13.76571113504074440, 4.799999999999999822, -3.500000000000000444 ) ) ;
#320 = CARTESIAN_POINT ( 'NONE',  ( 6.365222869449519649, 1.103909596859301789, 0.1000000000000000056 ) ) ;
#321 = FACE_OUTER_BOUND ( 'NONE', #1647, .T. ) ;
#322 = CARTESIAN_POINT ( 'NONE',  ( -2.449511734408785113, 4.799999999999999822, -0.09999999999999982514 ) ) ;
#323 = DIRECTION ( 'NONE',  ( 0.1736481776669298316, 0.000000000000000000, -0.9848077530122082424 ) ) ;
#324 = LINE ( 'NONE', #7140, #4254 ) ;
#325 = VECTOR ( 'NONE', #11172, 999.9999999999998863 ) ;
#326 = ORIENTED_EDGE ( 'NONE', *, *, #384, .F. ) ;
#327 = CARTESIAN_POINT ( 'NONE',  ( -11.08428886495926591, 4.799999999999999822, 3.499999999999999556 ) ) ;
#328 = VECTOR ( 'NONE', #8806, 1000.000000000000000 ) ;
#329 = CIRCLE ( 'NONE', #2182, 0.4750000000000005884 ) ;
#330 = DIRECTION ( 'NONE',  ( 0.000000000000000000, 0.000000000000000000, 1.000000000000000000 ) ) ;
#331 = ORIENTED_EDGE ( 'NONE', *, *, #1496, .T. ) ;
#332 = ORIENTED_EDGE ( 'NONE', *, *, #669, .F. ) ;
#333 = DIRECTION ( 'NONE',  ( 1.000000000000000000, 0.000000000000000000, -2.072739447398762653E-16 ) ) ;
#334 = EDGE_LOOP ( 'NONE', ( #5870, #1906, #955, #2377 ) ) ;
#335 = CARTESIAN_POINT ( 'NONE',  ( 4.712625812663587155, 1.103909596859301789, 3.500000000000000444 ) ) ;
#336 = FACE_OUTER_BOUND ( 'NONE', #3168, .T. ) ;
#337 = DIRECTION ( 'NONE',  ( 0.000000000000000000, 0.000000000000000000, 1.000000000000000000 ) ) ;
#338 = LINE ( 'NONE', #10340, #265 ) ;
#339 = SURFACE_STYLE_USAGE ( .BOTH. , #835 ) ;
#340 = LINE ( 'NONE', #8477, #3920 ) ;
#341 = DIRECTION ( 'NONE',  ( 1.000000000000000000, 0.000000000000000000, -2.072739447398762653E-16 ) ) ;
#342 = ORIENTED_EDGE ( 'NONE', *, *, #7940, .F. ) ;
#343 = ORIENTED_EDGE ( 'NONE', *, *, #4403, .F. ) ;
#344 = CARTESIAN_POINT ( 'NONE',  ( -11.08428886495926591, 4.799999999999999822, 3.499999999999999556 ) ) ;
#345 = AXIS2_PLACEMENT_3D ( 'NONE', #8042, #2453, #1725 ) ;
#346 = VECTOR ( 'NONE', #11434, 1000.000000000000000 ) ;
#347 = CARTESIAN_POINT ( 'NONE',  ( -6.349999999999999645, -7.450000000000000178, 4.035000000000000142 ) ) ;
#348 = EDGE_CURVE ( 'NONE', #1687, #3834, #9921, .T. ) ;
#349 = DIRECTION ( 'NONE',  ( 0.1736481776669313026, 0.000000000000000000, -0.9848077530122080203 ) ) ;
#350 = EDGE_CURVE ( 'NONE', #10731, #4723, #1980, .T. ) ;
#351 = ORIENTED_EDGE ( 'NONE', *, *, #2342, .T. ) ;
#352 = ORIENTED_EDGE ( 'NONE', *, *, #11436, .F. ) ;
#353 = PLANE ( 'NONE',  #11387 ) ;
#354 = CARTESIAN_POINT ( 'NONE',  ( 15.34999999999999609, 0.5000000000000000000, 4.349999999999998757 ) ) ;
#355 = CARTESIAN_POINT ( 'NONE',  ( -13.51522286944952356, 1.103909596859301789, -0.1000000000000000056 ) ) ;
#356 = ADVANCED_FACE ( 'NONE', ( #2031 ), #11059, .T. ) ;
#357 = EDGE_LOOP ( 'NONE', ( #3642, #2086, #9100, #2384 ) ) ;
#358 = COLOUR_RGB ( '',0.7529411764705882248, 0.000000000000000000, 0.000000000000000000 ) ;
#359 = EDGE_CURVE ( 'NONE', #8981, #1462, #2230, .T. ) ;
#360 = CARTESIAN_POINT ( 'NONE',  ( 11.08428886495926058, 5.799999999999999822, -3.500000000000000444 ) ) ;
#361 = CARTESIAN_POINT ( 'NONE',  ( -2.753985070693306003, 4.799999999999999822, 0.4749999999999995892 ) ) ;
#362 = VECTOR ( 'NONE', #10638, 1000.000000000000000 ) ;
#363 = PRESENTATION_LAYER_ASSIGNMENT (  '', '', ( #5127 ) ) ;
#364 = VECTOR ( 'NONE', #2351, 1000.000000000000000 ) ;
#365 = EDGE_LOOP ( 'NONE', ( #3643, #3388, #2488, #3344 ) ) ;
#366 = ORIENTED_EDGE ( 'NONE', *, *, #6764, .F. ) ;
#367 = CARTESIAN_POINT ( 'NONE',  ( -6.149999999999999467, 4.799999999999999822, 3.500000000000000444 ) ) ;
#368 = LINE ( 'NONE', #5773, #8161 ) ;
#369 = EDGE_CURVE ( 'NONE', #682, #11420, #5830, .T. ) ;
#370 = LINE ( 'NONE', #6846, #4279 ) ;
#371 = AXIS2_PLACEMENT_3D ( 'NONE', #5472, #7467, #7177 ) ;
#372 = CARTESIAN_POINT ( 'NONE',  ( 2.540000000000000036, -7.450000000000000178, 0.000000000000000000 ) ) ;
#373 = ORIENTED_EDGE ( 'NONE', *, *, #2213, .T. ) ;
#374 = EDGE_CURVE ( 'NONE', #6561, #4374, #6082, .T. ) ;
#375 = DIRECTION ( 'NONE',  ( -4.280484862959055418E-16, 0.000000000000000000, -1.000000000000000000 ) ) ;
#376 = DIRECTION ( 'NONE',  ( 0.1736481776669298871, 0.000000000000000000, -0.9848077530122082424 ) ) ;
#377 = CLOSED_SHELL ( 'NONE', ( #10642, #11325, #503, #8467, #477, #7914 ) ) ;
#378 = DIRECTION ( 'NONE',  ( 0.1736481776669307753, 0.000000000000000000, -0.9848077530122080203 ) ) ;
#379 = DIRECTION ( 'NONE',  ( -0.1736481776669313026, -0.000000000000000000, 0.9848077530122079093 ) ) ;
#380 = VERTEX_POINT ( 'NONE', #9216 ) ;
#381 = PLANE ( 'NONE',  #4977 ) ;
#382 = CYLINDRICAL_SURFACE ( 'NONE', #10180, 0.4750000000000004774 ) ;
#383 = DIRECTION ( 'NONE',  ( 0.000000000000000000, 0.000000000000000000, 1.000000000000000000 ) ) ;
#384 = EDGE_CURVE ( 'NONE', #7239, #5738, #5846, .T. ) ;
#385 = FACE_OUTER_BOUND ( 'NONE', #5692, .T. ) ;
#386 = EDGE_LOOP ( 'NONE', ( #1196, #6342, #10156, #978 ) ) ;
#387 = PLANE ( 'NONE',  #1517 ) ;
#388 = LINE ( 'NONE', #4629, #4218 ) ;
#389 = DIRECTION ( 'NONE',  ( -0.1736481776669307753, 0.000000000000000000, 0.9848077530122080203 ) ) ;
#390 = CARTESIAN_POINT ( 'NONE',  ( 1.000000000000000888, 4.799999999999999822, 3.500000000000000444 ) ) ;
#391 = CARTESIAN_POINT ( 'NONE',  ( 8.000000000000000000, 4.799999999999999822, 0.000000000000000000 ) ) ;
#392 = DIRECTION ( 'NONE',  ( -0.000000000000000000, 1.000000000000000000, -0.000000000000000000 ) ) ;
#393 = VERTEX_POINT ( 'NONE', #3385 ) ;
#394 = ORIENTED_EDGE ( 'NONE', *, *, #8772, .F. ) ;
#395 = UNCERTAINTY_MEASURE_WITH_UNIT (LENGTH_MEASURE( 1.000000000000000082E-05 ), #7303, 'distance_accuracy_value', 'NONE');
#396 = EDGE_CURVE ( 'NONE', #3712, #9884, #5926, .T. ) ;
#397 = AXIS2_PLACEMENT_3D ( 'NONE', #11288, #3396, #5138 ) ;
#398 =( LENGTH_UNIT ( ) NAMED_UNIT ( * ) SI_UNIT ( .MILLI., .METRE. ) );
#399 = ORIENTED_EDGE ( 'NONE', *, *, #3011, .T. ) ;
#400 = CYLINDRICAL_SURFACE ( 'NONE', #5, 0.2249999999999999500 ) ;
#401 = DIRECTION ( 'NONE',  ( 0.000000000000000000, 1.000000000000000000, 0.000000000000000000 ) ) ;
#402 = PLANE ( 'NONE',  #1633 ) ;
#403 = DIRECTION ( 'NONE',  ( -0.000000000000000000, 1.000000000000000000, -0.000000000000000000 ) ) ;
#404 = FACE_OUTER_BOUND ( 'NONE', #7183, .T. ) ;
#405 = PLANE ( 'NONE',  #9697 ) ;
#406 = CARTESIAN_POINT ( 'NONE',  ( -6.349999999999999645, 0.5000000000000000000, -3.810000000000000941 ) ) ;
#407 = VECTOR ( 'NONE', #3837, 1000.000000000000000 ) ;
#408 = VECTOR ( 'NONE', #7324, 1000.000000000000000 ) ;
#409 = ADVANCED_FACE ( 'NONE', ( #6008 ), #5922, .T. ) ;
#410 = ORIENTED_EDGE ( 'NONE', *, *, #9974, .F. ) ;
#411 = ADVANCED_FACE ( 'NONE', ( #5868 ), #9796, .F. ) ;
#412 = AXIS2_PLACEMENT_3D ( 'NONE', #2078, #7202, #10955 ) ;
#413 = LINE ( 'NONE', #2209, #4260 ) ;
#414 = CARTESIAN_POINT ( 'NONE',  ( 6.999999999999997335, 5.799999999999999822, -3.500000000000000444 ) ) ;
#415 = ORIENTED_EDGE ( 'NONE', *, *, #7022, .T. ) ;
#416 = ORIENTED_EDGE ( 'NONE', *, *, #9659, .F. ) ;
#417 = DIRECTION ( 'NONE',  ( 0.000000000000000000, 0.000000000000000000, -1.000000000000000000 ) ) ;
#418 = EDGE_LOOP ( 'NONE', ( #2001, #9199, #9420, #8517 ) ) ;
#419 = CARTESIAN_POINT ( 'NONE',  ( -16.10000000000000142, 5.799999999999999822, -5.100000000000000533 ) ) ;
#420 = LINE ( 'NONE', #7848, #3976 ) ;
#421 = CARTESIAN_POINT ( 'NONE',  ( 2.586474439020256089, 5.799999999999999822, 0.4750000000000004774 ) ) ;
#422 = DIRECTION ( 'NONE',  ( 0.000000000000000000, 1.000000000000000000, 0.000000000000000000 ) ) ;
#423 = LINE ( 'NONE', #11406, #4213 ) ;
#424 = LINE ( 'NONE', #3595, #8102 ) ;
#425 = ORIENTED_EDGE ( 'NONE', *, *, #10206, .T. ) ;
#426 = CARTESIAN_POINT ( 'NONE',  ( 13.77940404594980173, 5.799999999999999822, -2.550000000000000711 ) ) ;
#427 = LINE ( 'NONE', #11358, #4141 ) ;
#428 = FACE_OUTER_BOUND ( 'NONE', #8025, .T. ) ;
#429 = DIRECTION ( 'NONE',  ( -0.000000000000000000, 1.000000000000000000, -0.000000000000000000 ) ) ;
#430 = AXIS2_PLACEMENT_3D ( 'NONE', #1559, #7003, #7873 ) ;
#431 = ORIENTED_EDGE ( 'NONE', *, *, #9573, .F. ) ;
#432 = VERTEX_POINT ( 'NONE', #9593 ) ;
#433 = EDGE_CURVE ( 'NONE', #2934, #10219, #5887, .T. ) ;
#434 = CARTESIAN_POINT ( 'NONE',  ( 10.75398507069329845, 4.799999999999999822, -0.4749999999999989231 ) ) ;
#435 = CARTESIAN_POINT ( 'NONE',  ( -1.000000000000002665, 4.799999999999999822, 3.025000000000000799 ) ) ;
#436 = CARTESIAN_POINT ( 'NONE',  ( 1.599511734408781694, 4.799999999999999822, 0.09999999999999982514 ) ) ;
#437 = EDGE_LOOP ( 'NONE', ( #2517, #6794, #2770, #10031 ) ) ;
#438 = CIRCLE ( 'NONE', #10622, 0.4750000000000005884 ) ;
#439 = EDGE_CURVE ( 'NONE', #3213, #4059, #9814, .T. ) ;
#440 = PLANE ( 'NONE',  #9299 ) ;
#441 = SURFACE_STYLE_USAGE ( .BOTH. , #10058 ) ;
#442 = VECTOR ( 'NONE', #6159, 1000.000000000000000 ) ;
#443 = LINE ( 'NONE', #8226, #4291 ) ;
#444 = VERTEX_POINT ( 'NONE', #10166 ) ;
#445 = VECTOR ( 'NONE', #801, 999.9999999999998863 ) ;
#446 = MANIFOLD_SOLID_BREP ( 'LPattern2[12]', #8091 ) ;
#447 = LINE ( 'NONE', #805, #7788 ) ;
#448 = CARTESIAN_POINT ( 'NONE',  ( -5.246014929306701546, 4.799999999999999822, -0.4749999999999989231 ) ) ;
#449 = ORIENTED_EDGE ( 'NONE', *, *, #705, .T. ) ;
#450 = CARTESIAN_POINT ( 'NONE',  ( -14.36522286944952498, 5.799999999999999822, -0.09999999999999982514 ) ) ;
#451 = CARTESIAN_POINT ( 'NONE',  ( 3.810000000000000941, -7.450000000000000178, 3.810000000000000053 ) ) ;
#452 = ORIENTED_EDGE ( 'NONE', *, *, #2233, .F. ) ;
#453 = DIRECTION ( 'NONE',  ( 0.000000000000000000, 0.000000000000000000, 1.000000000000000000 ) ) ;
#454 = SURFACE_SIDE_STYLE ('',( #1128 ) ) ;
#455 = EDGE_CURVE ( 'NONE', #7559, #9761, #9960, .T. ) ;
#456 = ADVANCED_FACE ( 'NONE', ( #9764 ), #1693, .T. ) ;
#457 = ORIENTED_EDGE ( 'NONE', *, *, #3854, .T. ) ;
#458 = DIRECTION ( 'NONE',  ( -0.9848077530122081313, 0.000000000000000000, -0.1736481776669298871 ) ) ;
#459 = FACE_OUTER_BOUND ( 'NONE', #1171, .T. ) ;
#460 = DIRECTION ( 'NONE',  ( 0.1736481776669298316, 0.000000000000000000, -0.9848077530122082424 ) ) ;
#461 = VECTOR ( 'NONE', #2202, 1000.000000000000000 ) ;
#462 = VECTOR ( 'NONE', #7530, 1000.000000000000000 ) ;
#463 = VECTOR ( 'NONE', #1834, 999.9999999999998863 ) ;
#464 = AXIS2_PLACEMENT_3D ( 'NONE', #7571, #9967, #8501 ) ;
#465 = ORIENTED_EDGE ( 'NONE', *, *, #6425, .T. ) ;
#466 = FACE_OUTER_BOUND ( 'NONE', #4748, .T. ) ;
#467 = CARTESIAN_POINT ( 'NONE',  ( -16.10000000000000142, 5.799999999999999822, 5.099999999999999645 ) ) ;
#468 = DIRECTION ( 'NONE',  ( 0.000000000000000000, 0.000000000000000000, -1.000000000000000000 ) ) ;
#469 = ORIENTED_EDGE ( 'NONE', *, *, #7473, .F. ) ;
#470 = ORIENTED_EDGE ( 'NONE', *, *, #9927, .F. ) ;
#471 = DIRECTION ( 'NONE',  ( 0.000000000000000000, 1.000000000000000000, 0.000000000000000000 ) ) ;
#472 =( LENGTH_UNIT ( ) NAMED_UNIT ( * ) SI_UNIT ( .MILLI., .METRE. ) );
#473 = EDGE_CURVE ( 'NONE', #1429, #2176, #9781, .T. ) ;
#474 = CARTESIAN_POINT ( 'NONE',  ( 3.084288864959259691, 5.799999999999999822, -3.500000000000000444 ) ) ;
#475 = EDGE_LOOP ( 'NONE', ( #11238, #6427, #2989, #10374 ) ) ;
#476 = EDGE_CURVE ( 'NONE', #6896, #10260, #2159, .T. ) ;
#477 = ADVANCED_FACE ( 'NONE', ( #6107 ), #7063, .T. ) ;
#478 = LINE ( 'NONE', #11381, #4326 ) ;
#479 = CARTESIAN_POINT ( 'NONE',  ( 5.550488265591215331, 4.799999999999999822, -0.09999999999999982514 ) ) ;
#480 = CARTESIAN_POINT ( 'NONE',  ( 16.00000000000000000, 4.799999999999999822, 0.000000000000000000 ) ) ;
#481 = PLANE ( 'NONE',  #6929 ) ;
#482 = CARTESIAN_POINT ( 'NONE',  ( 10.23428886495925560, 5.799999999999999822, -3.500000000000000444 ) ) ;
#483 = PLANE ( 'NONE',  #7626 ) ;
#484 = LINE ( 'NONE', #3080, #8212 ) ;
#485 = EDGE_LOOP ( 'NONE', ( #6194, #2610, #9346, #10628 ) ) ;
#486 = DIRECTION ( 'NONE',  ( 0.000000000000000000, 0.000000000000000000, 1.000000000000000000 ) ) ;
#487 = VECTOR ( 'NONE', #3457, 1000.000000000000000 ) ;
#488 = PLANE ( 'NONE',  #3977 ) ;
#489 = ORIENTED_EDGE ( 'NONE', *, *, #9095, .F. ) ;
#490 = VERTEX_POINT ( 'NONE', #7867 ) ;
#491 = EDGE_CURVE ( 'NONE', #4408, #8997, #2195, .T. ) ;
#492 = DIRECTION ( 'NONE',  ( 0.000000000000000000, 0.000000000000000000, -1.000000000000000000 ) ) ;
#493 = MECHANICAL_DESIGN_GEOMETRIC_PRESENTATION_REPRESENTATION (  '', ( #7815 ), #6204 ) ;
#494 = EDGE_LOOP ( 'NONE', ( #970, #8556, #11161, #3316 ) ) ;
#495 = CARTESIAN_POINT ( 'NONE',  ( -4.915711135040740309, 4.799999999999999822, -3.500000000000000888 ) ) ;
#496 = AXIS2_PLACEMENT_3D ( 'NONE', #5895, #1740, #8928 ) ;
#497 = EDGE_CURVE ( 'NONE', #6370, #6383, #2003, .T. ) ;
#498 = CARTESIAN_POINT ( 'NONE',  ( -0.2205331856370015831, 4.799999999999999822, 1.250705846325504966 ) ) ;
#499 = EDGE_CURVE ( 'NONE', #3609, #9989, #9834, .T. ) ;
#500 = LINE ( 'NONE', #5534, #8079 ) ;
#501 = VECTOR ( 'NONE', #8278, 1000.000000000000000 ) ;
#502 = LINE ( 'NONE', #10725, #8254 ) ;
#503 = ADVANCED_FACE ( 'NONE', ( #1983 ), #10497, .T. ) ;
#504 = DIRECTION ( 'NONE',  ( 0.000000000000000000, 0.000000000000000000, -1.000000000000000000 ) ) ;
#505 = ORIENTED_EDGE ( 'NONE', *, *, #4105, .T. ) ;
#506 = EDGE_LOOP ( 'NONE', ( #258, #875, #7886, #999 ) ) ;
#507 = ADVANCED_FACE ( 'NONE', ( #9981 ), #6087, .T. ) ;
#508 = CARTESIAN_POINT ( 'NONE',  ( -2.586474439020264526, 1.103909596859301789, -0.4750000000000000333 ) ) ;
#509 = VECTOR ( 'NONE', #3391, 1000.000000000000000 ) ;
#510 = LINE ( 'NONE', #3052, #8216 ) ;
#511 = CARTESIAN_POINT ( 'NONE',  ( -3.809999999999999609, -15.53639610306789187, 4.035000000000000142 ) ) ;
#512 = ORIENTED_EDGE ( 'NONE', *, *, #11221, .T. ) ;
#513 = AXIS2_PLACEMENT_3D ( 'NONE', #92, #2781, #4546 ) ;
#514 = ORIENTED_EDGE ( 'NONE', *, *, #7147, .F. ) ;
#515 = DIRECTION ( 'NONE',  ( 0.000000000000000000, 1.000000000000000000, 0.000000000000000000 ) ) ;
#516 = VERTEX_POINT ( 'NONE', #8795 ) ;
#517 = EDGE_CURVE ( 'NONE', #115, #9270, #2290, .T. ) ;
#518 = LINE ( 'NONE', #10011, #8586 ) ;
#519 = AXIS2_PLACEMENT_3D ( 'NONE', #10569, #1533, #8859 ) ;
#520 = PLANE ( 'NONE',  #4112 ) ;
#521 = CARTESIAN_POINT ( 'NONE',  ( -1.634777130550480573, 1.103909596859301789, 0.1000000000000000056 ) ) ;
#522 = FACE_OUTER_BOUND ( 'NONE', #7895, .T. ) ;
#523 = EDGE_CURVE ( 'NONE', #8151, #3958, #9799, .T. ) ;
#524 = FACE_OUTER_BOUND ( 'NONE', #10504, .T. ) ;
#525 = PRESENTATION_STYLE_ASSIGNMENT (( #6852 ) ) ;
#526 = ORIENTED_EDGE ( 'NONE', *, *, #8291, .T. ) ;
#527 = DIRECTION ( 'NONE',  ( -0.1736481776669316357, 0.000000000000000000, 0.9848077530122077983 ) ) ;
#528 = FACE_OUTER_BOUND ( 'NONE', #3469, .T. ) ;
#529 = LINE ( 'NONE', #11095, #4368 ) ;
#530 = EDGE_LOOP ( 'NONE', ( #10220, #9437, #8677, #10027 ) ) ;
#531 = ADVANCED_FACE ( 'NONE', ( #5813 ), #71, .T. ) ;
#532 = DIRECTION ( 'NONE',  ( 0.1736481776669298038, 0.000000000000000000, -0.9848077530122082424 ) ) ;
#533 = CARTESIAN_POINT ( 'NONE',  ( 13.51522286944952000, 4.799999999999999822, 0.09999999999999982514 ) ) ;
#534 = EDGE_LOOP ( 'NONE', ( #5696, #5229, #1500, #5438 ) ) ;
#535 = CARTESIAN_POINT ( 'NONE',  ( -15.00000000000000000, 4.799999999999999822, 3.500000000000000444 ) ) ;
#536 = CARTESIAN_POINT ( 'NONE',  ( 14.99999999999999822, 4.799999999999999822, 3.025000000000000799 ) ) ;
#537 = ORIENTED_EDGE ( 'NONE', *, *, #10827, .T. ) ;
#538 = CARTESIAN_POINT ( 'NONE',  ( 1.634777130550475466, 5.799999999999999822, -0.09999999999999982514 ) ) ;
#539 = LINE ( 'NONE', #3498, #4647 ) ;
#540 = CARTESIAN_POINT ( 'NONE',  ( 8.000000000000000000, 4.799999999999999822, 0.000000000000000000 ) ) ;
#541 = FACE_OUTER_BOUND ( 'NONE', #6032, .T. ) ;
#542 = FACE_OUTER_BOUND ( 'NONE', #10123, .T. ) ;
#543 = VECTOR ( 'NONE', #35, 1000.000000000000000 ) ;
#544 = VERTEX_POINT ( 'NONE', #985 ) ;
#545 = EDGE_CURVE ( 'NONE', #4868, #6023, #9998, .T. ) ;
#546 = VECTOR ( 'NONE', #3092, 1000.000000000000000 ) ;
#547 = AXIS2_PLACEMENT_3D ( 'NONE', #1023, #10795, #10573 ) ;
#548 = VECTOR ( 'NONE', #8961, 1000.000000000000000 ) ;
#549 = CARTESIAN_POINT ( 'NONE',  ( -12.71262581266359248, 1.103909596859301789, -3.500000000000000000 ) ) ;
#550 = DIRECTION ( 'NONE',  ( -1.000000000000000000, 0.000000000000000000, 1.630660900174879311E-16 ) ) ;
#551 = EDGE_LOOP ( 'NONE', ( #6307, #10785 ) ) ;
#552 = ORIENTED_EDGE ( 'NONE', *, *, #2889, .T. ) ;
#553 = DIRECTION ( 'NONE',  ( 0.000000000000000000, 0.000000000000000000, 1.000000000000000000 ) ) ;
#554 = ADVANCED_FACE ( 'NONE', ( #2037 ), #1873, .F. ) ;
#555 = CARTESIAN_POINT ( 'NONE',  ( -3.809999999999999609, -15.53639610306789187, -3.810000000000000941 ) ) ;
#556 = CARTESIAN_POINT ( 'NONE',  ( 6.999999999999997335, 4.799999999999999822, -3.500000000000000444 ) ) ;
#557 = ADVANCED_FACE ( 'NONE', ( #5993 ), #9916, .T. ) ;
#558 = ORIENTED_EDGE ( 'NONE', *, *, #8189, .T. ) ;
#559 = AXIS2_PLACEMENT_3D ( 'NONE', #10178, #1966, #9077 ) ;
#560 = VECTOR ( 'NONE', #11002, 1000.000000000000000 ) ;
#561 = CARTESIAN_POINT ( 'NONE',  ( 1.634777130550475466, 4.799999999999999822, -0.09999999999999982514 ) ) ;
#562 = CARTESIAN_POINT ( 'NONE',  ( -1.000000000000002665, 5.799999999999999822, 3.025000000000000799 ) ) ;
#563 = AXIS2_PLACEMENT_3D ( 'NONE', #3467, #6395, #10753 ) ;
#564 = LINE ( 'NONE', #11058, #607 ) ;
#565 = CARTESIAN_POINT ( 'NONE',  ( 8.000000000000000000, 4.799999999999999822, 0.000000000000000000 ) ) ;
#566 = DIRECTION ( 'NONE',  ( 0.1736481776669312471, 0.000000000000000000, -0.9848077530122079093 ) ) ;
#567 = LINE ( 'NONE', #4233, #8232 ) ;
#568 = FACE_OUTER_BOUND ( 'NONE', #61, .T. ) ;
#569 = EDGE_LOOP ( 'NONE', ( #3005, #2400, #9400, #10667 ) ) ;
#570 = PLANE ( 'NONE',  #8485 ) ;
#571 = VECTOR ( 'NONE', #10502, 1000.000000000000000 ) ;
#572 = EDGE_CURVE ( 'NONE', #3124, #4010, #10028, .T. ) ;
#573 = LINE ( 'NONE', #2002, #697 ) ;
#574 = CARTESIAN_POINT ( 'NONE',  ( -6.999999999999999112, 1.103909596859301789, 3.500000000000000444 ) ) ;
#575 = ORIENTED_EDGE ( 'NONE', *, *, #3721, .T. ) ;
#576 = ORIENTED_EDGE ( 'NONE', *, *, #3430, .F. ) ;
#577 = CARTESIAN_POINT ( 'NONE',  ( 3.810000000000000941, -15.53639610306789187, 3.584999999999999964 ) ) ;
#578 = ORIENTED_EDGE ( 'NONE', *, *, #5287, .T. ) ;
#579 = CARTESIAN_POINT ( 'NONE',  ( 1.000000000000000888, 4.799999999999999822, 3.500000000000000444 ) ) ;
#580 = ADVANCED_FACE ( 'NONE', ( #5891 ), #4371, .F. ) ;
#581 =( NAMED_UNIT ( * ) PLANE_ANGLE_UNIT ( ) SI_UNIT ( $, .RADIAN. ) );
#582 = CARTESIAN_POINT ( 'NONE',  ( 0.000000000000000000, 4.799999999999999822, 0.000000000000000000 ) ) ;
#583 = AXIS2_PLACEMENT_3D ( 'NONE', #5372, #9915, #144 ) ;
#584 = FACE_OUTER_BOUND ( 'NONE', #6974, .T. ) ;
#585 = COLOUR_RGB ( '',0.7921568627450980005, 0.8196078431372548767, 0.9333333333333333481 ) ;
#586 = EDGE_CURVE ( 'NONE', #7661, #7559, #9693, .T. ) ;
#587 = ORIENTED_EDGE ( 'NONE', *, *, #11503, .F. ) ;
#588 = VERTEX_POINT ( 'NONE', #3856 ) ;
#589 = DIRECTION ( 'NONE',  ( 1.000000000000000000, 0.000000000000000000, -2.072739447398754025E-16 ) ) ;
#590 = VECTOR ( 'NONE', #7044, 1000.000000000000000 ) ;
#591 = VECTOR ( 'NONE', #2234, 999.9999999999998863 ) ;
#592 = PLANE ( 'NONE',  #8764 ) ;
#593 = FILL_AREA_STYLE ('',( #10618 ) ) ;
#594 = DIRECTION ( 'NONE',  ( 0.000000000000000000, -0.000000000000000000, -1.000000000000000000 ) ) ;
#595 = EDGE_CURVE ( 'NONE', #3807, #315, #5832, .T. ) ;
#596 = EDGE_LOOP ( 'NONE', ( #10139, #11148, #5995, #10828 ) ) ;
#597 = VERTEX_POINT ( 'NONE', #2252 ) ;
#598 = AXIS2_PLACEMENT_3D ( 'NONE', #6958, #843, #10630 ) ;
#599 = DIRECTION ( 'NONE',  ( -1.000000000000000000, 0.000000000000000000, 0.000000000000000000 ) ) ;
#600 = CARTESIAN_POINT ( 'NONE',  ( 1.270000000000000240, 0.5000000000000000000, -3.585000000000000853 ) ) ;
#601 = CARTESIAN_POINT ( 'NONE',  ( -13.24601492930670155, 4.799999999999999822, -0.4749999999999989231 ) ) ;
#602 = DIRECTION ( 'NONE',  ( 0.000000000000000000, 0.000000000000000000, -1.000000000000000000 ) ) ;
#603 = ORIENTED_EDGE ( 'NONE', *, *, #3446, .F. ) ;
#604 = LINE ( 'NONE', #3957, #626 ) ;
#605 = CARTESIAN_POINT ( 'NONE',  ( 5.946914677622842760, 5.799999999999999822, -3.500000000000000444 ) ) ;
#606 = CARTESIAN_POINT ( 'NONE',  ( 14.99999999999999822, 4.799999999999999822, 2.550000000000000266 ) ) ;
#607 = VECTOR ( 'NONE', #9282, 1000.000000000000000 ) ;
#608 = VECTOR ( 'NONE', #1281, 1000.000000000000000 ) ;
#609 = VECTOR ( 'NONE', #7718, 1000.000000000000000 ) ;
#610 = ADVANCED_FACE ( 'NONE', ( #2303 ), #3066, .T. ) ;
#611 = ORIENTED_EDGE ( 'NONE', *, *, #7818, .F. ) ;
#612 = CARTESIAN_POINT ( 'NONE',  ( -16.10000000000000142, 5.799999999999999822, 5.099999999999999645 ) ) ;
#613 = ADVANCED_FACE ( 'NONE', ( #10010 ), #10225, .F. ) ;
#614 = LINE ( 'NONE', #5013, #815 ) ;
#615 = FACE_BOUND ( 'NONE', #1099, .T. ) ;
#616 = AXIS2_PLACEMENT_3D ( 'NONE', #1355, #9464, #492 ) ;
#617 = ORIENTED_EDGE ( 'NONE', *, *, #6761, .T. ) ;
#618 = CARTESIAN_POINT ( 'NONE',  ( -6.999999999999999112, 4.799999999999999822, 3.500000000000000444 ) ) ;
#619 = CARTESIAN_POINT ( 'NONE',  ( -2.234288864959264931, 5.799999999999999822, 3.500000000000000000 ) ) ;
#620 = VERTEX_POINT ( 'NONE', #367 ) ;
#621 = DIRECTION ( 'NONE',  ( -1.000000000000000000, 0.000000000000000000, 4.280484862959055418E-16 ) ) ;
#622 = CARTESIAN_POINT ( 'NONE',  ( -3.809999999999999609, 0.5000000000000000000, -3.585000000000000853 ) ) ;
#623 = DIRECTION ( 'NONE',  ( 1.000000000000000000, 0.000000000000000000, 0.000000000000000000 ) ) ;
#624 = ORIENTED_EDGE ( 'NONE', *, *, #10648, .T. ) ;
#625 = DIRECTION ( 'NONE',  ( -0.1736481776669316357, 0.000000000000000000, 0.9848077530122077983 ) ) ;
#626 = VECTOR ( 'NONE', #2124, 1000.000000000000000 ) ;
#627 = FACE_OUTER_BOUND ( 'NONE', #7748, .T. ) ;
#628 = VECTOR ( 'NONE', #913, 1000.000000000000000 ) ;
#629 = SURFACE_STYLE_FILL_AREA ( #7477 ) ;
#630 = ORIENTED_EDGE ( 'NONE', *, *, #1113, .T. ) ;
#631 = FACE_BOUND ( 'NONE', #96, .T. ) ;
#632 = EDGE_CURVE ( 'NONE', #6325, #4816, #6157, .T. ) ;
#633 = EDGE_CURVE ( 'NONE', #6211, #8601, #6050, .T. ) ;
#634 =( NAMED_UNIT ( * ) PLANE_ANGLE_UNIT ( ) SI_UNIT ( $, .RADIAN. ) );
#635 = DIRECTION ( 'NONE',  ( 0.1736481776669313026, 0.000000000000000000, -0.9848077530122079093 ) ) ;
#636 = ORIENTED_EDGE ( 'NONE', *, *, #6932, .T. ) ;
#637 = CARTESIAN_POINT ( 'NONE',  ( -3.119863555663371812, 5.799999999999999822, 2.550000000000000711 ) ) ;
#638 = ADVANCED_FACE ( 'NONE', ( #5851 ), #11181, .T. ) ;
#639 = ORIENTED_EDGE ( 'NONE', *, *, #8855, .T. ) ;
#640 = CARTESIAN_POINT ( 'NONE',  ( 16.09999999999999787, 0.5000000000000000000, -4.350000000000000533 ) ) ;
#641 = CARTESIAN_POINT ( 'NONE',  ( -6.349999999999999645, 0.5000000000000000000, 3.584999999999999964 ) ) ;
#642 = DIRECTION ( 'NONE',  ( 0.000000000000000000, 0.000000000000000000, -1.000000000000000000 ) ) ;
#643 = VERTEX_POINT ( 'NONE', #9985 ) ;
#644 = VECTOR ( 'NONE', #7315, 1000.000000000000000 ) ;
#645 = DIRECTION ( 'NONE',  ( 1.000000000000000000, 0.000000000000000000, -0.000000000000000000 ) ) ;
#646 = DIRECTION ( 'NONE',  ( 0.1736481776669307753, 0.000000000000000000, -0.9848077530122080203 ) ) ;
#647 = DIRECTION ( 'NONE',  ( 0.000000000000000000, 1.000000000000000000, 0.000000000000000000 ) ) ;
#648 = AXIS2_PLACEMENT_3D ( 'NONE', #3245, #5041, #635 ) ;
#649 =( NAMED_UNIT ( * ) SI_UNIT ( $, .STERADIAN. ) SOLID_ANGLE_UNIT ( ) );
#650 = CIRCLE ( 'NONE', #1145, 0.2249999999999999500 ) ;
#651 = DIRECTION ( 'NONE',  ( 0.000000000000000000, -1.000000000000000000, -0.000000000000000000 ) ) ;
#652 = LINE ( 'NONE', #5382, #4405 ) ;
#653 = VERTEX_POINT ( 'NONE', #6476 ) ;
#654 = FACE_OUTER_BOUND ( 'NONE', #8510, .T. ) ;
#655 = EDGE_CURVE ( 'NONE', #10094, #393, #2175, .T. ) ;
#656 = FACE_BOUND ( 'NONE', #2923, .T. ) ;
#657 = AXIS2_PLACEMENT_3D ( 'NONE', #11254, #10475, #532 ) ;
#658 = STYLED_ITEM ( 'NONE', ( #4656 ), #880 ) ;
#659 = ORIENTED_EDGE ( 'NONE', *, *, #8162, .F. ) ;
#660 = EDGE_CURVE ( 'NONE', #6245, #2522, #5908, .T. ) ;
#661 = ORIENTED_EDGE ( 'NONE', *, *, #6070, .F. ) ;
#662 = ADVANCED_FACE ( 'NONE', ( #2103 ), #7360, .F. ) ;
#663 = ORIENTED_EDGE ( 'NONE', *, *, #7389, .T. ) ;
#664 = PLANE ( 'NONE',  #8407 ) ;
#665 = ORIENTED_EDGE ( 'NONE', *, *, #11423, .F. ) ;
#666 = CARTESIAN_POINT ( 'NONE',  ( -13.94691467762285164, 4.799999999999999822, 3.500000000000000444 ) ) ;
#667 = LINE ( 'NONE', #10929, #862 ) ;
#668 = PLANE ( 'NONE',  #1016 ) ;
#669 = EDGE_CURVE ( 'NONE', #7974, #8582, #5954, .T. ) ;
#670 = VECTOR ( 'NONE', #8327, 1000.000000000000000 ) ;
#671 = VECTOR ( 'NONE', #11417, 1000.000000000000000 ) ;
#672 = DIRECTION ( 'NONE',  ( -0.9848077530122081313, 0.000000000000000000, -0.1736481776669303034 ) ) ;
#673 = EDGE_LOOP ( 'NONE', ( #8111, #8789, #1243, #1315 ) ) ;
#674 = DIRECTION ( 'NONE',  ( 0.000000000000000000, 0.000000000000000000, 1.000000000000000000 ) ) ;
#675 = VECTOR ( 'NONE', #9970, 999.9999999999998863 ) ;
#676 = CARTESIAN_POINT ( 'NONE',  ( 2.220595954050192056, 5.799999999999999822, 2.550000000000001155 ) ) ;
#677 = CARTESIAN_POINT ( 'NONE',  ( -16.10000000000000142, 0.000000000000000000, 5.099999999999999645 ) ) ;
#678 = EDGE_CURVE ( 'NONE', #5301, #5694, #9890, .T. ) ;
#679 = CARTESIAN_POINT ( 'NONE',  ( -10.22059595405019827, 5.799999999999999822, -2.550000000000000711 ) ) ;
#680 = VERTEX_POINT ( 'NONE', #6054 ) ;
#681 = VERTEX_POINT ( 'NONE', #3493 ) ;
#682 = VERTEX_POINT ( 'NONE', #774 ) ;
#683 = DIRECTION ( 'NONE',  ( 0.000000000000000000, 1.000000000000000000, 0.000000000000000000 ) ) ;
#684 = EDGE_CURVE ( 'NONE', #1189, #10691, #2236, .T. ) ;
#685 = AXIS2_PLACEMENT_3D ( 'NONE', #6291, #2721, #3577 ) ;
#686 = CARTESIAN_POINT ( 'NONE',  ( 5.246014929306694441, 1.103909596859301789, 0.4749999999999995892 ) ) ;
#687 = CARTESIAN_POINT ( 'NONE',  ( 3.810000000000000941, -15.53639610306789187, -3.585000000000000853 ) ) ;
#688 = ORIENTED_EDGE ( 'NONE', *, *, #9191, .T. ) ;
#689 = ADVANCED_FACE ( 'NONE', ( #9504 ), #2471, .F. ) ;
#690 = FACE_OUTER_BOUND ( 'NONE', #10484, .T. ) ;
#691 = FILL_AREA_STYLE ('',( #10470 ) ) ;
#692 = FACE_OUTER_BOUND ( 'NONE', #4765, .T. ) ;
#693 = LINE ( 'NONE', #7972, #8374 ) ;
#694 = AXIS2_PLACEMENT_3D ( 'NONE', #5107, #6651, #3937 ) ;
#695 = VERTEX_POINT ( 'NONE', #8606 ) ;
#696 = LINE ( 'NONE', #4037, #8640 ) ;
#697 = VECTOR ( 'NONE', #1282, 1000.000000000000000 ) ;
#698 = ORIENTED_EDGE ( 'NONE', *, *, #795, .F. ) ;
#699 = DIRECTION ( 'NONE',  ( 0.000000000000000000, -1.000000000000000000, -0.000000000000000000 ) ) ;
#700 = ORIENTED_EDGE ( 'NONE', *, *, #1923, .T. ) ;
#701 = VERTEX_POINT ( 'NONE', #8691 ) ;
#702 = FILL_AREA_STYLE_COLOUR ( '', #3845 ) ;
#703 = DIRECTION ( 'NONE',  ( 0.000000000000000000, 0.000000000000000000, -1.000000000000000000 ) ) ;
#704 = PLANE ( 'NONE',  #10009 ) ;
#705 = EDGE_CURVE ( 'NONE', #10989, #8981, #4600, .T. ) ;
#706 = ORIENTED_EDGE ( 'NONE', *, *, #9237, .T. ) ;
#707 = AXIS2_PLACEMENT_3D ( 'NONE', #9556, #8760, #6800 ) ;
#708 = CARTESIAN_POINT ( 'NONE',  ( 10.58647443902025564, 4.799999999999999822, 0.4750000000000004774 ) ) ;
#709 = FACE_OUTER_BOUND ( 'NONE', #10248, .T. ) ;
#710 = DIRECTION ( 'NONE',  ( 0.1736481776669312749, 0.000000000000000000, -0.9848077530122079093 ) ) ;
#711 = LINE ( 'NONE', #9675, #4441 ) ;
#712 = VECTOR ( 'NONE', #1512, 1000.000000000000114 ) ;
#713 = LINE ( 'NONE', #2361, #4499 ) ;
#714 = ORIENTED_EDGE ( 'NONE', *, *, #5962, .F. ) ;
#715 = ORIENTED_EDGE ( 'NONE', *, *, #6371, .T. ) ;
#716 = ADVANCED_FACE ( 'NONE', ( #8659 ), #7981, .T. ) ;
#717 = FACE_OUTER_BOUND ( 'NONE', #9712, .T. ) ;
#718 = AXIS2_PLACEMENT_3D ( 'NONE', #4622, #10252, #2042 ) ;
#719 = DIRECTION ( 'NONE',  ( 2.072739447398762653E-16, 0.000000000000000000, 1.000000000000000000 ) ) ;
#720 = DIRECTION ( 'NONE',  ( -0.1736481776669316635, 0.000000000000000000, 0.9848077530122076872 ) ) ;
#721 = AXIS2_PLACEMENT_3D ( 'NONE', #1738, #8926, #6419 ) ;
#722 = VERTEX_POINT ( 'NONE', #10391 ) ;
#723 = CARTESIAN_POINT ( 'NONE',  ( 12.91571113504073587, 4.799999999999999822, 3.499999999999999556 ) ) ;
#724 = ORIENTED_EDGE ( 'NONE', *, *, #8629, .F. ) ;
#725 = CARTESIAN_POINT ( 'NONE',  ( 6.149999999999997691, 4.799999999999999822, -3.500000000000000444 ) ) ;
#726 = CLOSED_SHELL ( 'NONE', ( #7704, #1157, #8623, #11237 ) ) ;
#727 = CARTESIAN_POINT ( 'NONE',  ( 2.449511734408783337, 1.103909596859301789, 0.1000000000000000056 ) ) ;
#728 = VECTOR ( 'NONE', #8217, 1000.000000000000000 ) ;
#729 = EDGE_CURVE ( 'NONE', #241, #10441, #614, .T. ) ;
#730 = DIRECTION ( 'NONE',  ( -1.000000000000000000, 0.000000000000000000, 0.000000000000000000 ) ) ;
#731 = CARTESIAN_POINT ( 'NONE',  ( 13.77940404594980173, 5.799999999999999822, -2.550000000000000711 ) ) ;
#732 = DIRECTION ( 'NONE',  ( 0.000000000000000000, -0.000000000000000000, 1.000000000000000000 ) ) ;
#733 = DIRECTION ( 'NONE',  ( 2.072739447398758462E-16, 0.000000000000000000, -1.000000000000000000 ) ) ;
#734 = STYLED_ITEM ( 'NONE', ( #2445 ), #4107 ) ;
#735 = DIRECTION ( 'NONE',  ( 0.000000000000000000, 0.000000000000000000, -1.000000000000000000 ) ) ;
#736 =( NAMED_UNIT ( * ) SI_UNIT ( $, .STERADIAN. ) SOLID_ANGLE_UNIT ( ) );
#737 = VECTOR ( 'NONE', #9249, 1000.000000000000114 ) ;
#738 = LINE ( 'NONE', #112, #463 ) ;
#739 = ORIENTED_EDGE ( 'NONE', *, *, #4266, .T. ) ;
#740 = VERTEX_POINT ( 'NONE', #2396 ) ;
#741 = VECTOR ( 'NONE', #4272, 1000.000000000000000 ) ;
#742 = VECTOR ( 'NONE', #1201, 1000.000000000000000 ) ;
#743 = ORIENTED_EDGE ( 'NONE', *, *, #2233, .T. ) ;
#744 = VERTEX_POINT ( 'NONE', #3384 ) ;
#745 = AXIS2_PLACEMENT_3D ( 'NONE', #1534, #11332, #703 ) ;
#746 = ORIENTED_EDGE ( 'NONE', *, *, #4539, .T. ) ;
#747 = PLANE ( 'NONE',  #1598 ) ;
#748 = EDGE_CURVE ( 'NONE', #10731, #682, #8680, .T. ) ;
#749 = DIRECTION ( 'NONE',  ( -0.9848077530122080203, 0.000000000000000000, -0.1736481776669307475 ) ) ;
#750 = LINE ( 'NONE', #1823, #4709 ) ;
#751 = PLANE ( 'NONE',  #7383 ) ;
#752 = PLANE ( 'NONE',  #5321 ) ;
#753 = EDGE_CURVE ( 'NONE', #11281, #432, #8597, .T. ) ;
#754 = PRESENTATION_STYLE_ASSIGNMENT (( #4421 ) ) ;
#755 = VECTOR ( 'NONE', #8394, 999.9999999999998863 ) ;
#756 = MECHANICAL_DESIGN_GEOMETRIC_PRESENTATION_REPRESENTATION (  '', ( #10371 ), #899 ) ;
#757 = ORIENTED_EDGE ( 'NONE', *, *, #9783, .F. ) ;
#758 = ORIENTED_EDGE ( 'NONE', *, *, #6096, .T. ) ;
#759 = DIRECTION ( 'NONE',  ( 0.1736481776669298038, 0.000000000000000000, -0.9848077530122082424 ) ) ;
#760 = VECTOR ( 'NONE', #4870, 1000.000000000000000 ) ;
#761 = CARTESIAN_POINT ( 'NONE',  ( 6.350000000000001421, 0.5000000000000000000, 3.810000000000000053 ) ) ;
#762 = ORIENTED_EDGE ( 'NONE', *, *, #1615, .F. ) ;
#763 = VERTEX_POINT ( 'NONE', #10414 ) ;
#764 = ORIENTED_EDGE ( 'NONE', *, *, #8684, .T. ) ;
#765 = DIRECTION ( 'NONE',  ( 0.000000000000000000, 1.000000000000000000, 0.000000000000000000 ) ) ;
#766 = DIRECTION ( 'NONE',  ( 0.1736481776669312749, 0.000000000000000000, -0.9848077530122079093 ) ) ;
#767 = LINE ( 'NONE', #4400, #8547 ) ;
#768 = DIRECTION ( 'NONE',  ( 0.000000000000000000, 1.000000000000000000, 0.000000000000000000 ) ) ;
#769 = CARTESIAN_POINT ( 'NONE',  ( -14.36522286944952498, 1.103909596859301789, -0.09999999999999982514 ) ) ;
#770 = LINE ( 'NONE', #6833, #8590 ) ;
#771 = VECTOR ( 'NONE', #2457, 1000.000000000000000 ) ;
#772 = ORIENTED_EDGE ( 'NONE', *, *, #7919, .F. ) ;
#773 = ORIENTED_EDGE ( 'NONE', *, *, #10903, .T. ) ;
#774 = CARTESIAN_POINT ( 'NONE',  ( 9.599511734408782360, 5.799999999999999822, 0.09999999999999982514 ) ) ;
#775 = SURFACE_STYLE_FILL_AREA ( #2504 ) ;
#776 = ORIENTED_EDGE ( 'NONE', *, *, #7077, .T. ) ;
#777 = ORIENTED_EDGE ( 'NONE', *, *, #1544, .F. ) ;
#778 = EDGE_LOOP ( 'NONE', ( #237, #233, #688, #4245 ) ) ;
#779 = DIRECTION ( 'NONE',  ( 0.1736481776669298316, 0.000000000000000000, -0.9848077530122082424 ) ) ;
#780 = MECHANICAL_DESIGN_GEOMETRIC_PRESENTATION_REPRESENTATION (  '', ( #3946 ), #7573 ) ;
#781 = CARTESIAN_POINT ( 'NONE',  ( 1.599511734408781694, 4.799999999999999822, 0.09999999999999982514 ) ) ;
#782 = ADVANCED_FACE ( 'NONE', ( #949 ), #8573, .F. ) ;
#783 = CARTESIAN_POINT ( 'NONE',  ( -3.119863555663371812, 1.103909596859301789, 2.550000000000000711 ) ) ;
#784 = EDGE_CURVE ( 'NONE', #10456, #10983, #4445, .T. ) ;
#785 = SURFACE_STYLE_FILL_AREA ( #8413 ) ;
#786 = LINE ( 'NONE', #5246, #608 ) ;
#787 = VERTEX_POINT ( 'NONE', #8465 ) ;
#788 = ORIENTED_EDGE ( 'NONE', *, *, #8589, .T. ) ;
#789 = VECTOR ( 'NONE', #2344, 1000.000000000000114 ) ;
#790 = MANIFOLD_SOLID_BREP ( 'Boss-Extrude2[4]', #377 ) ;
#791 = DIRECTION ( 'NONE',  ( 0.1736481776669307753, -0.000000000000000000, -0.9848077530122080203 ) ) ;
#792 = FILL_AREA_STYLE_COLOUR ( '', #1264 ) ;
#793 = DIRECTION ( 'NONE',  ( -0.000000000000000000, 1.000000000000000000, -0.000000000000000000 ) ) ;
#794 = EDGE_LOOP ( 'NONE', ( #10837, #2756, #6563, #1902 ) ) ;
#795 = EDGE_CURVE ( 'NONE', #8668, #1357, #8619, .T. ) ;
#796 = ORIENTED_EDGE ( 'NONE', *, *, #4370, .F. ) ;
#797 = CARTESIAN_POINT ( 'NONE',  ( -6.400488265591218529, 4.799999999999999822, 0.09999999999999982514 ) ) ;
#798 = EDGE_LOOP ( 'NONE', ( #5351, #6641, #5910, #877 ) ) ;
#799 = CARTESIAN_POINT ( 'NONE',  ( 8.000000000000000000, 4.799999999999999822, 0.000000000000000000 ) ) ;
#800 = AXIS2_PLACEMENT_3D ( 'NONE', #7782, #1471, #11345 ) ;
#801 = DIRECTION ( 'NONE',  ( 0.1736481776669298316, 0.000000000000000000, -0.9848077530122082424 ) ) ;
#802 = EDGE_CURVE ( 'NONE', #4550, #8563, #4519, .T. ) ;
#803 = DIRECTION ( 'NONE',  ( -1.630660900174879311E-16, 0.000000000000000000, -1.000000000000000000 ) ) ;
#804 = AXIS2_PLACEMENT_3D ( 'NONE', #995, #834, #1876 ) ;
#805 = CARTESIAN_POINT ( 'NONE',  ( -2.053085322377157684, 4.799999999999999822, -3.500000000000000444 ) ) ;
#806 = FACE_OUTER_BOUND ( 'NONE', #6296, .T. ) ;
#807 = CARTESIAN_POINT ( 'NONE',  ( -14.40048826559121942, 4.799999999999999822, 0.09999999999999982514 ) ) ;
#808 = EDGE_CURVE ( 'NONE', #4467, #1751, #8428, .T. ) ;
#809 = DIRECTION ( 'NONE',  ( -1.000000000000000000, -0.000000000000000000, -2.072739447398758462E-16 ) ) ;
#810 = VECTOR ( 'NONE', #1952, 1000.000000000000000 ) ;
#811 = EDGE_CURVE ( 'NONE', #4184, #10294, #696, .T. ) ;
#812 = ORIENTED_EDGE ( 'NONE', *, *, #4908, .F. ) ;
#813 = VERTEX_POINT ( 'NONE', #641 ) ;
#814 = ADVANCED_FACE ( 'NONE', ( #4387 ), #3455, .F. ) ;
#815 = VECTOR ( 'NONE', #2632, 1000.000000000000114 ) ;
#816 = CARTESIAN_POINT ( 'NONE',  ( 10.22059595405019117, 4.799999999999999822, 2.550000000000001155 ) ) ;
#817 = EDGE_LOOP ( 'NONE', ( #6212, #1857, #6232, #1341 ) ) ;
#818 = ORIENTED_EDGE ( 'NONE', *, *, #11447, .T. ) ;
#819 = VERTEX_POINT ( 'NONE', #5212 ) ;
#820 = EDGE_CURVE ( 'NONE', #8341, #2073, #8258, .T. ) ;
#821 = DIRECTION ( 'NONE',  ( 0.000000000000000000, 1.000000000000000000, 0.000000000000000000 ) ) ;
#823 = EDGE_CURVE ( 'NONE', #8151, #3774, #8297, .T. ) ;
#822 = DIRECTION ( 'NONE',  ( 0.1736481776669313026, 0.000000000000000000, -0.9848077530122080203 ) ) ;
#824 = LINE ( 'NONE', #6906, #4651 ) ;
#825 = LINE ( 'NONE', #7444, #4652 ) ;
#826 = SURFACE_STYLE_FILL_AREA ( #11152 ) ;
#827 = CARTESIAN_POINT ( 'NONE',  ( 2.586474439020256089, 4.799999999999999822, 0.4750000000000004774 ) ) ;
#828 = ORIENTED_EDGE ( 'NONE', *, *, #9510, .F. ) ;
#829 = VERTEX_POINT ( 'NONE', #9677 ) ;
#830 = EDGE_CURVE ( 'NONE', #8742, #10860, #8336, .T. ) ;
#831 = VECTOR ( 'NONE', #11355, 1000.000000000000000 ) ;
#832 = AXIS2_PLACEMENT_3D ( 'NONE', #10988, #3556, #5527 ) ;
#833 = VECTOR ( 'NONE', #10596, 1000.000000000000000 ) ;
#834 = DIRECTION ( 'NONE',  ( 2.072739447398758462E-16, 0.000000000000000000, -1.000000000000000000 ) ) ;
#835 = SURFACE_SIDE_STYLE ('',( #6275 ) ) ;
#836 = CARTESIAN_POINT ( 'NONE',  ( -1.000000000000002665, 4.799999999999999822, -3.500000000000000444 ) ) ;
#837 = VERTEX_POINT ( 'NONE', #10418 ) ;
#838 = ADVANCED_FACE ( 'NONE', ( #8404 ), #5126, .T. ) ;
#839 = VERTEX_POINT ( 'NONE', #8558 ) ;
#840 = ORIENTED_EDGE ( 'NONE', *, *, #476, .F. ) ;
#841 = UNCERTAINTY_MEASURE_WITH_UNIT (LENGTH_MEASURE( 1.000000000000000082E-05 ), #6793, 'distance_accuracy_value', 'NONE');
#842 = CARTESIAN_POINT ( 'NONE',  ( 14.99999999999999822, 5.799999999999999822, 3.025000000000000799 ) ) ;
#843 = DIRECTION ( 'NONE',  ( -0.9848077530122081313, 0.000000000000000000, -0.1736481776669303034 ) ) ;
#844 = FACE_OUTER_BOUND ( 'NONE', #6819, .T. ) ;
#845 = PLANE ( 'NONE',  #513 ) ;
#846 = DIRECTION ( 'NONE',  ( -0.000000000000000000, 1.000000000000000000, -0.000000000000000000 ) ) ;
#847 = VECTOR ( 'NONE', #11390, 1000.000000000000000 ) ;
#848 = ORIENTED_EDGE ( 'NONE', *, *, #8871, .T. ) ;
#849 = ORIENTED_EDGE ( 'NONE', *, *, #3848, .T. ) ;
#850 = DIRECTION ( 'NONE',  ( 1.000000000000000000, 0.000000000000000000, -0.000000000000000000 ) ) ;
#851 = CARTESIAN_POINT ( 'NONE',  ( 5.550488265591215331, 4.799999999999999822, -0.09999999999999982514 ) ) ;
#852 = LINE ( 'NONE', #10746, #4446 ) ;
#853 = ORIENTED_EDGE ( 'NONE', *, *, #9801, .F. ) ;
#854 = DIRECTION ( 'NONE',  ( -0.1736481776669302757, 0.000000000000000000, 0.9848077530122080203 ) ) ;
#855 = ORIENTED_EDGE ( 'NONE', *, *, #8929, .T. ) ;
#856 = ADVANCED_FACE ( 'NONE', ( #654 ), #6910, .T. ) ;
#857 = VERTEX_POINT ( 'NONE', #9444 ) ;
#858 = CARTESIAN_POINT ( 'NONE',  ( 13.76571113504073551, 5.799999999999999822, 3.500000000000000000 ) ) ;
#859 = ORIENTED_EDGE ( 'NONE', *, *, #11295, .T. ) ;
#860 = DIRECTION ( 'NONE',  ( 0.000000000000000000, 0.000000000000000000, -1.000000000000000000 ) ) ;
#861 = CARTESIAN_POINT ( 'NONE',  ( -13.55048826559121622, 1.103909596859301789, 0.1000000000000000056 ) ) ;
#862 = VECTOR ( 'NONE', #9944, 999.9999999999998863 ) ;
#863 = AXIS2_PLACEMENT_3D ( 'NONE', #9819, #8799, #5490 ) ;
#864 = FACE_OUTER_BOUND ( 'NONE', #11033, .T. ) ;
#865 = VERTEX_POINT ( 'NONE', #6672 ) ;
#866 = EDGE_LOOP ( 'NONE', ( #4817, #7742, #6126, #11177 ) ) ;
#867 = CARTESIAN_POINT ( 'NONE',  ( 12.91571113504073587, 4.799999999999999822, 3.499999999999999556 ) ) ;
#868 = LINE ( 'NONE', #3394, #4616 ) ;
#869 = EDGE_CURVE ( 'NONE', #7036, #11438, #8535, .T. ) ;
#870 = CARTESIAN_POINT ( 'NONE',  ( -13.55048826559121622, 1.103909596859301789, 0.1000000000000000056 ) ) ;
#871 = ORIENTED_EDGE ( 'NONE', *, *, #7891, .F. ) ;
#872 = DIRECTION ( 'NONE',  ( 0.000000000000000000, 1.000000000000000000, 0.000000000000000000 ) ) ;
#873 = ORIENTED_EDGE ( 'NONE', *, *, #1858, .T. ) ;
#874 = DIRECTION ( 'NONE',  ( 1.000000000000000000, 0.000000000000000000, -3.465154412871614037E-16 ) ) ;
#875 = ORIENTED_EDGE ( 'NONE', *, *, #7760, .F. ) ;
#876 = DIRECTION ( 'NONE',  ( 0.9848077530122079093, 0.000000000000000000, 0.1736481776669312749 ) ) ;
#877 = ORIENTED_EDGE ( 'NONE', *, *, #2817, .T. ) ;
#878 = DIRECTION ( 'NONE',  ( -1.000000000000000000, 0.000000000000000000, -2.072739447398758462E-16 ) ) ;
#879 = EDGE_CURVE ( 'NONE', #740, #4145, #4410, .T. ) ;
#880 = MANIFOLD_SOLID_BREP ( 'LPattern3[4]', #4800 ) ;
#881 = ADVANCED_FACE ( 'NONE', ( #4696 ), #8918, .T. ) ;
#882 = LINE ( 'NONE', #8299, #8368 ) ;
#883 = CARTESIAN_POINT ( 'NONE',  ( 10.48477713055047822, 1.103909596859301789, -0.1000000000000000056 ) ) ;
#884 = FACE_OUTER_BOUND ( 'NONE', #5777, .T. ) ;
#885 = CARTESIAN_POINT ( 'NONE',  ( -9.000000000000003553, 5.799999999999999822, 2.550000000000000266 ) ) ;
#886 = CARTESIAN_POINT ( 'NONE',  ( -10.44951173440878556, 5.799999999999999822, -0.09999999999999982514 ) ) ;
#887 = LINE ( 'NONE', #4852, #462 ) ;
#888 = PLANE ( 'NONE',  #9715 ) ;
#889 = EDGE_LOOP ( 'NONE', ( #5165, #9181, #8571, #1573 ) ) ;
#890 = VERTEX_POINT ( 'NONE', #10665 ) ;
#891 = COLOUR_RGB ( '',0.7529411764705882248, 0.000000000000000000, 0.000000000000000000 ) ;
#892 = EDGE_CURVE ( 'NONE', #9034, #11366, #1149, .T. ) ;
#893 = CARTESIAN_POINT ( 'NONE',  ( -2.053085322377157684, 5.799999999999999822, -3.500000000000000444 ) ) ;
#894 = EDGE_LOOP ( 'NONE', ( #10697, #7878, #3956, #10196 ) ) ;
#895 = VERTEX_POINT ( 'NONE', #3520 ) ;
#896 = EDGE_CURVE ( 'NONE', #8031, #5927, #5031, .T. ) ;
#897 = ORIENTED_EDGE ( 'NONE', *, *, #5279, .T. ) ;
#898 = ORIENTED_EDGE ( 'NONE', *, *, #5258, .F. ) ;
#899 =( GEOMETRIC_REPRESENTATION_CONTEXT ( 3 ) GLOBAL_UNCERTAINTY_ASSIGNED_CONTEXT ( ( #841 ) ) GLOBAL_UNIT_ASSIGNED_CONTEXT ( ( #6793, #5157, #7094 ) ) REPRESENTATION_CONTEXT ( 'NONE', 'WORKASPACE' ) );
#900 =( NAMED_UNIT ( * ) PLANE_ANGLE_UNIT ( ) SI_UNIT ( $, .RADIAN. ) );
#901 = LINE ( 'NONE', #9152, #8567 ) ;
#902 = DIRECTION ( 'NONE',  ( 0.000000000000000000, 1.000000000000000000, 0.000000000000000000 ) ) ;
#903 = CARTESIAN_POINT ( 'NONE',  ( 10.44951173440878378, 4.799999999999999822, 0.1000000000000000056 ) ) ;
#904 = DIRECTION ( 'NONE',  ( 3.465154412871613544E-16, -0.000000000000000000, 1.000000000000000000 ) ) ;
#905 = ORIENTED_EDGE ( 'NONE', *, *, #7898, .F. ) ;
#906 = EDGE_LOOP ( 'NONE', ( #2496, #10513, #969, #9285 ) ) ;
#907 = CARTESIAN_POINT ( 'NONE',  ( 13.77940404594980173, 4.799999999999999822, -2.550000000000000711 ) ) ;
#908 = VECTOR ( 'NONE', #10259, 1000.000000000000000 ) ;
#909 = PRESENTATION_STYLE_ASSIGNMENT (( #5316 ) ) ;
#910 =( NAMED_UNIT ( * ) PLANE_ANGLE_UNIT ( ) SI_UNIT ( $, .RADIAN. ) );
#911 = PLANE ( 'NONE',  #6861 ) ;
#912 = EDGE_CURVE ( 'NONE', #998, #7522, #1372, .T. ) ;
#913 = DIRECTION ( 'NONE',  ( -0.000000000000000000, 1.000000000000000000, -0.000000000000000000 ) ) ;
#914 = ORIENTED_EDGE ( 'NONE', *, *, #4105, .F. ) ;
#915 = ORIENTED_EDGE ( 'NONE', *, *, #7327, .F. ) ;
#916 = ORIENTED_EDGE ( 'NONE', *, *, #6101, .T. ) ;
#917 = ORIENTED_EDGE ( 'NONE', *, *, #5882, .T. ) ;
#918 = CARTESIAN_POINT ( 'NONE',  ( -1.000000000000002665, 4.799999999999999822, 3.500000000000001332 ) ) ;
#919 = COLOUR_RGB ( '',0.7921568627450980005, 0.8196078431372548767, 0.9333333333333333481 ) ;
#920 = CARTESIAN_POINT ( 'NONE',  ( -15.35000000000000320, 0.000000000000000000, -5.100000000000000533 ) ) ;
#921 = DIRECTION ( 'NONE',  ( 0.000000000000000000, 0.000000000000000000, -1.000000000000000000 ) ) ;
#922 = LINE ( 'NONE', #11333, #8950 ) ;
#923 = FACE_OUTER_BOUND ( 'NONE', #3892, .T. ) ;
#924 = EDGE_LOOP ( 'NONE', ( #8869, #8955, #8029, #10424 ) ) ;
#925 = ORIENTED_EDGE ( 'NONE', *, *, #545, .F. ) ;
#926 = PLANE ( 'NONE',  #2746 ) ;
#927 = FACE_BOUND ( 'NONE', #8492, .T. ) ;
#928 = PRESENTATION_LAYER_ASSIGNMENT (  '', '', ( #3946 ) ) ;
#929 = ORIENTED_EDGE ( 'NONE', *, *, #1853, .F. ) ;
#930 = EDGE_CURVE ( 'NONE', #7731, #11228, #8784, .T. ) ;
#931 = ADVANCED_FACE ( 'NONE', ( #1311 ), #7134, .F. ) ;
#932 = PLANE ( 'NONE',  #6989 ) ;
#933 = EDGE_LOOP ( 'NONE', ( #3785, #5457, #3930, #140 ) ) ;
#934 = EDGE_CURVE ( 'NONE', #6809, #8082, #4970, .T. ) ;
#935 = VERTEX_POINT ( 'NONE', #5425 ) ;
#936 = CARTESIAN_POINT ( 'NONE',  ( -5.246014929306701546, 5.799999999999999822, -0.4749999999999989231 ) ) ;
#937 = CARTESIAN_POINT ( 'NONE',  ( 2.220595954050192056, 5.799999999999999822, 2.550000000000001155 ) ) ;
#938 = ORIENTED_EDGE ( 'NONE', *, *, #3549, .F. ) ;
#939 = DIRECTION ( 'NONE',  ( 0.000000000000000000, 0.000000000000000000, 1.000000000000000000 ) ) ;
#940 = CARTESIAN_POINT ( 'NONE',  ( 12.88013644433662819, 4.799999999999999822, 2.550000000000000711 ) ) ;
#941 = DIRECTION ( 'NONE',  ( 0.000000000000000000, -0.000000000000000000, 1.000000000000000000 ) ) ;
#942 = CARTESIAN_POINT ( 'NONE',  ( -0.2205331856370015831, 5.799999999999999822, 1.725705846325505499 ) ) ;
#943 = VECTOR ( 'NONE', #1887, 1000.000000000000000 ) ;
#944 = EDGE_CURVE ( 'NONE', #10755, #5754, #8899, .T. ) ;
#945 = FACE_OUTER_BOUND ( 'NONE', #1447, .T. ) ;
#946 = ORIENTED_EDGE ( 'NONE', *, *, #2447, .T. ) ;
#947 = EDGE_LOOP ( 'NONE', ( #177, #624, #8076, #6760 ) ) ;
#948 = PRESENTATION_LAYER_ASSIGNMENT (  '', '', ( #5659 ) ) ;
#949 = FACE_OUTER_BOUND ( 'NONE', #10364, .T. ) ;
#950 = PRESENTATION_STYLE_ASSIGNMENT (( #7575 ) ) ;
#951 = EDGE_CURVE ( 'NONE', #10022, #3580, #5074, .T. ) ;
#952 = CARTESIAN_POINT ( 'NONE',  ( -13.24601492930670155, 4.799999999999999822, -0.4749999999999989231 ) ) ;
#953 =( LENGTH_UNIT ( ) NAMED_UNIT ( * ) SI_UNIT ( .MILLI., .METRE. ) );
#954 = AXIS2_PLACEMENT_3D ( 'NONE', #3913, #4823, #10211 ) ;
#955 = ORIENTED_EDGE ( 'NONE', *, *, #7898, .T. ) ;
#956 = ORIENTED_EDGE ( 'NONE', *, *, #4036, .T. ) ;
#957 = DIRECTION ( 'NONE',  ( 1.000000000000000000, -0.000000000000000000, -0.000000000000000000 ) ) ;
#958 = VERTEX_POINT ( 'NONE', #6450 ) ;
#959 = CARTESIAN_POINT ( 'NONE',  ( 1.634777130550475466, 5.799999999999999822, -0.09999999999999982514 ) ) ;
#960 = EDGE_LOOP ( 'NONE', ( #4653, #2843, #6279, #6631 ) ) ;
#961 = EDGE_CURVE ( 'NONE', #6319, #11459, #1225, .T. ) ;
#962 = PLANE ( 'NONE',  #9889 ) ;
#963 = DIRECTION ( 'NONE',  ( -0.000000000000000000, 1.000000000000000000, -0.000000000000000000 ) ) ;
#964 = CARTESIAN_POINT ( 'NONE',  ( -2.449511734408785113, 5.799999999999999822, -0.09999999999999982514 ) ) ;
#965 = LINE ( 'NONE', #194, #4812 ) ;
#966 = PLANE ( 'NONE',  #10145 ) ;
#967 = LINE ( 'NONE', #10865, #1286 ) ;
#968 = CARTESIAN_POINT ( 'NONE',  ( -16.10000000000000142, 0.5000000000000000000, 4.350000000000000533 ) ) ;
#969 = ORIENTED_EDGE ( 'NONE', *, *, #10008, .T. ) ;
#970 = ORIENTED_EDGE ( 'NONE', *, *, #4413, .F. ) ;
#971 = APPLICATION_PROTOCOL_DEFINITION ( 'draft international standard', 'automotive_design', 1998, #6927 ) ;
#972 = EDGE_CURVE ( 'NONE', #8303, #2827, #4946, .T. ) ;
#973 = FACE_BOUND ( 'NONE', #6139, .T. ) ;
#974 = FILL_AREA_STYLE_COLOUR ( '', #2333 ) ;
#975 = PLANE ( 'NONE',  #7663 ) ;
#976 = ORIENTED_EDGE ( 'NONE', *, *, #5860, .T. ) ;
#977 = ORIENTED_EDGE ( 'NONE', *, *, #6170, .T. ) ;
#978 = ORIENTED_EDGE ( 'NONE', *, *, #99, .F. ) ;
#979 = ORIENTED_EDGE ( 'NONE', *, *, #11295, .F. ) ;
#980 = SURFACE_SIDE_STYLE ('',( #10292 ) ) ;
#981 = EDGE_CURVE ( 'NONE', #10900, #4957, #9025, .T. ) ;
#982 = AXIS2_PLACEMENT_3D ( 'NONE', #10483, #7920, #941 ) ;
#983 = ADVANCED_FACE ( 'NONE', ( #9080 ), #9895, .F. ) ;
#984 = CARTESIAN_POINT ( 'NONE',  ( -11.11986355566337181, 4.799999999999999822, 2.550000000000000711 ) ) ;
#985 = CARTESIAN_POINT ( 'NONE',  ( -3.809999999999999609, -7.450000000000000178, -4.035000000000001030 ) ) ;
#986 = VECTOR ( 'NONE', #8100, 1000.000000000000000 ) ;
#987 = FACE_OUTER_BOUND ( 'NONE', #10158, .T. ) ;
#988 = DIRECTION ( 'NONE',  ( -1.000000000000000000, -0.000000000000000000, -0.000000000000000000 ) ) ;
#989 = ORIENTED_EDGE ( 'NONE', *, *, #3039, .T. ) ;
#990 = ORIENTED_EDGE ( 'NONE', *, *, #4230, .F. ) ;
#991 = UNCERTAINTY_MEASURE_WITH_UNIT (LENGTH_MEASURE( 1.000000000000000082E-05 ), #4377, 'distance_accuracy_value', 'NONE');
#992 = CARTESIAN_POINT ( 'NONE',  ( -14.40048826559121942, 4.799999999999999822, 0.09999999999999982514 ) ) ;
#993 = FACE_OUTER_BOUND ( 'NONE', #5675, .T. ) ;
#994 = FACE_BOUND ( 'NONE', #9050, .T. ) ;
#995 = CARTESIAN_POINT ( 'NONE',  ( -10.48477713055048000, 1.103909596859301789, 0.09999999999999982514 ) ) ;
#996 = MECHANICAL_DESIGN_GEOMETRIC_PRESENTATION_REPRESENTATION (  '', ( #3070 ), #7226 ) ;
#997 = ORIENTED_EDGE ( 'NONE', *, *, #10685, .T. ) ;
#998 = VERTEX_POINT ( 'NONE', #7065 ) ;
#999 = ORIENTED_EDGE ( 'NONE', *, *, #8833, .T. ) ;
#1000 = CARTESIAN_POINT ( 'NONE',  ( -3.287374187336412845, 4.799999999999999822, 3.500000000000000444 ) ) ;
#1001 = VERTEX_POINT ( 'NONE', #8879 ) ;
#1002 = DIRECTION ( 'NONE',  ( 1.000000000000000000, 0.000000000000000000, -3.465154412871614037E-16 ) ) ;
#1003 = CARTESIAN_POINT ( 'NONE',  ( 14.99999999999999822, 4.799999999999999822, -3.500000000000000444 ) ) ;
#1004 = DIRECTION ( 'NONE',  ( -0.000000000000000000, 1.000000000000000000, -0.000000000000000000 ) ) ;
#1005 = CARTESIAN_POINT ( 'NONE',  ( 1.599511734408781694, 4.799999999999999822, 0.09999999999999982514 ) ) ;
#1006 = CIRCLE ( 'NONE', #3968, 0.4750000000000005884 ) ;
#1007 = LINE ( 'NONE', #10322, #8840 ) ;
#1008 = PRESENTATION_STYLE_ASSIGNMENT (( #11289 ) ) ;
#1009 = ORIENTED_EDGE ( 'NONE', *, *, #10131, .F. ) ;
#1010 = ORIENTED_EDGE ( 'NONE', *, *, #10708, .F. ) ;
#1011 = DIRECTION ( 'NONE',  ( 0.000000000000000000, -1.000000000000000000, 0.000000000000000000 ) ) ;
#1012 = VECTOR ( 'NONE', #1765, 1000.000000000000000 ) ;
#1013 = ORIENTED_EDGE ( 'NONE', *, *, #7997, .T. ) ;
#1014 =( NAMED_UNIT ( * ) SI_UNIT ( $, .STERADIAN. ) SOLID_ANGLE_UNIT ( ) );
#1015 = ORIENTED_EDGE ( 'NONE', *, *, #10425, .F. ) ;
#1016 = AXIS2_PLACEMENT_3D ( 'NONE', #6701, #4732, #10202 ) ;
#1017 = ORIENTED_EDGE ( 'NONE', *, *, #8833, .F. ) ;
#1018 = DIRECTION ( 'NONE',  ( -0.1736481776669313026, -0.000000000000000000, 0.9848077530122079093 ) ) ;
#1019 = CARTESIAN_POINT ( 'NONE',  ( 14.99999999999999822, 1.103909596859301789, 3.025000000000000799 ) ) ;
#1020 = AXIS2_PLACEMENT_3D ( 'NONE', #2500, #7701, #7619 ) ;
#1021 = ORIENTED_EDGE ( 'NONE', *, *, #5059, .F. ) ;
#1022 = DIRECTION ( 'NONE',  ( 0.1736481776669298593, 0.000000000000000000, -0.9848077530122081313 ) ) ;
#1023 = CARTESIAN_POINT ( 'NONE',  ( -9.000000000000003553, 4.799999999999999822, 3.025000000000000799 ) ) ;
#1024 = EDGE_CURVE ( 'NONE', #7990, #8498, #1031, .T. ) ;
#1025 = DIRECTION ( 'NONE',  ( -0.000000000000000000, 1.000000000000000000, -0.000000000000000000 ) ) ;
#1026 =( NAMED_UNIT ( * ) PLANE_ANGLE_UNIT ( ) SI_UNIT ( $, .RADIAN. ) );
#1027 = EDGE_CURVE ( 'NONE', #9772, #1344, #1070, .T. ) ;
#1028 = LINE ( 'NONE', #3448, #1306 ) ;
#1029 = ORIENTED_EDGE ( 'NONE', *, *, #7209, .F. ) ;
#1030 = ORIENTED_EDGE ( 'NONE', *, *, #6503, .F. ) ;
#1031 = LINE ( 'NONE', #3592, #1330 ) ;
#1032 = FACE_BOUND ( 'NONE', #6632, .T. ) ;
#1033 = EDGE_CURVE ( 'NONE', #10583, #10757, #5238, .T. ) ;
#1034 = DIRECTION ( 'NONE',  ( 0.000000000000000000, -0.000000000000000000, 1.000000000000000000 ) ) ;
#1035 = VERTEX_POINT ( 'NONE', #9821 ) ;
#1036 = ADVANCED_FACE ( 'NONE', ( #4906 ), #10950, .F. ) ;
#1037 = ORIENTED_EDGE ( 'NONE', *, *, #5737, .F. ) ;
#1038 = ORIENTED_EDGE ( 'NONE', *, *, #3487, .F. ) ;
#1039 = CARTESIAN_POINT ( 'NONE',  ( 9.850000000000001421, 4.799999999999999822, 3.500000000000000444 ) ) ;
#1040 = ORIENTED_EDGE ( 'NONE', *, *, #3615, .F. ) ;
#1041 = DIRECTION ( 'NONE',  ( -0.000000000000000000, 1.000000000000000000, -0.000000000000000000 ) ) ;
#1042 = AXIS2_PLACEMENT_3D ( 'NONE', #8319, #9241, #8085 ) ;
#1043 = DIRECTION ( 'NONE',  ( -0.1736481776669307753, 0.000000000000000000, 0.9848077530122080203 ) ) ;
#1044 = CARTESIAN_POINT ( 'NONE',  ( -11.28737418733641285, 1.103909596859301789, 3.500000000000000444 ) ) ;
#1045 = LINE ( 'NONE', #4949, #5090 ) ;
#1046 = PLANE ( 'NONE',  #1208 ) ;
#1047 = COLOUR_RGB ( '',0.7921568627450980005, 0.8196078431372548767, 0.9333333333333333481 ) ;
#1048 = CARTESIAN_POINT ( 'NONE',  ( -11.08428886495926591, 5.799999999999999822, 3.499999999999999556 ) ) ;
#1049 = ORIENTED_EDGE ( 'NONE', *, *, #9040, .F. ) ;
#1050 = ORIENTED_EDGE ( 'NONE', *, *, #8792, .F. ) ;
#1051 = LINE ( 'NONE', #10554, #5201 ) ;
#1052 =( GEOMETRIC_REPRESENTATION_CONTEXT ( 3 ) GLOBAL_UNCERTAINTY_ASSIGNED_CONTEXT ( ( #10973 ) ) GLOBAL_UNIT_ASSIGNED_CONTEXT ( ( #1054, #7426, #4919 ) ) REPRESENTATION_CONTEXT ( 'NONE', 'WORKASPACE' ) );
#1053 = FACE_BOUND ( 'NONE', #1686, .T. ) ;
#1054 =( LENGTH_UNIT ( ) NAMED_UNIT ( * ) SI_UNIT ( .MILLI., .METRE. ) );
#1055 = CARTESIAN_POINT ( 'NONE',  ( -6.149999999999999467, 5.799999999999999822, 3.500000000000000444 ) ) ;
#1056 = CARTESIAN_POINT ( 'NONE',  ( 8.000000000000000000, 4.799999999999999822, 0.000000000000000000 ) ) ;
#1057 = ORIENTED_EDGE ( 'NONE', *, *, #6484, .F. ) ;
#1058 = VERTEX_POINT ( 'NONE', #5286 ) ;
#1059 = VERTEX_POINT ( 'NONE', #4346 ) ;
#1060 = VERTEX_POINT ( 'NONE', #959 ) ;
#1061 = CARTESIAN_POINT ( 'NONE',  ( -14.36522286944952498, 4.799999999999999822, -0.09999999999999982514 ) ) ;
#1062 = DIRECTION ( 'NONE',  ( 0.000000000000000000, 0.000000000000000000, -1.000000000000000000 ) ) ;
#1063 = EDGE_CURVE ( 'NONE', #3958, #10392, #8804, .T. ) ;
#1064 = CARTESIAN_POINT ( 'NONE',  ( 6.400488265591213199, 1.103909596859301789, -0.1000000000000000056 ) ) ;
#1065 = EDGE_CURVE ( 'NONE', #8498, #8105, #5012, .T. ) ;
#1066 = LINE ( 'NONE', #11028, #1109 ) ;
#1067 = ORIENTED_EDGE ( 'NONE', *, *, #8588, .T. ) ;
#1068 = ORIENTED_EDGE ( 'NONE', *, *, #10784, .T. ) ;
#1069 = CARTESIAN_POINT ( 'NONE',  ( -1.599511734408786801, 4.799999999999999822, -0.1000000000000000056 ) ) ;
#1070 = LINE ( 'NONE', #5491, #1206 ) ;
#1071 = CARTESIAN_POINT ( 'NONE',  ( -9.599511734408787689, 4.799999999999999822, -0.1000000000000000056 ) ) ;
#1072 = DIRECTION ( 'NONE',  ( 0.9848077530122079093, -0.000000000000000000, 0.1736481776669313026 ) ) ;
#1073 = DIRECTION ( 'NONE',  ( 0.000000000000000000, -0.000000000000000000, 1.000000000000000000 ) ) ;
#1074 = VERTEX_POINT ( 'NONE', #10447 ) ;
#1075 = ORIENTED_EDGE ( 'NONE', *, *, #10300, .T. ) ;
#1076 = ORIENTED_EDGE ( 'NONE', *, *, #1169, .T. ) ;
#1077 = CARTESIAN_POINT ( 'NONE',  ( 10.05308532237714836, 4.799999999999999822, 3.500000000000000444 ) ) ;
#1078 = ORIENTED_EDGE ( 'NONE', *, *, #3623, .T. ) ;
#1079 = EDGE_CURVE ( 'NONE', #6598, #7365, #4884, .T. ) ;
#1080 = ADVANCED_FACE ( 'NONE', ( #8720 ), #1503, .F. ) ;
#1081 = AXIS2_PLACEMENT_3D ( 'NONE', #2, #3345, #1581 ) ;
#1082 = DIRECTION ( 'NONE',  ( 0.000000000000000000, 1.000000000000000000, 0.000000000000000000 ) ) ;
#1083 = CARTESIAN_POINT ( 'NONE',  ( 9.634777130550475022, 5.799999999999999822, -0.09999999999999982514 ) ) ;
#1084 = AXIS2_PLACEMENT_3D ( 'NONE', #4323, #6201, #3433 ) ;
#1085 = VECTOR ( 'NONE', #10612, 1000.000000000000000 ) ;
#1086 = EDGE_CURVE ( 'NONE', #10306, #8133, #1352, .T. ) ;
#1087 = CIRCLE ( 'NONE', #5309, 0.2249999999999999500 ) ;
#1088 = VECTOR ( 'NONE', #5701, 1000.000000000000000 ) ;
#1089 = EDGE_CURVE ( 'NONE', #3869, #6895, #4926, .T. ) ;
#1090 = EDGE_LOOP ( 'NONE', ( #2847, #6884, #7804, #5757 ) ) ;
#1091 = ORIENTED_EDGE ( 'NONE', *, *, #5349, .T. ) ;
#1092 = DIRECTION ( 'NONE',  ( 0.000000000000000000, -1.000000000000000000, -0.000000000000000000 ) ) ;
#1093 = LINE ( 'NONE', #4165, #1132 ) ;
#1094 = PLANE ( 'NONE',  #6712 ) ;
#1095 = FACE_BOUND ( 'NONE', #2094, .T. ) ;
#1096 = EDGE_LOOP ( 'NONE', ( #5242, #8491, #8927, #351 ) ) ;
#1097 = CARTESIAN_POINT ( 'NONE',  ( -5.246014929306701546, 5.799999999999999822, -0.4749999999999988676 ) ) ;
#1098 = ORIENTED_EDGE ( 'NONE', *, *, #4561, .T. ) ;
#1099 = EDGE_LOOP ( 'NONE', ( #5736, #9125 ) ) ;
#1100 = CARTESIAN_POINT ( 'NONE',  ( -15.00000000000000000, 4.799999999999999822, 3.500000000000000444 ) ) ;
#1101 = ORIENTED_EDGE ( 'NONE', *, *, #9153, .F. ) ;
#1102 = AXIS2_PLACEMENT_3D ( 'NONE', #7836, #1736, #8767 ) ;
#1103 = DIRECTION ( 'NONE',  ( 0.000000000000000000, 0.000000000000000000, -1.000000000000000000 ) ) ;
#1104 = DIRECTION ( 'NONE',  ( 1.000000000000000000, -0.000000000000000000, 0.000000000000000000 ) ) ;
#1105 = DIRECTION ( 'NONE',  ( -0.000000000000000000, 1.000000000000000000, -0.000000000000000000 ) ) ;
#1106 = DIRECTION ( 'NONE',  ( 0.000000000000000000, 0.000000000000000000, -1.000000000000000000 ) ) ;
#1107 = EDGE_CURVE ( 'NONE', #4374, #11399, #1168, .T. ) ;
#1108 = CARTESIAN_POINT ( 'NONE',  ( 2.753985070693300674, 5.799999999999999822, -0.4749999999999988676 ) ) ;
#1109 = VECTOR ( 'NONE', #1287, 1000.000000000000000 ) ;
#1110 = DIRECTION ( 'NONE',  ( 1.000000000000000000, 0.000000000000000000, 0.000000000000000000 ) ) ;
#1111 = VECTOR ( 'NONE', #7180, 1000.000000000000000 ) ;
#1112 = ORIENTED_EDGE ( 'NONE', *, *, #10991, .F. ) ;
#1113 = EDGE_CURVE ( 'NONE', #8658, #3869, #1051, .T. ) ;
#1114 = ADVANCED_FACE ( 'NONE', ( #1394 ), #8773, .T. ) ;
#1115 = VECTOR ( 'NONE', #9938, 1000.000000000000000 ) ;
#1116 = AXIS2_PLACEMENT_3D ( 'NONE', #2953, #6776, #3815 ) ;
#1117 = COLOUR_RGB ( '',0.5019607843137254832, 0.5019607843137254832, 0.5019607843137254832 ) ;
#1118 = CARTESIAN_POINT ( 'NONE',  ( 10.05308532237714836, 4.799999999999999822, 3.500000000000000444 ) ) ;
#1119 = EDGE_LOOP ( 'NONE', ( #4294, #9017, #4483, #8296 ) ) ;
#1120 = EDGE_LOOP ( 'NONE', ( #307, #630, #3766, #3745 ) ) ;
#1121 = CARTESIAN_POINT ( 'NONE',  ( 11.11986355566336648, 5.799999999999999822, -2.550000000000000711 ) ) ;
#1122 = VERTEX_POINT ( 'NONE', #8852 ) ;
#1123 = DIRECTION ( 'NONE',  ( 0.000000000000000000, 0.000000000000000000, 1.000000000000000000 ) ) ;
#1124 = ORIENTED_EDGE ( 'NONE', *, *, #6251, .T. ) ;
#1125 = CARTESIAN_POINT ( 'NONE',  ( 3.119863555663366483, 1.103909596859301789, -2.550000000000000711 ) ) ;
#1126 = CARTESIAN_POINT ( 'NONE',  ( 13.41352556097973547, 1.103909596859301789, -0.4750000000000000333 ) ) ;
#1127 = LINE ( 'NONE', #2197, #1349 ) ;
#1128 = SURFACE_STYLE_FILL_AREA ( #10400 ) ;
#1129 = SHAPE_DEFINITION_REPRESENTATION ( #8344, #6847 ) ;
#1130 = CARTESIAN_POINT ( 'NONE',  ( 5.550488265591215331, 4.799999999999999822, -0.09999999999999982514 ) ) ;
#1131 = VERTEX_POINT ( 'NONE', #10637 ) ;
#1132 = VECTOR ( 'NONE', #5097, 1000.000000000000114 ) ;
#1133 = EDGE_CURVE ( 'NONE', #8133, #1001, #1093, .T. ) ;
#1134 = SURFACE_STYLE_USAGE ( .BOTH. , #7277 ) ;
#1135 = AXIS2_PLACEMENT_3D ( 'NONE', #3971, #4890, #5782 ) ;
#1136 = EDGE_LOOP ( 'NONE', ( #4491, #7153, #3222, #11123 ) ) ;
#1137 = ADVANCED_FACE ( 'NONE', ( #4842 ), #8701, .F. ) ;
#1138 = ORIENTED_EDGE ( 'NONE', *, *, #4263, .T. ) ;
#1139 = ORIENTED_EDGE ( 'NONE', *, *, #7778, .F. ) ;
#1140 = EDGE_LOOP ( 'NONE', ( #8187, #4727, #1552, #4397 ) ) ;
#1141 =( LENGTH_UNIT ( ) NAMED_UNIT ( * ) SI_UNIT ( .MILLI., .METRE. ) );
#1142 = DIRECTION ( 'NONE',  ( -1.000000000000000000, 0.000000000000000000, 1.630660900174878325E-16 ) ) ;
#1143 = AXIS2_PLACEMENT_3D ( 'NONE', #8857, #699, #8067 ) ;
#1144 = VECTOR ( 'NONE', #9186, 1000.000000000000114 ) ;
#1145 = AXIS2_PLACEMENT_3D ( 'NONE', #1218, #2987, #7433 ) ;
#1146 = PLANE ( 'NONE',  #9120 ) ;
#1147 = ORIENTED_EDGE ( 'NONE', *, *, #1593, .T. ) ;
#1148 = CARTESIAN_POINT ( 'NONE',  ( 6.400488265591213199, 5.799999999999999822, -0.1000000000000000056 ) ) ;
#1149 = LINE ( 'NONE', #48, #5156 ) ;
#1150 = FACE_BOUND ( 'NONE', #4140, .T. ) ;
#1151 = DIRECTION ( 'NONE',  ( 0.000000000000000000, 1.000000000000000000, 0.000000000000000000 ) ) ;
#1152 = CARTESIAN_POINT ( 'NONE',  ( -3.809999999999999609, -15.53639610306789187, 3.810000000000000053 ) ) ;
#1153 = AXIS2_PLACEMENT_3D ( 'NONE', #9602, #10595, #10511 ) ;
#1154 = ORIENTED_EDGE ( 'NONE', *, *, #10584, .F. ) ;
#1155 = EDGE_LOOP ( 'NONE', ( #4264, #1075, #4978, #9085 ) ) ;
#1156 = DIRECTION ( 'NONE',  ( 1.000000000000000000, 0.000000000000000000, -0.000000000000000000 ) ) ;
#1157 = ADVANCED_FACE ( 'NONE', ( #993 ), #926, .T. ) ;
#1158 = VERTEX_POINT ( 'NONE', #5977 ) ;
#1159 = CARTESIAN_POINT ( 'NONE',  ( -12.88013644433663352, 5.799999999999999822, -2.550000000000000711 ) ) ;
#1160 = VERTEX_POINT ( 'NONE', #6886 ) ;
#1161 = DIRECTION ( 'NONE',  ( -0.000000000000000000, -0.000000000000000000, 1.000000000000000000 ) ) ;
#1162 = CARTESIAN_POINT ( 'NONE',  ( -3.809999999999999609, 0.5000000000000000000, -3.810000000000000941 ) ) ;
#1163 = LINE ( 'NONE', #9515, #1241 ) ;
#1164 = VECTOR ( 'NONE', #10099, 1000.000000000000000 ) ;
#1165 =( GEOMETRIC_REPRESENTATION_CONTEXT ( 3 ) GLOBAL_UNCERTAINTY_ASSIGNED_CONTEXT ( ( #991 ) ) GLOBAL_UNIT_ASSIGNED_CONTEXT ( ( #4377, #5318, #7970 ) ) REPRESENTATION_CONTEXT ( 'NONE', 'WORKASPACE' ) );
#1166 = VERTEX_POINT ( 'NONE', #7761 ) ;
#1167 = PLANE ( 'NONE',  #11483 ) ;
#1168 = LINE ( 'NONE', #3291, #4860 ) ;
#1169 = EDGE_CURVE ( 'NONE', #10127, #839, #8971, .T. ) ;
#1170 = FACE_BOUND ( 'NONE', #10518, .T. ) ;
#1171 = EDGE_LOOP ( 'NONE', ( #1424, #2083 ) ) ;
#1172 = ORIENTED_EDGE ( 'NONE', *, *, #9801, .T. ) ;
#1173 = SURFACE_STYLE_USAGE ( .BOTH. , #4710 ) ;
#1174 = EDGE_LOOP ( 'NONE', ( #2263, #10907, #2297, #10574, #2009, #7026, #3444, #6866 ) ) ;
#1175 = EDGE_CURVE ( 'NONE', #4784, #10755, #8738, .T. ) ;
#1176 = ORIENTED_EDGE ( 'NONE', *, *, #10451, .F. ) ;
#1177 = DIRECTION ( 'NONE',  ( 0.9848077530122082424, -0.000000000000000000, 0.1736481776669298038 ) ) ;
#1178 = VERTEX_POINT ( 'NONE', #3716 ) ;
#1179 = CARTESIAN_POINT ( 'NONE',  ( -16.10000000000000142, 0.000000000000000000, -4.350000000000000533 ) ) ;
#1180 = PLANE ( 'NONE',  #5912 ) ;
#1181 = CARTESIAN_POINT ( 'NONE',  ( -5.765711135040744395, 5.799999999999999822, -3.500000000000000444 ) ) ;
#1182 = ADVANCED_FACE ( 'NONE', ( #8845 ), #313, .F. ) ;
#1183 = VECTOR ( 'NONE', #8966, 1000.000000000000000 ) ;
#1184 = CARTESIAN_POINT ( 'NONE',  ( -10.44951173440878556, 4.799999999999999822, -0.09999999999999982514 ) ) ;
#1185 = VECTOR ( 'NONE', #9301, 1000.000000000000114 ) ;
#1186 = ORIENTED_EDGE ( 'NONE', *, *, #6300, .T. ) ;
#1187 = CIRCLE ( 'NONE', #1775, 0.2249999999999999500 ) ;
#1188 = FACE_BOUND ( 'NONE', #1706, .T. ) ;
#1189 = VERTEX_POINT ( 'NONE', #10170 ) ;
#1190 = PRODUCT_RELATED_PRODUCT_CATEGORY ( 'part', '', ( #3606 ) ) ;
#1191 = CARTESIAN_POINT ( 'NONE',  ( 14.99999999999999822, 1.103909596859301789, -3.500000000000000444 ) ) ;
#1192 = AXIS2_PLACEMENT_3D ( 'NONE', #10525, #10282, #10197 ) ;
#1193 = ORIENTED_EDGE ( 'NONE', *, *, #9576, .T. ) ;
#1194 = ORIENTED_EDGE ( 'NONE', *, *, #6492, .T. ) ;
#1195 = DIRECTION ( 'NONE',  ( 1.000000000000000000, 0.000000000000000000, 0.000000000000000000 ) ) ;
#1196 = ORIENTED_EDGE ( 'NONE', *, *, #6817, .F. ) ;
#1197 = ORIENTED_EDGE ( 'NONE', *, *, #3805, .F. ) ;
#1198 = CARTESIAN_POINT ( 'NONE',  ( -5.413525560979744355, 5.799999999999999822, 0.4750000000000004774 ) ) ;
#1199 = CARTESIAN_POINT ( 'NONE',  ( -4.915711135040740309, 1.103909596859301789, -3.500000000000000444 ) ) ;
#1200 = PLANE ( 'NONE',  #7595 ) ;
#1201 = DIRECTION ( 'NONE',  ( 0.000000000000000000, 1.000000000000000000, 0.000000000000000000 ) ) ;
#1202 = VECTOR ( 'NONE', #2733, 999.9999999999998863 ) ;
#1203 = FILL_AREA_STYLE_COLOUR ( '', #10256 ) ;
#1204 = PLANE ( 'NONE',  #1382 ) ;
#1205 = ORIENTED_EDGE ( 'NONE', *, *, #8176, .T. ) ;
#1206 = VECTOR ( 'NONE', #6227, 1000.000000000000000 ) ;
#1207 = CARTESIAN_POINT ( 'NONE',  ( 6.999999999999997335, 5.799999999999999822, 3.025000000000000799 ) ) ;
#1208 = AXIS2_PLACEMENT_3D ( 'NONE', #5497, #10889, #2668 ) ;
#1209 = ORIENTED_EDGE ( 'NONE', *, *, #2643, .F. ) ;
#1210 = DIRECTION ( 'NONE',  ( 0.000000000000000000, 1.000000000000000000, 0.000000000000000000 ) ) ;
#1211 = CARTESIAN_POINT ( 'NONE',  ( 10.58647443902025564, 1.103909596859301789, 0.4750000000000004774 ) ) ;
#1212 = CARTESIAN_POINT ( 'NONE',  ( 11.28737418733640752, 4.799999999999999822, -3.500000000000000000 ) ) ;
#1213 = ORIENTED_EDGE ( 'NONE', *, *, #9392, .F. ) ;
#1214 = EDGE_CURVE ( 'NONE', #6292, #11391, #1187, .T. ) ;
#1215 = VERTEX_POINT ( 'NONE', #8191 ) ;
#1216 = ORIENTED_EDGE ( 'NONE', *, *, #9569, .T. ) ;
#1217 = EDGE_LOOP ( 'NONE', ( #5118, #5037, #8976, #9067 ) ) ;
#1218 = CARTESIAN_POINT ( 'NONE',  ( 6.350000000000001421, -7.450000000000000178, -3.810000000000000941 ) ) ;
#1219 = LINE ( 'NONE', #2657, #8949 ) ;
#1220 =( GEOMETRIC_REPRESENTATION_CONTEXT ( 3 ) GLOBAL_UNCERTAINTY_ASSIGNED_CONTEXT ( ( #395 ) ) GLOBAL_UNIT_ASSIGNED_CONTEXT ( ( #7303, #2036, #10919 ) ) REPRESENTATION_CONTEXT ( 'NONE', 'WORKASPACE' ) );
#1221 = VECTOR ( 'NONE', #3234, 1000.000000000000000 ) ;
#1222 = DIRECTION ( 'NONE',  ( 1.000000000000000000, 0.000000000000000000, -2.072739447398754025E-16 ) ) ;
#1223 = VERTEX_POINT ( 'NONE', #3146 ) ;
#1224 = CARTESIAN_POINT ( 'NONE',  ( 24.00000000000000000, 5.799999999999999822, 0.000000000000000000 ) ) ;
#1225 = LINE ( 'NONE', #2072, #8820 ) ;
#1226 = CARTESIAN_POINT ( 'NONE',  ( 11.28737418733640752, 5.799999999999999822, -3.500000000000000000 ) ) ;
#1227 = CARTESIAN_POINT ( 'NONE',  ( -9.850000000000003197, 4.799999999999999822, -3.500000000000000444 ) ) ;
#1228 = ORIENTED_EDGE ( 'NONE', *, *, #9195, .F. ) ;
#1229 = DIRECTION ( 'NONE',  ( 1.000000000000000000, 0.000000000000000000, -2.072739447398754025E-16 ) ) ;
#1230 = PRESENTATION_LAYER_ASSIGNMENT (  '', '', ( #7072 ) ) ;
#1231 = VERTEX_POINT ( 'NONE', #2100 ) ;
#1232 = ADVANCED_FACE ( 'NONE', ( #1268 ), #1964, .T. ) ;
#1233 = VERTEX_POINT ( 'NONE', #7460 ) ;
#1234 = ORIENTED_EDGE ( 'NONE', *, *, #944, .T. ) ;
#1235 = AXIS2_PLACEMENT_3D ( 'NONE', #1403, #9278, #6573 ) ;
#1236 = DIRECTION ( 'NONE',  ( -0.000000000000000000, 1.000000000000000000, -0.000000000000000000 ) ) ;
#1237 = EDGE_LOOP ( 'NONE', ( #4716, #8980, #6637, #11128 ) ) ;
#1238 = EDGE_CURVE ( 'NONE', #9331, #4868, #5114, .T. ) ;
#1239 = CARTESIAN_POINT ( 'NONE',  ( -14.40048826559121942, 1.103909596859301789, 0.09999999999999982514 ) ) ;
#1240 = DIRECTION ( 'NONE',  ( -1.000000000000000000, 0.000000000000000000, 0.000000000000000000 ) ) ;
#1241 = VECTOR ( 'NONE', #2499, 1000.000000000000000 ) ;
#1242 = DIRECTION ( 'NONE',  ( 0.000000000000000000, -1.000000000000000000, -0.000000000000000000 ) ) ;
#1243 = ORIENTED_EDGE ( 'NONE', *, *, #8030, .F. ) ;
#1244 = DIRECTION ( 'NONE',  ( 0.000000000000000000, 0.000000000000000000, -1.000000000000000000 ) ) ;
#1245 = EDGE_CURVE ( 'NONE', #5419, #9018, #1289, .T. ) ;
#1246 = CARTESIAN_POINT ( 'NONE',  ( -5.779404045949807944, 5.799999999999999822, 2.550000000000001155 ) ) ;
#1247 = DIRECTION ( 'NONE',  ( -0.1736481776669307753, 0.000000000000000000, 0.9848077530122080203 ) ) ;
#1248 = FACE_BOUND ( 'NONE', #229, .T. ) ;
#1249 = ORIENTED_EDGE ( 'NONE', *, *, #2088, .T. ) ;
#1250 = ORIENTED_EDGE ( 'NONE', *, *, #8614, .F. ) ;
#1251 = CARTESIAN_POINT ( 'NONE',  ( 12.88013644433662819, 4.799999999999999822, 2.550000000000000711 ) ) ;
#1252 = ORIENTED_EDGE ( 'NONE', *, *, #6484, .T. ) ;
#1253 = EDGE_CURVE ( 'NONE', #4925, #3213, #9006, .T. ) ;
#1254 = ORIENTED_EDGE ( 'NONE', *, *, #11375, .T. ) ;
#1255 = CARTESIAN_POINT ( 'NONE',  ( -13.51522286944952356, 1.103909596859301789, -0.1000000000000000056 ) ) ;
#1256 = DIRECTION ( 'NONE',  ( -0.1736481776669302757, 0.000000000000000000, 0.9848077530122080203 ) ) ;
#1257 = EDGE_LOOP ( 'NONE', ( #1194, #6230, #914, #5060 ) ) ;
#1258 = PLANE ( 'NONE',  #7499 ) ;
#1259 = DIRECTION ( 'NONE',  ( -0.9848077530122079093, 0.000000000000000000, -0.1736481776669312749 ) ) ;
#1260 = EDGE_CURVE ( 'NONE', #8730, #9635, #9648, .T. ) ;
#1261 = PLANE ( 'NONE',  #4150 ) ;
#1262 = AXIS2_PLACEMENT_3D ( 'NONE', #10076, #6338, #8127 ) ;
#1263 = VECTOR ( 'NONE', #9028, 1000.000000000000000 ) ;
#1264 = COLOUR_RGB ( '',0.7529411764705882248, 0.000000000000000000, 0.000000000000000000 ) ;
#1265 = DIRECTION ( 'NONE',  ( -0.1736481776669302757, 0.000000000000000000, 0.9848077530122080203 ) ) ;
#1266 = LINE ( 'NONE', #9579, #1221 ) ;
#1267 = EDGE_LOOP ( 'NONE', ( #3589, #4825, #8240, #873 ) ) ;
#1268 = FACE_OUTER_BOUND ( 'NONE', #8594, .T. ) ;
#1269 = AXIS2_PLACEMENT_3D ( 'NONE', #9092, #9387, #330 ) ;
#1270 = VERTEX_POINT ( 'NONE', #9292 ) ;
#1271 = CARTESIAN_POINT ( 'NONE',  ( -11.28737418733641285, 5.799999999999999822, 3.500000000000000444 ) ) ;
#1272 = ORIENTED_EDGE ( 'NONE', *, *, #10899, .F. ) ;
#1273 = VERTEX_POINT ( 'NONE', #1892 ) ;
#1274 = CARTESIAN_POINT ( 'NONE',  ( 13.94691467762284276, 5.799999999999999822, -3.500000000000000444 ) ) ;
#1275 = EDGE_LOOP ( 'NONE', ( #9893, #2422, #7288, #6256 ) ) ;
#1276 =( LENGTH_UNIT ( ) NAMED_UNIT ( * ) SI_UNIT ( .MILLI., .METRE. ) );
#1277 = EDGE_LOOP ( 'NONE', ( #7586, #1351, #1874, #1669 ) ) ;
#1278 = CARTESIAN_POINT ( 'NONE',  ( 6.999999999999997335, 4.799999999999999822, 3.500000000000001332 ) ) ;
#1279 = ADVANCED_FACE ( 'NONE', ( #9511 ), #1167, .F. ) ;
#1280 = CARTESIAN_POINT ( 'NONE',  ( -3.287374187336412845, 5.799999999999999822, 3.500000000000000444 ) ) ;
#1281 = DIRECTION ( 'NONE',  ( -1.000000000000000000, 0.000000000000000000, 0.000000000000000000 ) ) ;
#1282 = DIRECTION ( 'NONE',  ( 0.1736481776669313026, -0.000000000000000000, -0.9848077530122079093 ) ) ;
#1283 = AXIS2_PLACEMENT_3D ( 'NONE', #6738, #9503, #5024 ) ;
#1284 = FACE_OUTER_BOUND ( 'NONE', #7410, .T. ) ;
#1285 =( NAMED_UNIT ( * ) SI_UNIT ( $, .STERADIAN. ) SOLID_ANGLE_UNIT ( ) );
#1286 = VECTOR ( 'NONE', #9658, 1000.000000000000000 ) ;
#1287 = DIRECTION ( 'NONE',  ( 0.000000000000000000, 1.000000000000000000, 0.000000000000000000 ) ) ;
#1288 = ORIENTED_EDGE ( 'NONE', *, *, #6714, .F. ) ;
#1289 = LINE ( 'NONE', #3015, #5139 ) ;
#1290 = FACE_BOUND ( 'NONE', #6810, .T. ) ;
#1291 = UNCERTAINTY_MEASURE_WITH_UNIT (LENGTH_MEASURE( 1.000000000000000082E-05 ), #8246, 'distance_accuracy_value', 'NONE');
#1292 = CARTESIAN_POINT ( 'NONE',  ( 14.99999999999999822, 5.799999999999999822, -3.500000000000000444 ) ) ;
#1293 = ORIENTED_EDGE ( 'NONE', *, *, #5737, .T. ) ;
#1294 = PLANE ( 'NONE',  #9666 ) ;
#1295 = CARTESIAN_POINT ( 'NONE',  ( 16.00000000000000000, 4.799999999999999822, 0.000000000000000000 ) ) ;
#1296 = CARTESIAN_POINT ( 'NONE',  ( -6.365222869449524978, 4.799999999999999822, -0.09999999999999982514 ) ) ;
#1297 = ORIENTED_EDGE ( 'NONE', *, *, #99, .T. ) ;
#1298 = VERTEX_POINT ( 'NONE', #10922 ) ;
#1299 = AXIS2_PLACEMENT_3D ( 'NONE', #3715, #235, #9440 ) ;
#1300 = ORIENTED_EDGE ( 'NONE', *, *, #11535, .F. ) ;
#1301 = ORIENTED_EDGE ( 'NONE', *, *, #8838, .T. ) ;
#1302 = CARTESIAN_POINT ( 'NONE',  ( 2.053085322377148803, 5.799999999999999822, 3.500000000000000444 ) ) ;
#1303 = DIRECTION ( 'NONE',  ( 0.9848077530122081313, 0.000000000000000000, 0.1736481776669298593 ) ) ;
#1304 = DIRECTION ( 'NONE',  ( 0.000000000000000000, 1.000000000000000000, 0.000000000000000000 ) ) ;
#1305 = EDGE_CURVE ( 'NONE', #7264, #9495, #9360, .T. ) ;
#1306 = VECTOR ( 'NONE', #4340, 1000.000000000000000 ) ;
#1307 = DIRECTION ( 'NONE',  ( 0.000000000000000000, -0.000000000000000000, 1.000000000000000000 ) ) ;
#1308 = EDGE_LOOP ( 'NONE', ( #6855, #7067, #62, #4530 ) ) ;
#1309 =( GEOMETRIC_REPRESENTATION_CONTEXT ( 3 ) GLOBAL_UNCERTAINTY_ASSIGNED_CONTEXT ( ( #6988 ) ) GLOBAL_UNIT_ASSIGNED_CONTEXT ( ( #7512, #8437, #1381 ) ) REPRESENTATION_CONTEXT ( 'NONE', 'WORKASPACE' ) );
#1310 = CARTESIAN_POINT ( 'NONE',  ( 6.999999999999997335, 5.799999999999999822, 3.025000000000000799 ) ) ;
#1311 = FACE_OUTER_BOUND ( 'NONE', #6617, .T. ) ;
#1312 = CARTESIAN_POINT ( 'NONE',  ( -10.05308532237715724, 4.799999999999999822, -3.500000000000000444 ) ) ;
#1313 = DIRECTION ( 'NONE',  ( 0.000000000000000000, 0.000000000000000000, -1.000000000000000000 ) ) ;
#1314 = PLANE ( 'NONE',  #4182 ) ;
#1315 = ORIENTED_EDGE ( 'NONE', *, *, #10425, .T. ) ;
#1316 = EDGE_CURVE ( 'NONE', #6459, #4782, #9327, .T. ) ;
#1317 =( LENGTH_UNIT ( ) NAMED_UNIT ( * ) SI_UNIT ( .MILLI., .METRE. ) );
#1318 = ORIENTED_EDGE ( 'NONE', *, *, #7176, .F. ) ;
#1319 = ORIENTED_EDGE ( 'NONE', *, *, #1523, .F. ) ;
#1320 = ORIENTED_EDGE ( 'NONE', *, *, #9055, .F. ) ;
#1321 = ORIENTED_EDGE ( 'NONE', *, *, #5693, .T. ) ;
#1322 = EDGE_CURVE ( 'NONE', #8283, #1344, #9417, .T. ) ;
#1323 = DIRECTION ( 'NONE',  ( 0.000000000000000000, 1.000000000000000000, 0.000000000000000000 ) ) ;
#1324 = DIRECTION ( 'NONE',  ( 0.000000000000000000, 0.000000000000000000, 1.000000000000000000 ) ) ;
#1325 = LINE ( 'NONE', #1780, #986 ) ;
#1326 = LINE ( 'NONE', #247, #9098 ) ;
#1327 = EDGE_CURVE ( 'NONE', #5274, #9651, #5418, .T. ) ;
#1328 = ORIENTED_EDGE ( 'NONE', *, *, #439, .T. ) ;
#1329 = CARTESIAN_POINT ( 'NONE',  ( 13.51522286944952000, 4.799999999999999822, 0.09999999999999982514 ) ) ;
#1330 = VECTOR ( 'NONE', #5358, 1000.000000000000114 ) ;
#1331 = DIRECTION ( 'NONE',  ( -0.1736481776669298871, 0.000000000000000000, 0.9848077530122081313 ) ) ;
#1332 = AXIS2_PLACEMENT_3D ( 'NONE', #3415, #672, #4304 ) ;
#1333 = PLANE ( 'NONE',  #4878 ) ;
#1334 = FACE_BOUND ( 'NONE', #10061, .T. ) ;
#1335 = ORIENTED_EDGE ( 'NONE', *, *, #6170, .F. ) ;
#1336 = MANIFOLD_SOLID_BREP ( 'Boss-Extrude2[2]', #9053 ) ;
#1337 = ORIENTED_EDGE ( 'NONE', *, *, #7580, .T. ) ;
#1338 = ADVANCED_FACE ( 'NONE', ( #1609 ), #8139, .T. ) ;
#1339 = DIRECTION ( 'NONE',  ( -1.000000000000000000, 0.000000000000000000, 0.000000000000000000 ) ) ;
#1340 = EDGE_LOOP ( 'NONE', ( #11522, #4399, #7090, #122 ) ) ;
#1341 = ORIENTED_EDGE ( 'NONE', *, *, #9373, .T. ) ;
#1342 = CARTESIAN_POINT ( 'NONE',  ( 12.88013644433662819, 5.799999999999999822, 2.550000000000000711 ) ) ;
#1343 =( LENGTH_UNIT ( ) NAMED_UNIT ( * ) SI_UNIT ( .MILLI., .METRE. ) );
#1344 = VERTEX_POINT ( 'NONE', #6502 ) ;
#1345 = DIRECTION ( 'NONE',  ( 1.000000000000000000, 0.000000000000000000, 0.000000000000000000 ) ) ;
#1346 = CARTESIAN_POINT ( 'NONE',  ( 0.000000000000000000, 5.799999999999999822, 0.000000000000000000 ) ) ;
#1347 = CARTESIAN_POINT ( 'NONE',  ( 2.753985070693298898, 1.103909596859301789, -0.4749999999999989231 ) ) ;
#1348 =( NAMED_UNIT ( * ) PLANE_ANGLE_UNIT ( ) SI_UNIT ( $, .RADIAN. ) );
#1349 = VECTOR ( 'NONE', #3952, 1000.000000000000114 ) ;
#1350 = LINE ( 'NONE', #5620, #9021 ) ;
#1351 = ORIENTED_EDGE ( 'NONE', *, *, #11513, .F. ) ;
#1352 = LINE ( 'NONE', #5637, #5055 ) ;
#1353 = LINE ( 'NONE', #4149, #5350 ) ;
#1354 = VERTEX_POINT ( 'NONE', #11136 ) ;
#1355 = CARTESIAN_POINT ( 'NONE',  ( -15.35000000000000320, 0.5000000000000000000, -5.100000000000000533 ) ) ;
#1356 = ORIENTED_EDGE ( 'NONE', *, *, #9857, .F. ) ;
#1357 = VERTEX_POINT ( 'NONE', #6326 ) ;
#1358 = DIRECTION ( 'NONE',  ( -0.000000000000000000, -1.000000000000000000, -0.000000000000000000 ) ) ;
#1359 = ADVANCED_FACE ( 'NONE', ( #5484 ), #7958, .T. ) ;
#1360 = ORIENTED_EDGE ( 'NONE', *, *, #11107, .T. ) ;
#1361 = DIRECTION ( 'NONE',  ( 0.000000000000000000, -0.000000000000000000, 1.000000000000000000 ) ) ;
#1362 = ORIENTED_EDGE ( 'NONE', *, *, #7615, .T. ) ;
#1363 = CARTESIAN_POINT ( 'NONE',  ( 16.00000000000000000, 4.799999999999999822, 0.000000000000000000 ) ) ;
#1364 =( GEOMETRIC_REPRESENTATION_CONTEXT ( 3 ) GLOBAL_UNCERTAINTY_ASSIGNED_CONTEXT ( ( #1291 ) ) GLOBAL_UNIT_ASSIGNED_CONTEXT ( ( #8246, #3838, #6541 ) ) REPRESENTATION_CONTEXT ( 'NONE', 'WORKASPACE' ) );
#1365 = FILL_AREA_STYLE_COLOUR ( '', #8474 ) ;
#1366 = VECTOR ( 'NONE', #7495, 1000.000000000000000 ) ;
#1367 = DIRECTION ( 'NONE',  ( 0.000000000000000000, 0.000000000000000000, -1.000000000000000000 ) ) ;
#1368 = EDGE_CURVE ( 'NONE', #8994, #10306, #5691, .T. ) ;
#1369 = LINE ( 'NONE', #2055, #1408 ) ;
#1370 = EDGE_CURVE ( 'NONE', #221, #3240, #5433, .T. ) ;
#1371 = ORIENTED_EDGE ( 'NONE', *, *, #10029, .F. ) ;
#1372 = LINE ( 'NONE', #4650, #4819 ) ;
#1373 = CARTESIAN_POINT ( 'NONE',  ( 4.915711135040734980, 4.799999999999999822, 3.499999999999999556 ) ) ;
#1374 = ORIENTED_EDGE ( 'NONE', *, *, #2895, .F. ) ;
#1375 = FILL_AREA_STYLE ('',( #3844 ) ) ;
#1376 = DIRECTION ( 'NONE',  ( -1.000000000000000000, 0.000000000000000000, 1.630660900174879311E-16 ) ) ;
#1377 = ORIENTED_EDGE ( 'NONE', *, *, #2469, .T. ) ;
#1378 = VERTEX_POINT ( 'NONE', #600 ) ;
#1379 = ORIENTED_EDGE ( 'NONE', *, *, #119, .T. ) ;
#1380 = ORIENTED_EDGE ( 'NONE', *, *, #11217, .T. ) ;
#1381 =( NAMED_UNIT ( * ) SI_UNIT ( $, .STERADIAN. ) SOLID_ANGLE_UNIT ( ) );
#1382 = AXIS2_PLACEMENT_3D ( 'NONE', #968, #7949, #6317 ) ;
#1383 = ADVANCED_FACE ( 'NONE', ( #9565 ), #11173, .F. ) ;
#1384 = PLANE ( 'NONE',  #4969 ) ;
#1385 = PLANE ( 'NONE',  #3216 ) ;
#1386 = ADVANCED_FACE ( 'NONE', ( #1830 ), #1518, .F. ) ;
#1387 = EDGE_CURVE ( 'NONE', #6253, #4084, #5451, .T. ) ;
#1388 = AXIS2_PLACEMENT_3D ( 'NONE', #5265, #8933, #10717 ) ;
#1389 =( NAMED_UNIT ( * ) SI_UNIT ( $, .STERADIAN. ) SOLID_ANGLE_UNIT ( ) );
#1390 = AXIS2_PLACEMENT_3D ( 'NONE', #2423, #5121, #6669 ) ;
#1391 = VERTEX_POINT ( 'NONE', #10301 ) ;
#1392 = EDGE_CURVE ( 'NONE', #5829, #5513, #9267, .T. ) ;
#1393 = DIRECTION ( 'NONE',  ( -0.1736481776669307753, 0.000000000000000000, 0.9848077530122080203 ) ) ;
#1394 = FACE_OUTER_BOUND ( 'NONE', #6934, .T. ) ;
#1395 = DIRECTION ( 'NONE',  ( 1.000000000000000000, 0.000000000000000000, -3.465154412871613544E-16 ) ) ;
#1396 = FACE_OUTER_BOUND ( 'NONE', #10526, .T. ) ;
#1397 = CARTESIAN_POINT ( 'NONE',  ( 3.119863555663366483, 4.799999999999999822, -2.550000000000000711 ) ) ;
#1398 = DIRECTION ( 'NONE',  ( 0.000000000000000000, -1.000000000000000000, -0.000000000000000000 ) ) ;
#1399 = VERTEX_POINT ( 'NONE', #11054 ) ;
#1400 =( NAMED_UNIT ( * ) PLANE_ANGLE_UNIT ( ) SI_UNIT ( $, .RADIAN. ) );
#1401 = ORIENTED_EDGE ( 'NONE', *, *, #6241, .F. ) ;
#1402 = ORIENTED_EDGE ( 'NONE', *, *, #5693, .F. ) ;
#1403 = CARTESIAN_POINT ( 'NONE',  ( -12.91571113504074120, 4.799999999999999822, -3.500000000000000444 ) ) ;
#1404 = VERTEX_POINT ( 'NONE', #9506 ) ;
#1405 = ORIENTED_EDGE ( 'NONE', *, *, #795, .T. ) ;
#1406 = EDGE_CURVE ( 'NONE', #9309, #10857, #9608, .T. ) ;
#1407 = LINE ( 'NONE', #8405, #9135 ) ;
#1408 = VECTOR ( 'NONE', #2131, 1000.000000000000000 ) ;
#1409 = DIRECTION ( 'NONE',  ( 0.000000000000000000, -1.000000000000000000, 0.000000000000000000 ) ) ;
#1410 = ORIENTED_EDGE ( 'NONE', *, *, #3848, .F. ) ;
#1411 = DIRECTION ( 'NONE',  ( -0.1736481776669313026, 0.000000000000000000, 0.9848077530122079093 ) ) ;
#1412 = ADVANCED_FACE ( 'NONE', ( #1767 ), #381, .F. ) ;
#1413 = CARTESIAN_POINT ( 'NONE',  ( -12.71262581266359248, 4.799999999999999822, -3.500000000000000000 ) ) ;
#1414 = CARTESIAN_POINT ( 'NONE',  ( -13.76571113504074440, 5.799999999999999822, -3.500000000000000444 ) ) ;
#1415 = VECTOR ( 'NONE', #9130, 1000.000000000000000 ) ;
#1416 = CARTESIAN_POINT ( 'NONE',  ( 15.34999999999999609, 0.5000000000000000000, 5.099999999999998757 ) ) ;
#1417 = ORIENTED_EDGE ( 'NONE', *, *, #6647, .T. ) ;
#1418 = EDGE_CURVE ( 'NONE', #9165, #998, #9494, .T. ) ;
#1419 = AXIS2_PLACEMENT_3D ( 'NONE', #7078, #2513, #7007 ) ;
#1420 = ORIENTED_EDGE ( 'NONE', *, *, #7940, .T. ) ;
#1421 = ORIENTED_EDGE ( 'NONE', *, *, #6779, .F. ) ;
#1422 = DIRECTION ( 'NONE',  ( 1.000000000000000000, -0.000000000000000000, -0.000000000000000000 ) ) ;
#1423 = CARTESIAN_POINT ( 'NONE',  ( -3.119863555663371812, 5.799999999999999822, 2.550000000000000711 ) ) ;
#1424 = ORIENTED_EDGE ( 'NONE', *, *, #1496, .F. ) ;
#1425 = CARTESIAN_POINT ( 'NONE',  ( -9.000000000000003553, 5.799999999999999822, 3.025000000000000799 ) ) ;
#1426 = DIRECTION ( 'NONE',  ( 0.1736481776669313026, -0.000000000000000000, -0.9848077530122079093 ) ) ;
#1427 = CARTESIAN_POINT ( 'NONE',  ( -5.779404045949807944, 4.799999999999999822, 2.550000000000001155 ) ) ;
#1428 = VECTOR ( 'NONE', #2949, 1000.000000000000000 ) ;
#1429 = VERTEX_POINT ( 'NONE', #10987 ) ;
#1430 = ADVANCED_FACE ( 'NONE', ( #5397 ), #6823, .T. ) ;
#1431 = VECTOR ( 'NONE', #2403, 1000.000000000000000 ) ;
#1432 = EDGE_LOOP ( 'NONE', ( #394, #9194, #8826, #4684 ) ) ;
#1433 = CARTESIAN_POINT ( 'NONE',  ( -3.809999999999999609, -7.450000000000000178, -3.585000000000000853 ) ) ;
#1434 = ORIENTED_EDGE ( 'NONE', *, *, #9315, .T. ) ;
#1435 = ORIENTED_EDGE ( 'NONE', *, *, #2990, .F. ) ;
#1436 = DIRECTION ( 'NONE',  ( 3.465154412871614037E-16, 0.000000000000000000, 1.000000000000000000 ) ) ;
#1437 = ORIENTED_EDGE ( 'NONE', *, *, #4372, .T. ) ;
#1438 = DIRECTION ( 'NONE',  ( 0.000000000000000000, 0.000000000000000000, -1.000000000000000000 ) ) ;
#1439 = CARTESIAN_POINT ( 'NONE',  ( 12.71262581266358715, 4.799999999999999822, 3.500000000000000444 ) ) ;
#1440 = CARTESIAN_POINT ( 'NONE',  ( -5.779404045949807944, 1.103909596859301789, 2.550000000000001155 ) ) ;
#1441 = LINE ( 'NONE', #6209, #9244 ) ;
#1442 = AXIS2_PLACEMENT_3D ( 'NONE', #2869, #2048, #2944 ) ;
#1443 = EDGE_LOOP ( 'NONE', ( #1228, #3370, #9023, #3789 ) ) ;
#1444 = STYLED_ITEM ( 'NONE', ( #8551 ), #3208 ) ;
#1445 = VECTOR ( 'NONE', #6970, 1000.000000000000000 ) ;
#1446 = DIRECTION ( 'NONE',  ( 2.072739447398758462E-16, 0.000000000000000000, -1.000000000000000000 ) ) ;
#1447 = EDGE_LOOP ( 'NONE', ( #9828, #11057 ) ) ;
#1448 = DIRECTION ( 'NONE',  ( -0.000000000000000000, 0.000000000000000000, -1.000000000000000000 ) ) ;
#1449 = VERTEX_POINT ( 'NONE', #5026 ) ;
#1450 = CLOSED_SHELL ( 'NONE', ( #6175, #5676, #1451, #5173 ) ) ;
#1451 = ADVANCED_FACE ( 'NONE', ( #1869 ), #10241, .T. ) ;
#1452 = EDGE_CURVE ( 'NONE', #2435, #4408, #1790, .T. ) ;
#1453 = ORIENTED_EDGE ( 'NONE', *, *, #4036, .F. ) ;
#1454 = FILL_AREA_STYLE ('',( #2986 ) ) ;
#1455 = CARTESIAN_POINT ( 'NONE',  ( 13.51522286944952000, 1.103909596859301789, 0.09999999999999982514 ) ) ;
#1456 = EDGE_CURVE ( 'NONE', #6308, #8974, #5730, .T. ) ;
#1457 = VERTEX_POINT ( 'NONE', #538 ) ;
#1458 = CARTESIAN_POINT ( 'NONE',  ( 6.350000000000001421, -7.450000000000000178, 3.584999999999999964 ) ) ;
#1459 = CARTESIAN_POINT ( 'NONE',  ( -1.000000000000002665, 4.799999999999999822, 2.550000000000000266 ) ) ;
#1460 = CARTESIAN_POINT ( 'NONE',  ( -9.000000000000003553, 4.799999999999999822, -3.500000000000000444 ) ) ;
#1461 = CARTESIAN_POINT ( 'NONE',  ( -10.05308532237715724, 5.799999999999999822, -3.500000000000000444 ) ) ;
#1462 = VERTEX_POINT ( 'NONE', #9356 ) ;
#1463 = CARTESIAN_POINT ( 'NONE',  ( -4.915711135040740309, 5.799999999999999822, -3.500000000000000444 ) ) ;
#1464 = ORIENTED_EDGE ( 'NONE', *, *, #8378, .F. ) ;
#1465 = ORIENTED_EDGE ( 'NONE', *, *, #9597, .T. ) ;
#1466 = CARTESIAN_POINT ( 'NONE',  ( -13.41352556097974436, 5.799999999999999822, 0.4750000000000004774 ) ) ;
#1467 = ORIENTED_EDGE ( 'NONE', *, *, #7884, .F. ) ;
#1468 = EDGE_CURVE ( 'NONE', #10489, #7456, #1924, .T. ) ;
#1469 = ADVANCED_FACE ( 'NONE', ( #1884 ), #11190, .F. ) ;
#1470 = ADVANCED_FACE ( 'NONE', ( #5768 ), #8538, .F. ) ;
#1471 = DIRECTION ( 'NONE',  ( -4.280484862959055418E-16, 0.000000000000000000, -1.000000000000000000 ) ) ;
#1472 = CIRCLE ( 'NONE', #8982, 0.4750000000000005884 ) ;
#1473 = VECTOR ( 'NONE', #9948, 1000.000000000000000 ) ;
#1474 = CARTESIAN_POINT ( 'NONE',  ( 13.41352556097973547, 5.799999999999999822, -0.4750000000000000333 ) ) ;
#1475 = ORIENTED_EDGE ( 'NONE', *, *, #439, .F. ) ;
#1476 = CARTESIAN_POINT ( 'NONE',  ( -14.36522286944952498, 1.103909596859301789, -0.09999999999999982514 ) ) ;
#1477 = CARTESIAN_POINT ( 'NONE',  ( -13.41352556097974436, 5.799999999999999822, 0.4750000000000004774 ) ) ;
#1478 = FACE_OUTER_BOUND ( 'NONE', #1432, .T. ) ;
#1479 = DIRECTION ( 'NONE',  ( -0.000000000000000000, 1.000000000000000000, -0.000000000000000000 ) ) ;
#1480 = ORIENTED_EDGE ( 'NONE', *, *, #6297, .F. ) ;
#1481 = ORIENTED_EDGE ( 'NONE', *, *, #11503, .T. ) ;
#1482 = EDGE_CURVE ( 'NONE', #1817, #10168, #5468, .T. ) ;
#1483 = PLANE ( 'NONE',  #9348 ) ;
#1484 = ORIENTED_EDGE ( 'NONE', *, *, #6359, .T. ) ;
#1485 = EDGE_CURVE ( 'NONE', #7188, #5829, #1750, .T. ) ;
#1486 = CARTESIAN_POINT ( 'NONE',  ( 0.2205331856370010557, 4.799999999999999822, -1.250705846325504966 ) ) ;
#1487 = DIRECTION ( 'NONE',  ( 0.1736481776669313026, 0.000000000000000000, -0.9848077530122079093 ) ) ;
#1488 = ORIENTED_EDGE ( 'NONE', *, *, #10140, .F. ) ;
#1489 = CARTESIAN_POINT ( 'NONE',  ( -5.413525560979744355, 1.103909596859301789, 0.4750000000000004774 ) ) ;
#1490 = CARTESIAN_POINT ( 'NONE',  ( -16.10000000000000142, 0.000000000000000000, 5.099999999999999645 ) ) ;
#1491 = DIRECTION ( 'NONE',  ( 0.000000000000000000, 0.000000000000000000, 1.000000000000000000 ) ) ;
#1492 = CARTESIAN_POINT ( 'NONE',  ( 3.119863555663366483, 4.799999999999999822, -2.550000000000000711 ) ) ;
#1493 = ADVANCED_FACE ( 'NONE', ( #5501 ), #5677, .F. ) ;
#1494 = FACE_OUTER_BOUND ( 'NONE', #4954, .T. ) ;
#1495 = ORIENTED_EDGE ( 'NONE', *, *, #11015, .T. ) ;
#1496 = EDGE_CURVE ( 'NONE', #3885, #544, #5594, .T. ) ;
#1497 = DIRECTION ( 'NONE',  ( -0.1736481776669307753, 0.000000000000000000, 0.9848077530122080203 ) ) ;
#1498 = PRESENTATION_LAYER_ASSIGNMENT (  '', '', ( #2595 ) ) ;
#1499 = VERTEX_POINT ( 'NONE', #1466 ) ;
#1500 = ORIENTED_EDGE ( 'NONE', *, *, #9427, .F. ) ;
#1501 = DIRECTION ( 'NONE',  ( -0.1736481776669316635, 0.000000000000000000, 0.9848077530122076872 ) ) ;
#1502 = AXIS2_PLACEMENT_3D ( 'NONE', #1455, #2842, #9124 ) ;
#1503 = PLANE ( 'NONE',  #4810 ) ;
#1504 = ORIENTED_EDGE ( 'NONE', *, *, #5258, .T. ) ;
#1505 = EDGE_CURVE ( 'NONE', #3049, #9900, #9382, .T. ) ;
#1506 = CARTESIAN_POINT ( 'NONE',  ( -9.634777130550480351, 4.799999999999999822, 0.1000000000000000056 ) ) ;
#1507 = EDGE_CURVE ( 'NONE', #763, #10386, #1699, .T. ) ;
#1508 = FILL_AREA_STYLE ('',( #10614 ) ) ;
#1509 = LINE ( 'NONE', #180, #9861 ) ;
#1510 = DIRECTION ( 'NONE',  ( -1.630660900174878325E-16, 0.000000000000000000, -1.000000000000000000 ) ) ;
#1511 = LINE ( 'NONE', #2873, #5481 ) ;
#1512 = DIRECTION ( 'NONE',  ( -0.1736481776669316635, 0.000000000000000000, 0.9848077530122076872 ) ) ;
#1513 = ADVANCED_FACE ( 'NONE', ( #5574 ), #11264, .F. ) ;
#1514 = PRESENTATION_STYLE_ASSIGNMENT (( #6037 ) ) ;
#1515 = CARTESIAN_POINT ( 'NONE',  ( -6.400488265591218529, 4.799999999999999822, 0.09999999999999982514 ) ) ;
#1516 = VERTEX_POINT ( 'NONE', #2810 ) ;
#1517 = AXIS2_PLACEMENT_3D ( 'NONE', #157, #3086, #7537 ) ;
#1518 = PLANE ( 'NONE',  #2185 ) ;
#1519 = CARTESIAN_POINT ( 'NONE',  ( 5.515222869449519116, 4.799999999999999822, 0.09999999999999982514 ) ) ;
#1520 = ORIENTED_EDGE ( 'NONE', *, *, #4080, .F. ) ;
#1521 = ADVANCED_FACE ( 'NONE', ( #9459 ), #7258, .T. ) ;
#1522 = EDGE_LOOP ( 'NONE', ( #6386, #2028, #6391, #5921 ) ) ;
#1523 = EDGE_CURVE ( 'NONE', #1794, #11383, #9471, .T. ) ;
#1524 = AXIS2_PLACEMENT_3D ( 'NONE', #4630, #5697, #6592 ) ;
#1525 = ORIENTED_EDGE ( 'NONE', *, *, #5129, .T. ) ;
#1526 = CARTESIAN_POINT ( 'NONE',  ( -5.946914677622851642, 4.799999999999999822, 3.500000000000000444 ) ) ;
#1527 = EDGE_CURVE ( 'NONE', #3944, #9405, #2112, .T. ) ;
#1528 = CARTESIAN_POINT ( 'NONE',  ( 6.149999999999997691, 1.103909596859301789, -3.500000000000000444 ) ) ;
#1529 = VECTOR ( 'NONE', #8632, 1000.000000000000000 ) ;
#1530 = FACE_OUTER_BOUND ( 'NONE', #7775, .T. ) ;
#1531 = CARTESIAN_POINT ( 'NONE',  ( -10.58647443902026453, 4.799999999999999822, -0.4749999999999999778 ) ) ;
#1532 = VECTOR ( 'NONE', #3619, 1000.000000000000000 ) ;
#1533 = DIRECTION ( 'NONE',  ( 2.072739447398754025E-16, -0.000000000000000000, 1.000000000000000000 ) ) ;
#1534 = CARTESIAN_POINT ( 'NONE',  ( -0.2205331856370015831, 4.799999999999999822, 1.250705846325504966 ) ) ;
#1535 = EDGE_LOOP ( 'NONE', ( #1318, #1337, #4613, #9403 ) ) ;
#1536 = EDGE_CURVE ( 'NONE', #7713, #8995, #9724, .T. ) ;
#1537 = DIRECTION ( 'NONE',  ( 0.000000000000000000, 1.000000000000000000, 0.000000000000000000 ) ) ;
#1538 = ORIENTED_EDGE ( 'NONE', *, *, #6186, .F. ) ;
#1539 = PLANE ( 'NONE',  #7781 ) ;
#1540 = VECTOR ( 'NONE', #7672, 1000.000000000000114 ) ;
#1541 = ADVANCED_FACE ( 'NONE', ( #2057 ), #9954, .F. ) ;
#1542 = PLANE ( 'NONE',  #4843 ) ;
#1543 = ORIENTED_EDGE ( 'NONE', *, *, #2762, .F. ) ;
#1544 = EDGE_CURVE ( 'NONE', #1946, #5694, #5866, .T. ) ;
#1545 = AXIS2_PLACEMENT_3D ( 'NONE', #3163, #10242, #7532 ) ;
#1546 = COLOUR_RGB ( '',0.7529411764705882248, 0.000000000000000000, 0.000000000000000000 ) ;
#1547 = FACE_OUTER_BOUND ( 'NONE', #8121, .T. ) ;
#1548 = DIRECTION ( 'NONE',  ( 1.000000000000000000, 0.000000000000000000, -2.072739447398762653E-16 ) ) ;
#1549 = DIRECTION ( 'NONE',  ( -0.000000000000000000, 1.000000000000000000, -0.000000000000000000 ) ) ;
#1550 = CARTESIAN_POINT ( 'NONE',  ( -10.22059595405019827, 4.799999999999999822, -2.550000000000000711 ) ) ;
#1551 = CARTESIAN_POINT ( 'NONE',  ( 0.000000000000000000, 4.799999999999999822, 0.000000000000000000 ) ) ;
#1552 = ORIENTED_EDGE ( 'NONE', *, *, #9113, .F. ) ;
#1553 = SURFACE_STYLE_FILL_AREA ( #10781 ) ;
#1554 = CLOSED_SHELL ( 'NONE', ( #11001, #6225, #7680, #2646 ) ) ;
#1555 = CARTESIAN_POINT ( 'NONE',  ( 9.000000000000001776, 1.103909596859301789, 3.500000000000000444 ) ) ;
#1556 = ORIENTED_EDGE ( 'NONE', *, *, #2598, .F. ) ;
#1557 = AXIS2_PLACEMENT_3D ( 'NONE', #1413, #2424, #1331 ) ;
#1558 = CARTESIAN_POINT ( 'NONE',  ( -5.515222869449522669, 1.103909596859301789, -0.1000000000000000056 ) ) ;
#1559 = CARTESIAN_POINT ( 'NONE',  ( -1.000000000000002665, 5.799999999999999822, 3.025000000000000799 ) ) ;
#1560 = VERTEX_POINT ( 'NONE', #10873 ) ;
#1561 = DIRECTION ( 'NONE',  ( 0.000000000000000000, 1.000000000000000000, 0.000000000000000000 ) ) ;
#1562 = CARTESIAN_POINT ( 'NONE',  ( 14.99999999999999822, 4.799999999999999822, 3.025000000000000799 ) ) ;
#1563 = DIRECTION ( 'NONE',  ( 0.000000000000000000, 1.000000000000000000, 0.000000000000000000 ) ) ;
#1564 = ORIENTED_EDGE ( 'NONE', *, *, #11424, .F. ) ;
#1565 = ADVANCED_FACE ( 'NONE', ( #9956 ), #2883, .F. ) ;
#1566 = ADVANCED_FACE ( 'NONE', ( #9794 ), #4259, .F. ) ;
#1567 = VECTOR ( 'NONE', #9158, 1000.000000000000114 ) ;
#1568 = DIRECTION ( 'NONE',  ( 0.9848077530122080203, 0.000000000000000000, 0.1736481776669307475 ) ) ;
#1569 = LINE ( 'NONE', #6949, #1658 ) ;
#1570 = ORIENTED_EDGE ( 'NONE', *, *, #4987, .F. ) ;
#1571 = DIRECTION ( 'NONE',  ( -0.000000000000000000, 1.000000000000000000, 0.000000000000000000 ) ) ;
#1572 = VECTOR ( 'NONE', #3001, 1000.000000000000000 ) ;
#1573 = ORIENTED_EDGE ( 'NONE', *, *, #1703, .F. ) ;
#1574 = CARTESIAN_POINT ( 'NONE',  ( 13.24601492930669444, 5.799999999999999822, 0.4749999999999995892 ) ) ;
#1575 = CARTESIAN_POINT ( 'NONE',  ( 2.586474439020256089, 4.799999999999999822, 0.4750000000000004774 ) ) ;
#1576 = ORIENTED_EDGE ( 'NONE', *, *, #1853, .T. ) ;
#1577 = DIRECTION ( 'NONE',  ( -0.000000000000000000, 0.000000000000000000, -1.000000000000000000 ) ) ;
#1578 = AXIS2_PLACEMENT_3D ( 'NONE', #480, #5853, #2207 ) ;
#1579 = VERTEX_POINT ( 'NONE', #4567 ) ;
#1580 = SURFACE_STYLE_USAGE ( .BOTH. , #7025 ) ;
#1581 = DIRECTION ( 'NONE',  ( 0.000000000000000000, 0.000000000000000000, -1.000000000000000000 ) ) ;
#1582 = CARTESIAN_POINT ( 'NONE',  ( -9.000000000000003553, 4.799999999999999822, 3.025000000000000799 ) ) ;
#1583 = CARTESIAN_POINT ( 'NONE',  ( -1.269999999999999352, 0.5000000000000000000, -3.810000000000000941 ) ) ;
#1584 = EDGE_CURVE ( 'NONE', #8658, #280, #2315, .T. ) ;
#1585 = VECTOR ( 'NONE', #9350, 1000.000000000000114 ) ;
#1586 = DIRECTION ( 'NONE',  ( -0.000000000000000000, 1.000000000000000000, -0.000000000000000000 ) ) ;
#1587 = STYLED_ITEM ( 'NONE', ( #6467 ), #4003 ) ;
#1588 = ORIENTED_EDGE ( 'NONE', *, *, #8335, .T. ) ;
#1589 = DIRECTION ( 'NONE',  ( 0.1736481776669298871, 0.000000000000000000, -0.9848077530122082424 ) ) ;
#1590 = CARTESIAN_POINT ( 'NONE',  ( 14.99999999999999822, 4.799999999999999822, 3.500000000000001332 ) ) ;
#1591 = ORIENTED_EDGE ( 'NONE', *, *, #8483, .T. ) ;
#1592 = FACE_OUTER_BOUND ( 'NONE', #7274, .T. ) ;
#1593 = EDGE_CURVE ( 'NONE', #7559, #4891, #2075, .T. ) ;
#1594 = VERTEX_POINT ( 'NONE', #5269 ) ;
#1595 = CARTESIAN_POINT ( 'NONE',  ( 10.44951173440878378, 4.799999999999999822, 0.1000000000000000056 ) ) ;
#1596 = ORIENTED_EDGE ( 'NONE', *, *, #3374, .T. ) ;
#1597 = DIRECTION ( 'NONE',  ( -0.000000000000000000, 1.000000000000000000, -0.000000000000000000 ) ) ;
#1598 = AXIS2_PLACEMENT_3D ( 'NONE', #6027, #6936, #417 ) ;
#1599 = SURFACE_STYLE_FILL_AREA ( #5999 ) ;
#1600 = FACE_OUTER_BOUND ( 'NONE', #10769, .T. ) ;
#1601 = PLANE ( 'NONE',  #7445 ) ;
#1602 = DIRECTION ( 'NONE',  ( -0.1736481776669313026, 0.000000000000000000, 0.9848077530122079093 ) ) ;
#1603 = ADVANCED_FACE ( 'NONE', ( #9740 ), #6778, .F. ) ;
#1604 = COLOUR_RGB ( '',0.7529411764705882248, 0.000000000000000000, 0.000000000000000000 ) ;
#1605 = CARTESIAN_POINT ( 'NONE',  ( -9.000000000000003553, 4.799999999999999822, -3.500000000000000888 ) ) ;
#1606 = CARTESIAN_POINT ( 'NONE',  ( 10.75398507069329845, 4.799999999999999822, -0.4749999999999989231 ) ) ;
#1607 = ORIENTED_EDGE ( 'NONE', *, *, #1795, .F. ) ;
#1608 = DIRECTION ( 'NONE',  ( -1.000000000000000000, 0.000000000000000000, 0.000000000000000000 ) ) ;
#1609 = FACE_OUTER_BOUND ( 'NONE', #10572, .T. ) ;
#1610 = ORIENTED_EDGE ( 'NONE', *, *, #6011, .F. ) ;
#1611 = DIRECTION ( 'NONE',  ( -0.000000000000000000, 1.000000000000000000, -0.000000000000000000 ) ) ;
#1612 = DIRECTION ( 'NONE',  ( -0.9848077530122082424, 0.000000000000000000, -0.1736481776669299149 ) ) ;
#1613 = ORIENTED_EDGE ( 'NONE', *, *, #10961, .F. ) ;
#1614 = ORIENTED_EDGE ( 'NONE', *, *, #8084, .T. ) ;
#1615 = EDGE_CURVE ( 'NONE', #4604, #1779, #1994, .T. ) ;
#1616 = CYLINDRICAL_SURFACE ( 'NONE', #9618, 0.2249999999999999500 ) ;
#1617 = CARTESIAN_POINT ( 'NONE',  ( 3.810000000000000941, 0.5000000000000000000, 3.810000000000000053 ) ) ;
#1618 = CARTESIAN_POINT ( 'NONE',  ( 5.246014929306694441, 4.799999999999999822, 0.4749999999999995892 ) ) ;
#1619 = FILL_AREA_STYLE_COLOUR ( '', #5873 ) ;
#1620 = FILL_AREA_STYLE ('',( #6994 ) ) ;
#1621 = LINE ( 'NONE', #10764, #5556 ) ;
#1622 = ORIENTED_EDGE ( 'NONE', *, *, #6166, .T. ) ;
#1623 = EDGE_LOOP ( 'NONE', ( #6537, #2495, #5085, #2711 ) ) ;
#1624 = DIRECTION ( 'NONE',  ( 0.000000000000000000, 1.000000000000000000, -0.000000000000000000 ) ) ;
#1625 = FACE_OUTER_BOUND ( 'NONE', #10923, .T. ) ;
#1626 = ADVANCED_FACE ( 'NONE', ( #6121 ), #7401, .T. ) ;
#1627 = DIRECTION ( 'NONE',  ( -1.000000000000000000, 0.000000000000000000, 1.630660900174879311E-16 ) ) ;
#1628 = ORIENTED_EDGE ( 'NONE', *, *, #7257, .F. ) ;
#1629 = CARTESIAN_POINT ( 'NONE',  ( 10.22059595405019117, 5.799999999999999822, 2.550000000000001155 ) ) ;
#1630 = CARTESIAN_POINT ( 'NONE',  ( 14.40048826559121409, 1.103909596859301789, -0.1000000000000000056 ) ) ;
#1631 = ORIENTED_EDGE ( 'NONE', *, *, #2062, .T. ) ;
#1632 = EDGE_CURVE ( 'NONE', #2934, #3397, #9774, .T. ) ;
#1633 = AXIS2_PLACEMENT_3D ( 'NONE', #1489, #3890, #2355 ) ;
#1634 = CARTESIAN_POINT ( 'NONE',  ( 10.23428886495925560, 5.799999999999999822, -3.500000000000000444 ) ) ;
#1635 = LINE ( 'NONE', #6436, #1428 ) ;
#1636 = DIRECTION ( 'NONE',  ( -1.000000000000000000, 0.000000000000000000, 0.000000000000000000 ) ) ;
#1637 = AXIS2_PLACEMENT_3D ( 'NONE', #9146, #2708, #6423 ) ;
#1638 = EDGE_CURVE ( 'NONE', #380, #1060, #2029, .T. ) ;
#1639 = EDGE_CURVE ( 'NONE', #2413, #10945, #10024, .T. ) ;
#1640 = VECTOR ( 'NONE', #7028, 1000.000000000000000 ) ;
#1641 = CLOSED_SHELL ( 'NONE', ( #6086, #3376, #531, #7085, #10258, #6815 ) ) ;
#1642 = CARTESIAN_POINT ( 'NONE',  ( -6.400488265591218529, 5.799999999999999822, 0.09999999999999982514 ) ) ;
#1643 = VECTOR ( 'NONE', #4623, 1000.000000000000000 ) ;
#1644 = VERTEX_POINT ( 'NONE', #9389 ) ;
#1645 = VECTOR ( 'NONE', #7978, 1000.000000000000000 ) ;
#1646 = DIRECTION ( 'NONE',  ( 0.000000000000000000, 1.000000000000000000, 0.000000000000000000 ) ) ;
#1647 = EDGE_LOOP ( 'NONE', ( #10379, #1910, #6414, #5806 ) ) ;
#1648 = EDGE_CURVE ( 'NONE', #9855, #588, #5805, .T. ) ;
#1649 = VERTEX_POINT ( 'NONE', #10275 ) ;
#1650 = CARTESIAN_POINT ( 'NONE',  ( -10.75398507069330556, 1.103909596859301789, 0.4749999999999995892 ) ) ;
#1651 = ADVANCED_FACE ( 'NONE', ( #6006 ), #488, .T. ) ;
#1652 = CARTESIAN_POINT ( 'NONE',  ( 5.550488265591215331, 5.799999999999999822, -0.09999999999999982514 ) ) ;
#1653 = CARTESIAN_POINT ( 'NONE',  ( 14.14999999999999680, 4.799999999999999822, -3.500000000000000444 ) ) ;
#1654 = CARTESIAN_POINT ( 'NONE',  ( -10.23428886495926449, 4.799999999999999822, 3.499999999999999556 ) ) ;
#1655 = LINE ( 'NONE', #5343, #1473 ) ;
#1656 = EDGE_CURVE ( 'NONE', #7036, #8699, #6136, .T. ) ;
#1657 = CARTESIAN_POINT ( 'NONE',  ( 2.234288864959256049, 1.103909596859301789, -3.500000000000000444 ) ) ;
#1658 = VECTOR ( 'NONE', #7821, 1000.000000000000000 ) ;
#1659 = DIRECTION ( 'NONE',  ( -1.000000000000000000, 0.000000000000000000, -2.072739447398758462E-16 ) ) ;
#1660 = VERTEX_POINT ( 'NONE', #1184 ) ;
#1661 = EDGE_CURVE ( 'NONE', #8052, #3663, #5985, .T. ) ;
#1662 =( GEOMETRIC_REPRESENTATION_CONTEXT ( 3 ) GLOBAL_UNCERTAINTY_ASSIGNED_CONTEXT ( ( #2123 ) ) GLOBAL_UNIT_ASSIGNED_CONTEXT ( ( #9458, #6523, #10940 ) ) REPRESENTATION_CONTEXT ( 'NONE', 'WORKASPACE' ) );
#1663 = CARTESIAN_POINT ( 'NONE',  ( 10.48477713055047822, 4.799999999999999822, -0.1000000000000000056 ) ) ;
#1664 = PRESENTATION_STYLE_ASSIGNMENT (( #2940 ) ) ;
#1665 = ORIENTED_EDGE ( 'NONE', *, *, #433, .T. ) ;
#1666 = FACE_OUTER_BOUND ( 'NONE', #11300, .T. ) ;
#1667 = ORIENTED_EDGE ( 'NONE', *, *, #2319, .F. ) ;
#1668 = DIRECTION ( 'NONE',  ( 1.000000000000000000, 0.000000000000000000, 0.000000000000000000 ) ) ;
#1669 = ORIENTED_EDGE ( 'NONE', *, *, #238, .F. ) ;
#1670 = DIRECTION ( 'NONE',  ( -0.000000000000000000, -0.000000000000000000, 1.000000000000000000 ) ) ;
#1671 = VECTOR ( 'NONE', #1597, 1000.000000000000000 ) ;
#1672 = LINE ( 'NONE', #1179, #5532 ) ;
#1673 = ADVANCED_FACE ( 'NONE', ( #9865 ), #9762, .T. ) ;
#1674 = CARTESIAN_POINT ( 'NONE',  ( 1.270000000000000240, -15.53639610306789187, -3.810000000000000941 ) ) ;
#1675 = DIRECTION ( 'NONE',  ( 0.9848077530122081313, 0.000000000000000000, 0.1736481776669298316 ) ) ;
#1676 = VECTOR ( 'NONE', #7440, 1000.000000000000000 ) ;
#1677 = DIRECTION ( 'NONE',  ( -1.000000000000000000, 0.000000000000000000, 0.000000000000000000 ) ) ;
#1678 = CARTESIAN_POINT ( 'NONE',  ( -2.220595954050198717, 4.799999999999999822, -2.550000000000000711 ) ) ;
#1679 = EDGE_LOOP ( 'NONE', ( #8903, #5673 ) ) ;
#1680 = DIRECTION ( 'NONE',  ( 0.000000000000000000, 1.000000000000000000, 0.000000000000000000 ) ) ;
#1681 = ORIENTED_EDGE ( 'NONE', *, *, #10790, .T. ) ;
#1682 = EDGE_CURVE ( 'NONE', #3923, #4265, #9975, .T. ) ;
#1683 = DIRECTION ( 'NONE',  ( -0.000000000000000000, 1.000000000000000000, -0.000000000000000000 ) ) ;
#1684 = ORIENTED_EDGE ( 'NONE', *, *, #7615, .F. ) ;
#1685 = AXIS2_PLACEMENT_3D ( 'NONE', #2799, #7247, #860 ) ;
#1686 = EDGE_LOOP ( 'NONE', ( #10776, #8842, #3212, #5030 ) ) ;
#1687 = VERTEX_POINT ( 'NONE', #2754 ) ;
#1688 = DIRECTION ( 'NONE',  ( -1.000000000000000000, 0.000000000000000000, 4.280484862959055418E-16 ) ) ;
#1689 = VECTOR ( 'NONE', #6434, 1000.000000000000000 ) ;
#1690 = AXIS2_PLACEMENT_3D ( 'NONE', #391, #10993, #2119 ) ;
#1691 = CARTESIAN_POINT ( 'NONE',  ( -15.35000000000000320, 0.000000000000000000, -5.100000000000000533 ) ) ;
#1692 = AXIS2_PLACEMENT_3D ( 'NONE', #3585, #3690, #1142 ) ;
#1693 = PLANE ( 'NONE',  #81 ) ;
#1694 = CARTESIAN_POINT ( 'NONE',  ( 2.220595954050192056, 4.799999999999999822, 2.550000000000001155 ) ) ;
#1695 = ADVANCED_FACE ( 'NONE', ( #5948 ), #9885, .T. ) ;
#1696 = UNCERTAINTY_MEASURE_WITH_UNIT (LENGTH_MEASURE( 1.000000000000000082E-05 ), #472, 'distance_accuracy_value', 'NONE');
#1697 = DIRECTION ( 'NONE',  ( 0.000000000000000000, 1.000000000000000000, 0.000000000000000000 ) ) ;
#1698 = ORIENTED_EDGE ( 'NONE', *, *, #1770, .T. ) ;
#1699 = LINE ( 'NONE', #7922, #9436 ) ;
#1700 = ORIENTED_EDGE ( 'NONE', *, *, #2324, .F. ) ;
#1701 = DIRECTION ( 'NONE',  ( 0.000000000000000000, 0.000000000000000000, 1.000000000000000000 ) ) ;
#1702 = ORIENTED_EDGE ( 'NONE', *, *, #930, .F. ) ;
#1703 = EDGE_CURVE ( 'NONE', #1560, #11416, #2299, .T. ) ;
#1704 = DIRECTION ( 'NONE',  ( 1.000000000000000000, 0.000000000000000000, -2.072739447398762653E-16 ) ) ;
#1705 = PLANE ( 'NONE',  #5861 ) ;
#1706 = EDGE_LOOP ( 'NONE', ( #10748, #828, #10656, #1401 ) ) ;
#1707 = CARTESIAN_POINT ( 'NONE',  ( -4.880136444336633517, 1.103909596859301789, -2.550000000000000711 ) ) ;
#1708 = CARTESIAN_POINT ( 'NONE',  ( -10.58647443902026453, 5.799999999999999822, -0.4750000000000000333 ) ) ;
#1709 = EDGE_LOOP ( 'NONE', ( #10590, #6368 ) ) ;
#1710 = MANIFOLD_SOLID_BREP ( 'Boss-Extrude3[2]', #1554 ) ;
#1711 = CYLINDRICAL_SURFACE ( 'NONE', #1269, 0.2250000000000003664 ) ;
#1712 = AXIS2_PLACEMENT_3D ( 'NONE', #3547, #1072, #4689 ) ;
#1713 = VECTOR ( 'NONE', #9421, 1000.000000000000114 ) ;
#1714 = ORIENTED_EDGE ( 'NONE', *, *, #4317, .F. ) ;
#1715 = DIRECTION ( 'NONE',  ( 0.000000000000000000, 0.000000000000000000, 1.000000000000000000 ) ) ;
#1716 = EDGE_CURVE ( 'NONE', #3325, #5093, #9991, .T. ) ;
#1717 = ORIENTED_EDGE ( 'NONE', *, *, #10707, .T. ) ;
#1718 = ADVANCED_FACE ( 'NONE', ( #9902 ), #9667, .T. ) ;
#1719 = ORIENTED_EDGE ( 'NONE', *, *, #1984, .F. ) ;
#1720 = CARTESIAN_POINT ( 'NONE',  ( 2.053085322377148803, 4.799999999999999822, 3.500000000000000444 ) ) ;
#1721 = EDGE_CURVE ( 'NONE', #5368, #10730, #2151, .T. ) ;
#1722 = ORIENTED_EDGE ( 'NONE', *, *, #7904, .F. ) ;
#1723 = MECHANICAL_DESIGN_GEOMETRIC_PRESENTATION_REPRESENTATION (  '', ( #10925 ), #1052 ) ;
#1724 = DIRECTION ( 'NONE',  ( 0.000000000000000000, 1.000000000000000000, 0.000000000000000000 ) ) ;
#1725 = DIRECTION ( 'NONE',  ( -0.1736481776669313026, 0.000000000000000000, 0.9848077530122079093 ) ) ;
#1726 = CARTESIAN_POINT ( 'NONE',  ( -1.000000000000002665, 5.799999999999999822, -3.500000000000000444 ) ) ;
#1727 = LINE ( 'NONE', #10135, #5879 ) ;
#1728 = CARTESIAN_POINT ( 'NONE',  ( -4.915711135040740309, 5.799999999999999822, -3.500000000000000444 ) ) ;
#1729 = LINE ( 'NONE', #6889, #6103 ) ;
#1730 = PLANE ( 'NONE',  #2348 ) ;
#1731 = ORIENTED_EDGE ( 'NONE', *, *, #3651, .F. ) ;
#1732 = ORIENTED_EDGE ( 'NONE', *, *, #8270, .T. ) ;
#1733 = ORIENTED_EDGE ( 'NONE', *, *, #1327, .T. ) ;
#1734 = PRODUCT_DEFINITION ( 'UNKNOWN', '', #9133, #10041 ) ;
#1735 = ORIENTED_EDGE ( 'NONE', *, *, #3805, .T. ) ;
#1736 = DIRECTION ( 'NONE',  ( 0.000000000000000000, 1.000000000000000000, 0.000000000000000000 ) ) ;
#1737 = DIRECTION ( 'NONE',  ( 0.000000000000000000, 0.000000000000000000, 1.000000000000000000 ) ) ;
#1738 = CARTESIAN_POINT ( 'NONE',  ( -1.850000000000002753, 4.799999999999999822, -3.500000000000000444 ) ) ;
#1739 = VERTEX_POINT ( 'NONE', #1634 ) ;
#1740 = DIRECTION ( 'NONE',  ( -0.000000000000000000, 1.000000000000000000, -0.000000000000000000 ) ) ;
#1741 = ADVANCED_FACE ( 'NONE', ( #6080 ), #1859, .T. ) ;
#1742 = FACE_OUTER_BOUND ( 'NONE', #8572, .T. ) ;
#1743 = DIRECTION ( 'NONE',  ( -4.280484862959055418E-16, 0.000000000000000000, -1.000000000000000000 ) ) ;
#1744 = LINE ( 'NONE', #5825, #6083 ) ;
#1745 = PLANE ( 'NONE',  #6222 ) ;
#1746 = CARTESIAN_POINT ( 'NONE',  ( -5.246014929306701546, 1.103909596859301789, -0.4749999999999989231 ) ) ;
#1747 = ORIENTED_EDGE ( 'NONE', *, *, #10008, .F. ) ;
#1748 = PLANE ( 'NONE',  #547 ) ;
#1749 = AXIS2_PLACEMENT_3D ( 'NONE', #565, #9454, #8649 ) ;
#1750 = LINE ( 'NONE', #4771, #9345 ) ;
#1751 = VERTEX_POINT ( 'NONE', #2518 ) ;
#1752 = DIRECTION ( 'NONE',  ( 0.9848077530122080203, -0.000000000000000000, 0.1736481776669307753 ) ) ;
#1753 = VECTOR ( 'NONE', #9488, 999.9999999999998863 ) ;
#1754 = CARTESIAN_POINT ( 'NONE',  ( -4.712625812663592484, 5.799999999999999822, -3.500000000000000000 ) ) ;
#1755 = ORIENTED_EDGE ( 'NONE', *, *, #4096, .T. ) ;
#1756 = EDGE_CURVE ( 'NONE', #7081, #1794, #9939, .T. ) ;
#1757 = ORIENTED_EDGE ( 'NONE', *, *, #7625, .F. ) ;
#1758 = DIRECTION ( 'NONE',  ( -0.1736481776669313026, 0.000000000000000000, 0.9848077530122079093 ) ) ;
#1759 = FACE_OUTER_BOUND ( 'NONE', #5447, .T. ) ;
#1760 = FILL_AREA_STYLE_COLOUR ( '', #7982 ) ;
#1761 = MECHANICAL_DESIGN_GEOMETRIC_PRESENTATION_REPRESENTATION (  '', ( #9442 ), #1220 ) ;
#1762 = ADVANCED_FACE ( 'NONE', ( #10130 ), #7010, .T. ) ;
#1763 = CARTESIAN_POINT ( 'NONE',  ( 15.34999999999999609, 0.000000000000000000, -5.100000000000000533 ) ) ;
#1764 = FACE_OUTER_BOUND ( 'NONE', #6550, .T. ) ;
#1765 = DIRECTION ( 'NONE',  ( 1.000000000000000000, 0.000000000000000000, -2.072739447398762653E-16 ) ) ;
#1766 = ORIENTED_EDGE ( 'NONE', *, *, #6034, .T. ) ;
#1767 = FACE_OUTER_BOUND ( 'NONE', #5699, .T. ) ;
#1768 = ORIENTED_EDGE ( 'NONE', *, *, #11527, .F. ) ;
#1769 = CARTESIAN_POINT ( 'NONE',  ( -16.10000000000000142, 0.5000000000000000000, 4.350000000000000533 ) ) ;
#1770 = EDGE_CURVE ( 'NONE', #4451, #6276, #10415, .T. ) ;
#1771 = CARTESIAN_POINT ( 'NONE',  ( -5.550488265591217107, 4.799999999999999822, 0.1000000000000000056 ) ) ;
#1772 = AXIS2_PLACEMENT_3D ( 'NONE', #1653, #4454, #7896 ) ;
#1773 = ORIENTED_EDGE ( 'NONE', *, *, #4806, .F. ) ;
#1774 = DIRECTION ( 'NONE',  ( -1.000000000000000000, 0.000000000000000000, 0.000000000000000000 ) ) ;
#1775 = AXIS2_PLACEMENT_3D ( 'NONE', #8372, #1011, #4704 ) ;
#1776 = CARTESIAN_POINT ( 'NONE',  ( 13.24601492930669444, 5.799999999999999822, 0.4749999999999995892 ) ) ;
#1777 = EDGE_CURVE ( 'NONE', #7618, #813, #2373, .T. ) ;
#1778 = DIRECTION ( 'NONE',  ( 0.1736481776669298871, 0.000000000000000000, -0.9848077530122082424 ) ) ;
#1779 = VERTEX_POINT ( 'NONE', #11034 ) ;
#1780 = CARTESIAN_POINT ( 'NONE',  ( 16.09999999999999787, 5.799999999999999822, -5.100000000000000533 ) ) ;
#1781 = SURFACE_SIDE_STYLE ('',( #6152 ) ) ;
#1782 = ORIENTED_EDGE ( 'NONE', *, *, #9150, .T. ) ;
#1783 = VECTOR ( 'NONE', #8863, 1000.000000000000114 ) ;
#1784 = DIRECTION ( 'NONE',  ( 0.000000000000000000, 1.000000000000000000, 0.000000000000000000 ) ) ;
#1785 = ADVANCED_FACE ( 'NONE', ( #6381 ), #10965, .T. ) ;
#1786 = SURFACE_STYLE_FILL_AREA ( #8872 ) ;
#1787 = LINE ( 'NONE', #1905, #5744 ) ;
#1788 = VERTEX_POINT ( 'NONE', #9335 ) ;
#1789 = EDGE_CURVE ( 'NONE', #2827, #8303, #2728, .T. ) ;
#1790 = LINE ( 'NONE', #4691, #5707 ) ;
#1791 = VERTEX_POINT ( 'NONE', #198 ) ;
#1792 = MANIFOLD_SOLID_BREP ( 'LPattern2[3]', #2959 ) ;
#1793 = CARTESIAN_POINT ( 'NONE',  ( -6.149999999999999467, 5.799999999999999822, 3.500000000000000444 ) ) ;
#1794 = VERTEX_POINT ( 'NONE', #4830 ) ;
#1795 = EDGE_CURVE ( 'NONE', #3192, #7108, #6398, .T. ) ;
#1796 = ORIENTED_EDGE ( 'NONE', *, *, #3674, .F. ) ;
#1797 = CARTESIAN_POINT ( 'NONE',  ( 13.55048826559121444, 1.103909596859301789, -0.09999999999999982514 ) ) ;
#1798 = EDGE_CURVE ( 'NONE', #653, #6367, #6321, .T. ) ;
#1799 =( LENGTH_UNIT ( ) NAMED_UNIT ( * ) SI_UNIT ( .MILLI., .METRE. ) );
#1800 = AXIS2_PLACEMENT_3D ( 'NONE', #7856, #1612, #10406 ) ;
#1801 = PLANE ( 'NONE',  #3552 ) ;
#1802 = DIRECTION ( 'NONE',  ( -0.000000000000000000, 1.000000000000000000, -0.000000000000000000 ) ) ;
#1803 = LINE ( 'NONE', #9732, #9523 ) ;
#1804 = CARTESIAN_POINT ( 'NONE',  ( -1.269999999999999352, 0.5000000000000000000, 3.810000000000000053 ) ) ;
#1805 = CYLINDRICAL_SURFACE ( 'NONE', #2867, 0.4750000000000005884 ) ;
#1806 = CARTESIAN_POINT ( 'NONE',  ( -3.084288864959265020, 5.799999999999999822, 3.499999999999999556 ) ) ;
#1807 = ORIENTED_EDGE ( 'NONE', *, *, #10214, .F. ) ;
#1808 = AXIS2_PLACEMENT_3D ( 'NONE', #836, #7030, #10458 ) ;
#1809 = DIRECTION ( 'NONE',  ( 1.000000000000000000, 0.000000000000000000, -3.465154412871614037E-16 ) ) ;
#1810 = VECTOR ( 'NONE', #2043, 1000.000000000000000 ) ;
#1811 = ORIENTED_EDGE ( 'NONE', *, *, #4834, .F. ) ;
#1812 = VECTOR ( 'NONE', #6277, 1000.000000000000000 ) ;
#1813 = ADVANCED_FACE ( 'NONE', ( #2588 ), #3763, .T. ) ;
#1814 = ORIENTED_EDGE ( 'NONE', *, *, #226, .T. ) ;
#1815 = CARTESIAN_POINT ( 'NONE',  ( 2.234288864959256049, 4.799999999999999822, -3.500000000000000444 ) ) ;
#1816 = CARTESIAN_POINT ( 'NONE',  ( -0.2205331856370015831, 3.456497115745557291, 1.725705846325505499 ) ) ;
#1817 = VERTEX_POINT ( 'NONE', #1933 ) ;
#1818 = CARTESIAN_POINT ( 'NONE',  ( 16.00000000000000000, 5.799999999999999822, 0.000000000000000000 ) ) ;
#1819 = CARTESIAN_POINT ( 'NONE',  ( -2.586474439020264526, 1.103909596859301789, -0.4750000000000000333 ) ) ;
#1820 = LINE ( 'NONE', #4155, #1840 ) ;
#1821 = VECTOR ( 'NONE', #902, 1000.000000000000000 ) ;
#1822 =( GEOMETRIC_REPRESENTATION_CONTEXT ( 3 ) GLOBAL_UNCERTAINTY_ASSIGNED_CONTEXT ( ( #5816 ) ) GLOBAL_UNIT_ASSIGNED_CONTEXT ( ( #5084, #11236, #11465 ) ) REPRESENTATION_CONTEXT ( 'NONE', 'WORKASPACE' ) );
#1823 = CARTESIAN_POINT ( 'NONE',  ( -4.880136444336633517, 4.799999999999999822, -2.550000000000000711 ) ) ;
#1824 = VECTOR ( 'NONE', #8694, 1000.000000000000000 ) ;
#1825 = PLANE ( 'NONE',  #1388 ) ;
#1826 = CARTESIAN_POINT ( 'NONE',  ( 13.41352556097973547, 4.799999999999999822, -0.4750000000000000333 ) ) ;
#1827 = ORIENTED_EDGE ( 'NONE', *, *, #3691, .T. ) ;
#1828 = CARTESIAN_POINT ( 'NONE',  ( 6.350000000000001421, -15.53639610306789187, -3.810000000000000941 ) ) ;
#1829 = DIRECTION ( 'NONE',  ( 0.000000000000000000, 0.000000000000000000, 1.000000000000000000 ) ) ;
#1830 = FACE_OUTER_BOUND ( 'NONE', #8709, .T. ) ;
#1831 = ORIENTED_EDGE ( 'NONE', *, *, #5668, .F. ) ;
#1832 = CARTESIAN_POINT ( 'NONE',  ( -12.71262581266359248, 4.799999999999999822, -3.500000000000000000 ) ) ;
#1833 = VECTOR ( 'NONE', #11037, 1000.000000000000000 ) ;
#1834 = DIRECTION ( 'NONE',  ( -0.1736481776669299149, 0.000000000000000000, 0.9848077530122082424 ) ) ;
#1835 = ORIENTED_EDGE ( 'NONE', *, *, #5454, .T. ) ;
#1836 = AXIS2_PLACEMENT_3D ( 'NONE', #335, #2294, #3199 ) ;
#1837 = AXIS2_PLACEMENT_3D ( 'NONE', #4134, #10358, #9462 ) ;
#1838 = ORIENTED_EDGE ( 'NONE', *, *, #6206, .T. ) ;
#1839 = UNCERTAINTY_MEASURE_WITH_UNIT (LENGTH_MEASURE( 1.000000000000000082E-05 ), #10718, 'distance_accuracy_value', 'NONE');
#1840 = VECTOR ( 'NONE', #6120, 1000.000000000000114 ) ;
#1841 = FACE_OUTER_BOUND ( 'NONE', #1888, .T. ) ;
#1842 = EDGE_CURVE ( 'NONE', #5519, #10657, #2606, .T. ) ;
#1843 = DIRECTION ( 'NONE',  ( -1.000000000000000000, 0.000000000000000000, 0.000000000000000000 ) ) ;
#1844 = CARTESIAN_POINT ( 'NONE',  ( 5.765711135040735513, 5.799999999999999822, 3.500000000000000000 ) ) ;
#1845 = DIRECTION ( 'NONE',  ( 0.000000000000000000, 1.000000000000000000, 0.000000000000000000 ) ) ;
#1846 = VECTOR ( 'NONE', #5120, 1000.000000000000000 ) ;
#1847 = DIRECTION ( 'NONE',  ( -0.000000000000000000, 1.000000000000000000, -0.000000000000000000 ) ) ;
#1848 =( GEOMETRIC_REPRESENTATION_CONTEXT ( 3 ) GLOBAL_UNCERTAINTY_ASSIGNED_CONTEXT ( ( #11100 ) ) GLOBAL_UNIT_ASSIGNED_CONTEXT ( ( #1141, #10608, #3538 ) ) REPRESENTATION_CONTEXT ( 'NONE', 'WORKASPACE' ) );
#1849 = VERTEX_POINT ( 'NONE', #6716 ) ;
#1850 = ORIENTED_EDGE ( 'NONE', *, *, #369, .T. ) ;
#1851 = DIRECTION ( 'NONE',  ( 0.000000000000000000, 0.000000000000000000, 1.000000000000000000 ) ) ;
#1852 = ORIENTED_EDGE ( 'NONE', *, *, #10567, .F. ) ;
#1853 = EDGE_CURVE ( 'NONE', #115, #314, #2490, .T. ) ;
#1854 = PLANE ( 'NONE',  #2891 ) ;
#1855 = EDGE_LOOP ( 'NONE', ( #2117, #10285, #5296, #8919 ) ) ;
#1856 = CARTESIAN_POINT ( 'NONE',  ( -12.91571113504074120, 5.799999999999999822, -3.500000000000000444 ) ) ;
#1857 = ORIENTED_EDGE ( 'NONE', *, *, #6904, .T. ) ;
#1858 = EDGE_CURVE ( 'NONE', #5841, #7974, #6305, .T. ) ;
#1859 = PLANE ( 'NONE',  #4481 ) ;
#1860 = VECTOR ( 'NONE', #4072, 999.9999999999998863 ) ;
#1861 = VECTOR ( 'NONE', #4236, 1000.000000000000114 ) ;
#1862 = DIRECTION ( 'NONE',  ( 0.000000000000000000, 0.000000000000000000, -1.000000000000000000 ) ) ;
#1863 = ADVANCED_FACE ( 'NONE', ( #10084 ), #1294, .F. ) ;
#1864 = EDGE_CURVE ( 'NONE', #10446, #4705, #10297, .T. ) ;
#1865 = VECTOR ( 'NONE', #3105, 1000.000000000000000 ) ;
#1866 = ORIENTED_EDGE ( 'NONE', *, *, #8846, .T. ) ;
#1867 = PRESENTATION_LAYER_ASSIGNMENT (  '', '', ( #3379 ) ) ;
#1868 = DIRECTION ( 'NONE',  ( 0.000000000000000000, 0.000000000000000000, 1.000000000000000000 ) ) ;
#1869 = FACE_OUTER_BOUND ( 'NONE', #181, .T. ) ;
#1870 = VERTEX_POINT ( 'NONE', #9906 ) ;
#1871 = VECTOR ( 'NONE', #5009, 1000.000000000000000 ) ;
#1872 = ORIENTED_EDGE ( 'NONE', *, *, #4295, .T. ) ;
#1873 = PLANE ( 'NONE',  #6479 ) ;
#1874 = ORIENTED_EDGE ( 'NONE', *, *, #10538, .F. ) ;
#1875 = SURFACE_STYLE_USAGE ( .BOTH. , #10904 ) ;
#1876 = DIRECTION ( 'NONE',  ( -1.000000000000000000, 0.000000000000000000, -2.072739447398758462E-16 ) ) ;
#1877 = DIRECTION ( 'NONE',  ( -1.000000000000000000, 0.000000000000000000, -2.072739447398758462E-16 ) ) ;
#1878 = VECTOR ( 'NONE', #8514, 1000.000000000000000 ) ;
#1879 = MANIFOLD_SOLID_BREP ( 'LPattern2[17]', #163 ) ;
#1880 = CARTESIAN_POINT ( 'NONE',  ( 16.00000000000000000, 4.799999999999999822, 0.000000000000000000 ) ) ;
#1881 = VECTOR ( 'NONE', #2343, 1000.000000000000000 ) ;
#1882 = VERTEX_POINT ( 'NONE', #3932 ) ;
#1883 = CARTESIAN_POINT ( 'NONE',  ( -0.2205331856370015831, 5.799999999999999822, 1.250705846325504966 ) ) ;
#1884 = FACE_OUTER_BOUND ( 'NONE', #5078, .T. ) ;
#1885 = EDGE_LOOP ( 'NONE', ( #9536, #4256, #1216, #611 ) ) ;
#1886 = LINE ( 'NONE', #605, #5752 ) ;
#1887 = DIRECTION ( 'NONE',  ( -0.000000000000000000, 1.000000000000000000, -0.000000000000000000 ) ) ;
#1888 = EDGE_LOOP ( 'NONE', ( #4456, #8364, #7480, #7051 ) ) ;
#1889 = CARTESIAN_POINT ( 'NONE',  ( 2.484777130550477331, 4.799999999999999822, -0.1000000000000000056 ) ) ;
#1890 = CARTESIAN_POINT ( 'NONE',  ( -4.712625812663592484, 4.799999999999999822, -3.500000000000000000 ) ) ;
#1891 = VERTEX_POINT ( 'NONE', #7597 ) ;
#1892 = CARTESIAN_POINT ( 'NONE',  ( -5.413525560979744355, 4.799999999999999822, 0.4750000000000004774 ) ) ;
#1893 = PRESENTATION_LAYER_ASSIGNMENT (  '', '', ( #6346 ) ) ;
#1894 = VECTOR ( 'NONE', #9785, 1000.000000000000000 ) ;
#1895 = FACE_OUTER_BOUND ( 'NONE', #7146, .T. ) ;
#1896 = EDGE_CURVE ( 'NONE', #5795, #2934, #6470, .T. ) ;
#1897 = CARTESIAN_POINT ( 'NONE',  ( -3.119863555663371812, 4.799999999999999822, 2.550000000000000711 ) ) ;
#1898 = EDGE_CURVE ( 'NONE', #9280, #8283, #6268, .T. ) ;
#1899 = LINE ( 'NONE', #10315, #5607 ) ;
#1900 = PLANE ( 'NONE',  #8164 ) ;
#1901 = CARTESIAN_POINT ( 'NONE',  ( -11.08428886495926591, 4.799999999999999822, 3.499999999999999556 ) ) ;
#1902 = ORIENTED_EDGE ( 'NONE', *, *, #6228, .T. ) ;
#1903 = CARTESIAN_POINT ( 'NONE',  ( -14.36522286944952498, 5.799999999999999822, -0.09999999999999982514 ) ) ;
#1904 = SURFACE_SIDE_STYLE ('',( #4774 ) ) ;
#1905 = CARTESIAN_POINT ( 'NONE',  ( 2.234288864959256049, 5.799999999999999822, -3.500000000000000444 ) ) ;
#1906 = ORIENTED_EDGE ( 'NONE', *, *, #1063, .T. ) ;
#1907 = ORIENTED_EDGE ( 'NONE', *, *, #9040, .T. ) ;
#1908 = ADVANCED_FACE ( 'NONE', ( #10359 ), #6733, .T. ) ;
#1909 = PLANE ( 'NONE',  #8337 ) ;
#1910 = ORIENTED_EDGE ( 'NONE', *, *, #11359, .F. ) ;
#1911 = AXIS2_PLACEMENT_3D ( 'NONE', #1815, #8134, #10852 ) ;
#1912 = ORIENTED_EDGE ( 'NONE', *, *, #6425, .F. ) ;
#1913 =( GEOMETRIC_REPRESENTATION_CONTEXT ( 3 ) GLOBAL_UNCERTAINTY_ASSIGNED_CONTEXT ( ( #3509 ) ) GLOBAL_UNIT_ASSIGNED_CONTEXT ( ( #5764, #8714, #4268 ) ) REPRESENTATION_CONTEXT ( 'NONE', 'WORKASPACE' ) );
#1914 = VECTOR ( 'NONE', #3484, 1000.000000000000114 ) ;
#1915 = VECTOR ( 'NONE', #9806, 1000.000000000000000 ) ;
#1916 = EDGE_CURVE ( 'NONE', #2397, #3049, #6358, .T. ) ;
#1917 = DIRECTION ( 'NONE',  ( -1.000000000000000000, 0.000000000000000000, 1.630660900174879311E-16 ) ) ;
#1918 = AXIS2_PLACEMENT_3D ( 'NONE', #6388, #7070, #7267 ) ;
#1919 = DIRECTION ( 'NONE',  ( 0.000000000000000000, -0.000000000000000000, 1.000000000000000000 ) ) ;
#1920 = FACE_OUTER_BOUND ( 'NONE', #6042, .T. ) ;
#1921 = AXIS2_PLACEMENT_3D ( 'NONE', #4301, #8902, #1062 ) ;
#1922 = ORIENTED_EDGE ( 'NONE', *, *, #8466, .F. ) ;
#1923 = EDGE_CURVE ( 'NONE', #9703, #6308, #10171, .T. ) ;
#1924 = LINE ( 'NONE', #8281, #5632 ) ;
#1925 = ORIENTED_EDGE ( 'NONE', *, *, #6011, .T. ) ;
#1926 = CARTESIAN_POINT ( 'NONE',  ( -5.246014929306701546, 4.799999999999999822, -0.4749999999999989231 ) ) ;
#1927 = ORIENTED_EDGE ( 'NONE', *, *, #1661, .T. ) ;
#1928 = ORIENTED_EDGE ( 'NONE', *, *, #5454, .F. ) ;
#1929 = DIRECTION ( 'NONE',  ( 0.000000000000000000, -1.000000000000000000, -0.000000000000000000 ) ) ;
#1930 = CARTESIAN_POINT ( 'NONE',  ( 5.515222869449519116, 4.799999999999999822, 0.09999999999999982514 ) ) ;
#1931 = ORIENTED_EDGE ( 'NONE', *, *, #10991, .T. ) ;
#1932 = EDGE_CURVE ( 'NONE', #8082, #5589, #6339, .T. ) ;
#1933 = CARTESIAN_POINT ( 'NONE',  ( -6.149999999999999467, 4.799999999999999822, 3.500000000000000888 ) ) ;
#1934 = VECTOR ( 'NONE', #11315, 1000.000000000000000 ) ;
#1935 = PLANE ( 'NONE',  #4864 ) ;
#1936 = LINE ( 'NONE', #4292, #2125 ) ;
#1937 = FACE_OUTER_BOUND ( 'NONE', #7059, .T. ) ;
#1938 = ORIENTED_EDGE ( 'NONE', *, *, #9867, .T. ) ;
#1939 = ORIENTED_EDGE ( 'NONE', *, *, #3528, .T. ) ;
#1940 = EDGE_CURVE ( 'NONE', #10412, #4782, #6533, .T. ) ;
#1941 = LINE ( 'NONE', #2628, #5787 ) ;
#1942 = AXIS2_PLACEMENT_3D ( 'NONE', #5884, #6798, #11240 ) ;
#1943 = CARTESIAN_POINT ( 'NONE',  ( 5.946914677622842760, 5.799999999999999822, -3.500000000000000444 ) ) ;
#1944 = EDGE_LOOP ( 'NONE', ( #4163, #3261, #7121, #3751 ) ) ;
#1945 = VECTOR ( 'NONE', #5821, 1000.000000000000000 ) ;
#1946 = VERTEX_POINT ( 'NONE', #6916 ) ;
#1947 = DIRECTION ( 'NONE',  ( -0.000000000000000000, 1.000000000000000000, 0.000000000000000000 ) ) ;
#1948 = DIRECTION ( 'NONE',  ( -1.000000000000000000, 0.000000000000000000, 1.630660900174878325E-16 ) ) ;
#1949 = PLANE ( 'NONE',  #11029 ) ;
#1950 = FACE_OUTER_BOUND ( 'NONE', #10164, .T. ) ;
#1951 = AXIS2_PLACEMENT_3D ( 'NONE', #7872, #4117, #10264 ) ;
#1952 = DIRECTION ( 'NONE',  ( 0.1736481776669313026, 0.000000000000000000, -0.9848077530122079093 ) ) ;
#1953 = ADVANCED_FACE ( 'NONE', ( #2530 ), #7794, .T. ) ;
#1954 = VECTOR ( 'NONE', #7014, 1000.000000000000000 ) ;
#1955 = DIRECTION ( 'NONE',  ( 2.072739447398754025E-16, 0.000000000000000000, -1.000000000000000000 ) ) ;
#1956 = VERTEX_POINT ( 'NONE', #4352 ) ;
#1957 = VECTOR ( 'NONE', #8230, 1000.000000000000000 ) ;
#1958 = ORIENTED_EDGE ( 'NONE', *, *, #9851, .F. ) ;
#1959 = VECTOR ( 'NONE', #8056, 1000.000000000000000 ) ;
#1960 = PLANE ( 'NONE',  #10270 ) ;
#1961 = CLOSED_SHELL ( 'NONE', ( #7627, #3458, #9470, #2326 ) ) ;
#1962 = VECTOR ( 'NONE', #8978, 999.9999999999998863 ) ;
#1963 = ORIENTED_EDGE ( 'NONE', *, *, #961, .T. ) ;
#1964 = PLANE ( 'NONE',  #2894 ) ;
#1965 = FACE_OUTER_BOUND ( 'NONE', #1096, .T. ) ;
#1966 = DIRECTION ( 'NONE',  ( 3.465154412871614037E-16, 0.000000000000000000, 1.000000000000000000 ) ) ;
#1967 = AXIS2_PLACEMENT_3D ( 'NONE', #8534, #8700, #4173 ) ;
#1968 = LINE ( 'NONE', #6607, #9663 ) ;
#1969 = PLANE ( 'NONE',  #1524 ) ;
#1970 = PLANE ( 'NONE',  #7954 ) ;
#1971 = AXIS2_PLACEMENT_3D ( 'NONE', #9198, #4845, #10059 ) ;
#1972 = EDGE_LOOP ( 'NONE', ( #10429, #10235 ) ) ;
#1973 = CARTESIAN_POINT ( 'NONE',  ( -6.349999999999999645, -7.450000000000000178, 3.810000000000000053 ) ) ;
#1974 = EDGE_CURVE ( 'NONE', #4654, #10456, #10437, .T. ) ;
#1975 = UNCERTAINTY_MEASURE_WITH_UNIT (LENGTH_MEASURE( 1.000000000000000082E-05 ), #5983, 'distance_accuracy_value', 'NONE');
#1976 = DIRECTION ( 'NONE',  ( 0.000000000000000000, 1.000000000000000000, 0.000000000000000000 ) ) ;
#1977 = VECTOR ( 'NONE', #3653, 1000.000000000000000 ) ;
#1978 = ORIENTED_EDGE ( 'NONE', *, *, #6392, .F. ) ;
#1979 = CARTESIAN_POINT ( 'NONE',  ( -13.55048826559121622, 5.799999999999999822, 0.1000000000000000056 ) ) ;
#1980 = LINE ( 'NONE', #4269, #2136 ) ;
#1981 = CARTESIAN_POINT ( 'NONE',  ( 4.712625812663587155, 4.799999999999999822, 3.500000000000000444 ) ) ;
#1982 = ORIENTED_EDGE ( 'NONE', *, *, #7611, .T. ) ;
#1983 = FACE_OUTER_BOUND ( 'NONE', #4492, .T. ) ;
#1984 = EDGE_CURVE ( 'NONE', #7845, #8582, #10498, .T. ) ;
#1985 = EDGE_LOOP ( 'NONE', ( #8942, #1907, #9460, #9388 ) ) ;
#1986 = LINE ( 'NONE', #8170, #2023 ) ;
#1987 = CIRCLE ( 'NONE', #4425, 0.4750000000000005884 ) ;
#1988 = EDGE_CURVE ( 'NONE', #10979, #7541, #10521, .T. ) ;
#1989 = DIRECTION ( 'NONE',  ( 0.000000000000000000, 1.000000000000000000, 0.000000000000000000 ) ) ;
#1990 = CARTESIAN_POINT ( 'NONE',  ( 3.287374187336407516, 4.799999999999999822, -3.500000000000000000 ) ) ;
#1991 = FACE_OUTER_BOUND ( 'NONE', #8706, .T. ) ;
#1992 = DIRECTION ( 'NONE',  ( 0.000000000000000000, 1.000000000000000000, 0.000000000000000000 ) ) ;
#1993 = ORIENTED_EDGE ( 'NONE', *, *, #784, .F. ) ;
#1994 = LINE ( 'NONE', #7481, #2265 ) ;
#1995 = ORIENTED_EDGE ( 'NONE', *, *, #8895, .T. ) ;
#1996 = DIRECTION ( 'NONE',  ( 0.000000000000000000, 0.000000000000000000, 1.000000000000000000 ) ) ;
#1997 = VECTOR ( 'NONE', #4865, 1000.000000000000000 ) ;
#1998 = ADVANCED_FACE ( 'NONE', ( #2906 ), #6233, .T. ) ;
#1999 = PLANE ( 'NONE',  #7276 ) ;
#2000 = PLANE ( 'NONE',  #10272 ) ;
#2001 = ORIENTED_EDGE ( 'NONE', *, *, #6208, .F. ) ;
#2002 = CARTESIAN_POINT ( 'NONE',  ( -9.634777130550480351, 5.799999999999999822, 0.1000000000000000056 ) ) ;
#2003 = LINE ( 'NONE', #6075, #9745 ) ;
#2004 = FILL_AREA_STYLE ('',( #1203 ) ) ;
#2005 = ORIENTED_EDGE ( 'NONE', *, *, #11463, .F. ) ;
#2006 = AXIS2_PLACEMENT_3D ( 'NONE', #4393, #3489, #7107 ) ;
#2007 = LINE ( 'NONE', #6629, #5741 ) ;
#2008 = VECTOR ( 'NONE', #7485, 1000.000000000000000 ) ;
#2009 = ORIENTED_EDGE ( 'NONE', *, *, #4951, .F. ) ;
#2010 = CARTESIAN_POINT ( 'NONE',  ( 14.99999999999999822, 1.103909596859301789, 3.025000000000000799 ) ) ;
#2011 = VECTOR ( 'NONE', #8399, 999.9999999999998863 ) ;
#2012 = EDGE_LOOP ( 'NONE', ( #7017, #11093, #300, #10189 ) ) ;
#2013 = VECTOR ( 'NONE', #2706, 1000.000000000000000 ) ;
#2014 = CARTESIAN_POINT ( 'NONE',  ( 1.000000000000000888, 5.799999999999999822, 3.500000000000000444 ) ) ;
#2015 = ORIENTED_EDGE ( 'NONE', *, *, #1898, .T. ) ;
#2016 = EDGE_CURVE ( 'NONE', #6782, #4451, #6919, .T. ) ;
#2017 = EDGE_CURVE ( 'NONE', #8831, #7108, #2846, .T. ) ;
#2018 = VERTEX_POINT ( 'NONE', #10594 ) ;
#2019 = CARTESIAN_POINT ( 'NONE',  ( -9.000000000000003553, 5.799999999999999822, -3.500000000000000444 ) ) ;
#2020 = DIRECTION ( 'NONE',  ( 0.000000000000000000, -0.000000000000000000, 1.000000000000000000 ) ) ;
#2021 = DIRECTION ( 'NONE',  ( 2.072739447398754025E-16, -0.000000000000000000, 1.000000000000000000 ) ) ;
#2022 = CARTESIAN_POINT ( 'NONE',  ( -5.765711135040744395, 4.799999999999999822, -3.500000000000000444 ) ) ;
#2023 = VECTOR ( 'NONE', #8093, 1000.000000000000000 ) ;
#2024 = LINE ( 'NONE', #3540, #5702 ) ;
#2025 = CARTESIAN_POINT ( 'NONE',  ( 14.36522286944951965, 4.799999999999999822, 0.1000000000000000056 ) ) ;
#2026 = FACE_OUTER_BOUND ( 'NONE', #9765, .T. ) ;
#2027 = DIRECTION ( 'NONE',  ( 1.000000000000000000, 0.000000000000000000, 0.000000000000000000 ) ) ;
#2028 = ORIENTED_EDGE ( 'NONE', *, *, #9737, .T. ) ;
#2029 = LINE ( 'NONE', #9239, #2096 ) ;
#2030 = ORIENTED_EDGE ( 'NONE', *, *, #10271, .F. ) ;
#2031 = FACE_OUTER_BOUND ( 'NONE', #2401, .T. ) ;
#2032 = EDGE_CURVE ( 'NONE', #10945, #2413, #2976, .T. ) ;
#2033 = DIRECTION ( 'NONE',  ( 0.000000000000000000, 0.000000000000000000, 1.000000000000000000 ) ) ;
#2034 =( GEOMETRIC_REPRESENTATION_CONTEXT ( 3 ) GLOBAL_UNCERTAINTY_ASSIGNED_CONTEXT ( ( #7514 ) ) GLOBAL_UNIT_ASSIGNED_CONTEXT ( ( #6621, #7497, #11026 ) ) REPRESENTATION_CONTEXT ( 'NONE', 'WORKASPACE' ) );
#2035 = ORIENTED_EDGE ( 'NONE', *, *, #802, .T. ) ;
#2036 =( NAMED_UNIT ( * ) PLANE_ANGLE_UNIT ( ) SI_UNIT ( $, .RADIAN. ) );
#2037 = FACE_OUTER_BOUND ( 'NONE', #9728, .T. ) ;
#2038 = FILL_AREA_STYLE_COLOUR ( '', #3820 ) ;
#2039 = EDGE_CURVE ( 'NONE', #8214, #7937, #6942, .T. ) ;
#2040 = ORIENTED_EDGE ( 'NONE', *, *, #8525, .T. ) ;
#2041 = EDGE_CURVE ( 'NONE', #4666, #5754, #6681, .T. ) ;
#2042 = DIRECTION ( 'NONE',  ( 0.000000000000000000, 0.000000000000000000, -1.000000000000000000 ) ) ;
#2043 = DIRECTION ( 'NONE',  ( -0.000000000000000000, 1.000000000000000000, -0.000000000000000000 ) ) ;
#2044 = CARTESIAN_POINT ( 'NONE',  ( -9.000000000000003553, 4.799999999999999822, 3.500000000000001332 ) ) ;
#2045 = LINE ( 'NONE', #3593, #5914 ) ;
#2046 = LINE ( 'NONE', #4447, #5662 ) ;
#2047 = ADVANCED_FACE ( 'NONE', ( #10788 ), #2080, .T. ) ;
#2048 = DIRECTION ( 'NONE',  ( -0.000000000000000000, 1.000000000000000000, -0.000000000000000000 ) ) ;
#2049 = FACE_OUTER_BOUND ( 'NONE', #9163, .T. ) ;
#2050 = DIRECTION ( 'NONE',  ( 0.000000000000000000, -0.000000000000000000, 1.000000000000000000 ) ) ;
#2051 = CARTESIAN_POINT ( 'NONE',  ( -11.08428886495926591, 4.799999999999999822, 3.499999999999999556 ) ) ;
#2052 = ORIENTED_EDGE ( 'NONE', *, *, #6072, .T. ) ;
#2053 = EDGE_CURVE ( 'NONE', #6370, #4925, #6962, .T. ) ;
#2054 = DIRECTION ( 'NONE',  ( -1.000000000000000000, -0.000000000000000000, -0.000000000000000000 ) ) ;
#2055 = CARTESIAN_POINT ( 'NONE',  ( -12.91571113504074120, 5.799999999999999822, -3.500000000000000444 ) ) ;
#2056 = DIRECTION ( 'NONE',  ( 0.9848077530122080203, 0.000000000000000000, 0.1736481776669307475 ) ) ;
#2057 = FACE_OUTER_BOUND ( 'NONE', #9107, .T. ) ;
#2058 = ORIENTED_EDGE ( 'NONE', *, *, #11097, .F. ) ;
#2059 = VECTOR ( 'NONE', #2194, 1000.000000000000000 ) ;
#2060 = PLANE ( 'NONE',  #1116 ) ;
#2061 = ORIENTED_EDGE ( 'NONE', *, *, #5263, .T. ) ;
#2062 = EDGE_CURVE ( 'NONE', #3869, #6347, #10624, .T. ) ;
#2063 = VECTOR ( 'NONE', #5375, 1000.000000000000000 ) ;
#2064 = DIRECTION ( 'NONE',  ( 0.000000000000000000, -1.000000000000000000, -0.000000000000000000 ) ) ;
#2065 = MECHANICAL_DESIGN_GEOMETRIC_PRESENTATION_REPRESENTATION (  '', ( #8914 ), #2321 ) ;
#2066 = ORIENTED_EDGE ( 'NONE', *, *, #2053, .T. ) ;
#2067 = EDGE_CURVE ( 'NONE', #2018, #819, #10693, .T. ) ;
#2068 = LINE ( 'NONE', #7668, #5837 ) ;
#2069 = CARTESIAN_POINT ( 'NONE',  ( -1.634777130550480573, 4.799999999999999822, 0.1000000000000000056 ) ) ;
#2070 = CARTESIAN_POINT ( 'NONE',  ( 2.449511734408783337, 5.799999999999999822, 0.1000000000000000056 ) ) ;
#2071 = CYLINDRICAL_SURFACE ( 'NONE', #1042, 0.2250000000000003664 ) ;
#2072 = CARTESIAN_POINT ( 'NONE',  ( 13.24601492930669444, 1.103909596859301789, 0.4749999999999995892 ) ) ;
#2073 = VERTEX_POINT ( 'NONE', #9398 ) ;
#2074 = PLANE ( 'NONE',  #4160 ) ;
#2075 = LINE ( 'NONE', #6982, #2133 ) ;
#2076 = ORIENTED_EDGE ( 'NONE', *, *, #10564, .F. ) ;
#2077 = EDGE_CURVE ( 'NONE', #2880, #8637, #6702, .T. ) ;
#2078 = CARTESIAN_POINT ( 'NONE',  ( 1.850000000000000977, 4.799999999999999822, 3.500000000000000444 ) ) ;
#2079 = FACE_OUTER_BOUND ( 'NONE', #4881, .T. ) ;
#2080 = PLANE ( 'NONE',  #464 ) ;
#2081 = DIRECTION ( 'NONE',  ( 0.1736481776669312749, 0.000000000000000000, -0.9848077530122079093 ) ) ;
#2082 = CARTESIAN_POINT ( 'NONE',  ( -11.11986355566337181, 4.799999999999999822, 2.550000000000000711 ) ) ;
#2083 = ORIENTED_EDGE ( 'NONE', *, *, #10610, .F. ) ;
#2084 = DIRECTION ( 'NONE',  ( 1.000000000000000000, 0.000000000000000000, -3.465154412871614037E-16 ) ) ;
#2085 =( LENGTH_UNIT ( ) NAMED_UNIT ( * ) SI_UNIT ( .MILLI., .METRE. ) );
#2086 = ORIENTED_EDGE ( 'NONE', *, *, #491, .T. ) ;
#2087 = DIRECTION ( 'NONE',  ( -0.9848077530122079093, 0.000000000000000000, -0.1736481776669316635 ) ) ;
#2088 = EDGE_CURVE ( 'NONE', #2698, #3949, #10563, .T. ) ;
#2089 = DIRECTION ( 'NONE',  ( 0.000000000000000000, -1.000000000000000000, 0.000000000000000000 ) ) ;
#2090 = LINE ( 'NONE', #9189, #9600 ) ;
#2091 = AXIS2_PLACEMENT_3D ( 'NONE', #6215, #5271, #1106 ) ;
#2092 = CARTESIAN_POINT ( 'NONE',  ( 1.599511734408781694, 1.103909596859301789, 0.09999999999999982514 ) ) ;
#2093 = LINE ( 'NONE', #5487, #6099 ) ;
#2094 = EDGE_LOOP ( 'NONE', ( #3238, #6002 ) ) ;
#2095 = CARTESIAN_POINT ( 'NONE',  ( 14.99999999999999822, 4.799999999999999822, 3.025000000000000799 ) ) ;
#2096 = VECTOR ( 'NONE', #1265, 1000.000000000000114 ) ;
#2097 = EDGE_LOOP ( 'NONE', ( #3452, #5507, #2040, #849 ) ) ;
#2098 = LINE ( 'NONE', #5389, #2013 ) ;
#2099 = ADVANCED_FACE ( 'NONE', ( #6634 ), #1999, .T. ) ;
#2100 = CARTESIAN_POINT ( 'NONE',  ( 4.915711135040734980, 5.799999999999999822, 3.499999999999999556 ) ) ;
#2101 = ORIENTED_EDGE ( 'NONE', *, *, #6732, .F. ) ;
#2102 = AXIS2_PLACEMENT_3D ( 'NONE', #10200, #6379, #2893 ) ;
#2103 = FACE_OUTER_BOUND ( 'NONE', #11014, .T. ) ;
#2104 = VERTEX_POINT ( 'NONE', #3753 ) ;
#2105 = DIRECTION ( 'NONE',  ( 0.000000000000000000, -1.000000000000000000, -0.000000000000000000 ) ) ;
#2106 = DIRECTION ( 'NONE',  ( 0.000000000000000000, 0.000000000000000000, 1.000000000000000000 ) ) ;
#2107 = DIRECTION ( 'NONE',  ( 0.1736481776669312749, 0.000000000000000000, -0.9848077530122079093 ) ) ;
#2108 = DIRECTION ( 'NONE',  ( 0.000000000000000000, 0.000000000000000000, 1.000000000000000000 ) ) ;
#2109 = CARTESIAN_POINT ( 'NONE',  ( -6.149999999999999467, 1.103909596859301789, 3.500000000000000444 ) ) ;
#2110 = FACE_OUTER_BOUND ( 'NONE', #5014, .T. ) ;
#2111 = ORIENTED_EDGE ( 'NONE', *, *, #684, .F. ) ;
#2112 = LINE ( 'NONE', #10577, #6171 ) ;
#2113 = ORIENTED_EDGE ( 'NONE', *, *, #1864, .F. ) ;
#2114 = VECTOR ( 'NONE', #5187, 1000.000000000000000 ) ;
#2115 = ORIENTED_EDGE ( 'NONE', *, *, #10824, .F. ) ;
#2116 = CARTESIAN_POINT ( 'NONE',  ( 16.09999999999999787, 0.5000000000000000000, -4.350000000000000533 ) ) ;
#2117 = ORIENTED_EDGE ( 'NONE', *, *, #9986, .F. ) ;
#2118 = AXIS2_PLACEMENT_3D ( 'NONE', #10068, #9059, #7373 ) ;
#2119 = DIRECTION ( 'NONE',  ( 0.000000000000000000, -0.000000000000000000, 1.000000000000000000 ) ) ;
#2120 = DIRECTION ( 'NONE',  ( -0.000000000000000000, 1.000000000000000000, -0.000000000000000000 ) ) ;
#2121 = CARTESIAN_POINT ( 'NONE',  ( 14.99999999999999822, 4.799999999999999822, 2.550000000000000266 ) ) ;
#2122 = EDGE_CURVE ( 'NONE', #5324, #10657, #10714, .T. ) ;
#2123 = UNCERTAINTY_MEASURE_WITH_UNIT (LENGTH_MEASURE( 1.000000000000000082E-05 ), #9458, 'distance_accuracy_value', 'NONE');
#2124 = DIRECTION ( 'NONE',  ( 1.000000000000000000, 0.000000000000000000, 0.000000000000000000 ) ) ;
#2126 = EDGE_CURVE ( 'NONE', #6319, #7232, #7019, .T. ) ;
#2125 = VECTOR ( 'NONE', #5233, 1000.000000000000000 ) ;
#2127 = DIRECTION ( 'NONE',  ( -0.000000000000000000, 1.000000000000000000, -0.000000000000000000 ) ) ;
#2128 = DIRECTION ( 'NONE',  ( 0.000000000000000000, 0.000000000000000000, 1.000000000000000000 ) ) ;
#2129 = ORIENTED_EDGE ( 'NONE', *, *, #4685, .T. ) ;
#2130 = DIRECTION ( 'NONE',  ( -1.000000000000000000, 0.000000000000000000, -2.072739447398758462E-16 ) ) ;
#2131 = DIRECTION ( 'NONE',  ( -1.000000000000000000, 0.000000000000000000, 0.000000000000000000 ) ) ;
#2132 = DIRECTION ( 'NONE',  ( 1.000000000000000000, -0.000000000000000000, -0.000000000000000000 ) ) ;
#2133 = VECTOR ( 'NONE', #3441, 1000.000000000000114 ) ;
#2134 = ORIENTED_EDGE ( 'NONE', *, *, #2077, .F. ) ;
#2135 =( LENGTH_UNIT ( ) NAMED_UNIT ( * ) SI_UNIT ( .MILLI., .METRE. ) );
#2136 = VECTOR ( 'NONE', #5605, 1000.000000000000114 ) ;
#2137 = LINE ( 'NONE', #322, #9869 ) ;
#2138 =( NAMED_UNIT ( * ) PLANE_ANGLE_UNIT ( ) SI_UNIT ( $, .RADIAN. ) );
#2139 = EDGE_LOOP ( 'NONE', ( #4744, #9164, #5248, #8922 ) ) ;
#2140 = CARTESIAN_POINT ( 'NONE',  ( -1.000000000000002665, 4.799999999999999822, 3.025000000000000799 ) ) ;
#2141 = VERTEX_POINT ( 'NONE', #1280 ) ;
#2142 = VECTOR ( 'NONE', #110, 1000.000000000000000 ) ;
#2143 = CARTESIAN_POINT ( 'NONE',  ( 4.712625812663587155, 1.103909596859301789, 3.500000000000000444 ) ) ;
#2144 =( GEOMETRIC_REPRESENTATION_CONTEXT ( 3 ) GLOBAL_UNCERTAINTY_ASSIGNED_CONTEXT ( ( #5965 ) ) GLOBAL_UNIT_ASSIGNED_CONTEXT ( ( #11346, #3383, #10334 ) ) REPRESENTATION_CONTEXT ( 'NONE', 'WORKASPACE' ) );
#2145 = ADVANCED_FACE ( 'NONE', ( #10660 ), #10532, .T. ) ;
#2146 = DIRECTION ( 'NONE',  ( 0.000000000000000000, 0.000000000000000000, 1.000000000000000000 ) ) ;
#2147 = CYLINDRICAL_SURFACE ( 'NONE', #11043, 0.2250000000000003664 ) ;
#2148 = DIRECTION ( 'NONE',  ( -0.000000000000000000, 1.000000000000000000, -0.000000000000000000 ) ) ;
#2149 = EDGE_LOOP ( 'NONE', ( #1747, #5540, #6720, #6494 ) ) ;
#2150 = CARTESIAN_POINT ( 'NONE',  ( -12.91571113504074120, 4.799999999999999822, -3.500000000000000444 ) ) ;
#2151 = LINE ( 'NONE', #3603, #2229 ) ;
#2152 = ORIENTED_EDGE ( 'NONE', *, *, #729, .T. ) ;
#2153 = DIRECTION ( 'NONE',  ( 0.000000000000000000, 0.000000000000000000, -1.000000000000000000 ) ) ;
#2154 = VECTOR ( 'NONE', #1161, 1000.000000000000000 ) ;
#2155 = VECTOR ( 'NONE', #10017, 1000.000000000000000 ) ;
#2156 = CARTESIAN_POINT ( 'NONE',  ( 12.71262581266358715, 5.799999999999999822, 3.500000000000000444 ) ) ;
#2157 = ORIENTED_EDGE ( 'NONE', *, *, #6625, .F. ) ;
#2158 = CARTESIAN_POINT ( 'NONE',  ( 3.287374187336407516, 4.799999999999999822, -3.500000000000000000 ) ) ;
#2159 = CIRCLE ( 'NONE', #3287, 0.4750000000000005884 ) ;
#2160 = CARTESIAN_POINT ( 'NONE',  ( 6.999999999999997335, 4.799999999999999822, 2.550000000000000266 ) ) ;
#2161 = ORIENTED_EDGE ( 'NONE', *, *, #1260, .F. ) ;
#2162 = DIRECTION ( 'NONE',  ( 0.1736481776669307753, 0.000000000000000000, -0.9848077530122080203 ) ) ;
#2163 = CARTESIAN_POINT ( 'NONE',  ( 12.71262581266358715, 4.799999999999999822, 3.500000000000000444 ) ) ;
#2164 = COLOUR_RGB ( '',0.7529411764705882248, 0.000000000000000000, 0.000000000000000000 ) ;
#2165 = CARTESIAN_POINT ( 'NONE',  ( 8.000000000000000000, 4.799999999999999822, 0.000000000000000000 ) ) ;
#2166 = CARTESIAN_POINT ( 'NONE',  ( -2.053085322377157684, 4.799999999999999822, -3.500000000000000444 ) ) ;
#2167 = EDGE_CURVE ( 'NONE', #3129, #72, #3133, .T. ) ;
#2168 = EDGE_CURVE ( 'NONE', #7725, #5547, #10542, .T. ) ;
#2169 = LINE ( 'NONE', #3823, #9738 ) ;
#2170 = EDGE_LOOP ( 'NONE', ( #5864, #9606 ) ) ;
#2171 = DIRECTION ( 'NONE',  ( 0.1736481776669298316, 0.000000000000000000, -0.9848077530122082424 ) ) ;
#2172 = CARTESIAN_POINT ( 'NONE',  ( 1.270000000000000240, 0.5000000000000000000, -3.810000000000000941 ) ) ;
#2173 = ORIENTED_EDGE ( 'NONE', *, *, #7428, .F. ) ;
#2174 = ORIENTED_EDGE ( 'NONE', *, *, #2447, .F. ) ;
#2175 = LINE ( 'NONE', #10902, #6068 ) ;
#2176 = VERTEX_POINT ( 'NONE', #3203 ) ;
#2177 = DIRECTION ( 'NONE',  ( -1.000000000000000000, 0.000000000000000000, 0.000000000000000000 ) ) ;
#2178 = DIRECTION ( 'NONE',  ( -0.1736481776669299149, 0.000000000000000000, 0.9848077530122082424 ) ) ;
#2179 = DIRECTION ( 'NONE',  ( -0.000000000000000000, 1.000000000000000000, -0.000000000000000000 ) ) ;
#2180 = VECTOR ( 'NONE', #6067, 1000.000000000000000 ) ;
#2181 = PLANE ( 'NONE',  #694 ) ;
#2182 = AXIS2_PLACEMENT_3D ( 'NONE', #11147, #1561, #9376 ) ;
#2183 = DIRECTION ( 'NONE',  ( -0.1736481776669302757, 0.000000000000000000, 0.9848077530122080203 ) ) ;
#2184 = LINE ( 'NONE', #2223, #1954 ) ;
#2185 = AXIS2_PLACEMENT_3D ( 'NONE', #4074, #1448, #5886 ) ;
#2186 = DIRECTION ( 'NONE',  ( 0.000000000000000000, -1.000000000000000000, -0.000000000000000000 ) ) ;
#2187 = ORIENTED_EDGE ( 'NONE', *, *, #3377, .T. ) ;
#2188 = EDGE_CURVE ( 'NONE', #9761, #4577, #2830, .T. ) ;
#2189 = VECTOR ( 'NONE', #4465, 1000.000000000000000 ) ;
#2190 = FACE_OUTER_BOUND ( 'NONE', #4489, .T. ) ;
#2191 = ADVANCED_FACE ( 'NONE', ( #10844 ), #10450, .F. ) ;
#2192 = ORIENTED_EDGE ( 'NONE', *, *, #4863, .F. ) ;
#2193 = ADVANCED_FACE ( 'NONE', ( #3010 ), #6111, .T. ) ;
#2194 = DIRECTION ( 'NONE',  ( -0.000000000000000000, 1.000000000000000000, -0.000000000000000000 ) ) ;
#2195 = LINE ( 'NONE', #2199, #9710 ) ;
#2196 = VERTEX_POINT ( 'NONE', #827 ) ;
#2197 = CARTESIAN_POINT ( 'NONE',  ( 10.22059595405019117, 4.799999999999999822, 2.550000000000001155 ) ) ;
#2198 = FILL_AREA_STYLE_COLOUR ( '', #358 ) ;
#2199 = CARTESIAN_POINT ( 'NONE',  ( 13.94691467762284276, 4.799999999999999822, -3.500000000000000444 ) ) ;
#2200 = EDGE_CURVE ( 'NONE', #4511, #6598, #6881, .T. ) ;
#2201 = PLANE ( 'NONE',  #5997 ) ;
#2202 = DIRECTION ( 'NONE',  ( -0.000000000000000000, 1.000000000000000000, -0.000000000000000000 ) ) ;
#2203 = MANIFOLD_SOLID_BREP ( 'LPattern2[7]', #9756 ) ;
#2204 = PLANE ( 'NONE',  #8218 ) ;
#2205 = EDGE_CURVE ( 'NONE', #7783, #5036, #6724, .T. ) ;
#2206 = LINE ( 'NONE', #5951, #6056 ) ;
#2207 = DIRECTION ( 'NONE',  ( 0.000000000000000000, 0.000000000000000000, -1.000000000000000000 ) ) ;
#2208 = ORIENTED_EDGE ( 'NONE', *, *, #6723, .F. ) ;
#2209 = CARTESIAN_POINT ( 'NONE',  ( 15.34999999999999609, 0.5000000000000000000, 5.099999999999998757 ) ) ;
#2210 = DIRECTION ( 'NONE',  ( -1.000000000000000000, 0.000000000000000000, 0.000000000000000000 ) ) ;
#2211 = DIRECTION ( 'NONE',  ( 0.1736481776669307753, 0.000000000000000000, -0.9848077530122080203 ) ) ;
#2212 = VECTOR ( 'NONE', #11528, 1000.000000000000000 ) ;
#2213 = EDGE_CURVE ( 'NONE', #4506, #5155, #10605, .T. ) ;
#2214 = FILL_AREA_STYLE_COLOUR ( '', #2164 ) ;
#2215 = FACE_OUTER_BOUND ( 'NONE', #1944, .T. ) ;
#2216 = AXIS2_PLACEMENT_3D ( 'NONE', #224, #10774, #86 ) ;
#2217 = LINE ( 'NONE', #8153, #2155 ) ;
#2218 = CARTESIAN_POINT ( 'NONE',  ( -3.287374187336412845, 4.799999999999999822, 3.500000000000000444 ) ) ;
#2219 = ORIENTED_EDGE ( 'NONE', *, *, #934, .T. ) ;
#2220 = VECTOR ( 'NONE', #9266, 1000.000000000000000 ) ;
#2221 = VERTEX_POINT ( 'NONE', #7892 ) ;
#2222 = MANIFOLD_SOLID_BREP ( 'LPattern2[8]', #11322 ) ;
#2223 = CARTESIAN_POINT ( 'NONE',  ( 11.11986355566336648, 4.799999999999999822, -2.550000000000000711 ) ) ;
#2224 = DIRECTION ( 'NONE',  ( 0.000000000000000000, -1.000000000000000000, 0.000000000000000000 ) ) ;
#2225 = FACE_OUTER_BOUND ( 'NONE', #6579, .T. ) ;
#2226 = DIRECTION ( 'NONE',  ( -0.1736481776669307753, 0.000000000000000000, 0.9848077530122080203 ) ) ;
#2227 = ORIENTED_EDGE ( 'NONE', *, *, #1065, .T. ) ;
#2228 = DIRECTION ( 'NONE',  ( 0.000000000000000000, 0.000000000000000000, -1.000000000000000000 ) ) ;
#2229 = VECTOR ( 'NONE', #6243, 1000.000000000000000 ) ;
#2230 = LINE ( 'NONE', #6003, #9868 ) ;
#2231 = LINE ( 'NONE', #4250, #2114 ) ;
#2232 = EDGE_LOOP ( 'NONE', ( #3283, #10801, #6774, #7279 ) ) ;
#2233 = EDGE_CURVE ( 'NONE', #3018, #4051, #3193, .T. ) ;
#2234 = DIRECTION ( 'NONE',  ( 0.1736481776669298316, 0.000000000000000000, -0.9848077530122082424 ) ) ;
#2235 = AXIS2_PLACEMENT_3D ( 'NONE', #10894, #2242, #199 ) ;
#2236 = LINE ( 'NONE', #6967, #1671 ) ;
#2237 = CARTESIAN_POINT ( 'NONE',  ( -9.634777130550480351, 4.799999999999999822, 0.1000000000000000056 ) ) ;
#2238 = ORIENTED_EDGE ( 'NONE', *, *, #7730, .T. ) ;
#2239 = ADVANCED_FACE ( 'NONE', ( #3495 ), #4225, .T. ) ;
#2240 = CARTESIAN_POINT ( 'NONE',  ( 5.413525560979735474, 1.103909596859301789, -0.4750000000000000333 ) ) ;
#2241 = DIRECTION ( 'NONE',  ( -0.000000000000000000, 1.000000000000000000, -0.000000000000000000 ) ) ;
#2242 = DIRECTION ( 'NONE',  ( -1.630660900174878325E-16, 0.000000000000000000, -1.000000000000000000 ) ) ;
#2243 = ADVANCED_FACE ( 'NONE', ( #7234 ), #3694, .T. ) ;
#2244 = AXIS2_PLACEMENT_3D ( 'NONE', #9022, #1919, #6078 ) ;
#2245 = FACE_OUTER_BOUND ( 'NONE', #5186, .T. ) ;
#2246 = EDGE_LOOP ( 'NONE', ( #1796, #3249, #4198, #2907 ) ) ;
#2247 = CARTESIAN_POINT ( 'NONE',  ( 12.91571113504073587, 4.799999999999999822, 3.499999999999999556 ) ) ;
#2248 = DIRECTION ( 'NONE',  ( 1.000000000000000000, 0.000000000000000000, 0.000000000000000000 ) ) ;
#2249 = VECTOR ( 'NONE', #5228, 1000.000000000000114 ) ;
#2250 = LINE ( 'NONE', #9860, #1959 ) ;
#2251 = LINE ( 'NONE', #5981, #1824 ) ;
#2252 = CARTESIAN_POINT ( 'NONE',  ( 3.287374187336407516, 4.799999999999999822, -3.500000000000000000 ) ) ;
#2253 = ORIENTED_EDGE ( 'NONE', *, *, #202, .T. ) ;
#2254 = EDGE_CURVE ( 'NONE', #6211, #10900, #3401, .T. ) ;
#2255 = ORIENTED_EDGE ( 'NONE', *, *, #5647, .F. ) ;
#2256 = DIRECTION ( 'NONE',  ( 0.000000000000000000, 0.000000000000000000, 1.000000000000000000 ) ) ;
#2257 = DIRECTION ( 'NONE',  ( 0.1736481776669307753, 0.000000000000000000, -0.9848077530122080203 ) ) ;
#2258 = DIRECTION ( 'NONE',  ( 0.000000000000000000, 1.000000000000000000, 0.000000000000000000 ) ) ;
#2259 = CARTESIAN_POINT ( 'NONE',  ( -6.365222869449524978, 5.799999999999999822, -0.09999999999999982514 ) ) ;
#2260 = CARTESIAN_POINT ( 'NONE',  ( -3.809999999999999609, 0.5000000000000000000, -3.810000000000000941 ) ) ;
#2261 = CARTESIAN_POINT ( 'NONE',  ( 8.000000000000000000, 5.799999999999999822, 0.000000000000000000 ) ) ;
#2262 = LINE ( 'NONE', #2143, #9841 ) ;
#2263 = ORIENTED_EDGE ( 'NONE', *, *, #7375, .F. ) ;
#2264 = AXIS2_PLACEMENT_3D ( 'NONE', #3079, #9502, #11049 ) ;
#2265 = VECTOR ( 'NONE', #4724, 1000.000000000000000 ) ;
#2266 = VECTOR ( 'NONE', #2132, 1000.000000000000000 ) ;
#2267 = EDGE_CURVE ( 'NONE', #9015, #1687, #11188, .T. ) ;
#2268 = PLANE ( 'NONE',  #10974 ) ;
#2269 = ORIENTED_EDGE ( 'NONE', *, *, #7333, .T. ) ;
#2270 = VECTOR ( 'NONE', #11427, 1000.000000000000000 ) ;
#2271 = ORIENTED_EDGE ( 'NONE', *, *, #9701, .F. ) ;
#2272 = EDGE_CURVE ( 'NONE', #3616, #5499, #3329, .T. ) ;
#2273 = CARTESIAN_POINT ( 'NONE',  ( 10.22059595405019117, 5.799999999999999822, 2.550000000000001155 ) ) ;
#2274 = PLANE ( 'NONE',  #9090 ) ;
#2275 = MECHANICAL_DESIGN_GEOMETRIC_PRESENTATION_REPRESENTATION (  '', ( #3125 ), #3505 ) ;
#2276 = VECTOR ( 'NONE', #9714, 1000.000000000000000 ) ;
#2277 = CARTESIAN_POINT ( 'NONE',  ( -3.084288864959265020, 4.799999999999999822, 3.499999999999999556 ) ) ;
#2278 = LINE ( 'NONE', #5150, #5881 ) ;
#2279 = DIRECTION ( 'NONE',  ( -0.000000000000000000, 1.000000000000000000, -0.000000000000000000 ) ) ;
#2280 = CARTESIAN_POINT ( 'NONE',  ( 6.400488265591213199, 4.799999999999999822, -0.1000000000000000056 ) ) ;
#2281 = ORIENTED_EDGE ( 'NONE', *, *, #1940, .T. ) ;
#2282 = CARTESIAN_POINT ( 'NONE',  ( 15.34999999999999609, 0.000000000000000000, 4.349999999999998757 ) ) ;
#2283 = CARTESIAN_POINT ( 'NONE',  ( -5.515222869449522669, 4.799999999999999822, -0.1000000000000000056 ) ) ;
#2284 = VECTOR ( 'NONE', #4910, 1000.000000000000000 ) ;
#2285 = ADVANCED_FACE ( 'NONE', ( #3465 ), #1146, .T. ) ;
#2286 = CARTESIAN_POINT ( 'NONE',  ( -10.22059595405019827, 4.799999999999999822, -2.550000000000000711 ) ) ;
#2287 = VERTEX_POINT ( 'NONE', #3859 ) ;
#2288 = ADVANCED_FACE ( 'NONE', ( #7361 ), #9920, .F. ) ;
#2289 = MANIFOLD_SOLID_BREP ( 'Boss-Extrude4[2]', #9567 ) ;
#2290 = LINE ( 'NONE', #1618, #1962 ) ;
#2291 = ORIENTED_EDGE ( 'NONE', *, *, #5214, .F. ) ;
#2292 = CARTESIAN_POINT ( 'NONE',  ( 11.11986355566336648, 5.799999999999999822, -2.550000000000000711 ) ) ;
#2293 = CARTESIAN_POINT ( 'NONE',  ( 2.586474439020256089, 4.799999999999999822, 0.4750000000000004774 ) ) ;
#2294 = DIRECTION ( 'NONE',  ( 0.9848077530122082424, -0.000000000000000000, 0.1736481776669298038 ) ) ;
#2295 = VECTOR ( 'NONE', #333, 1000.000000000000000 ) ;
#2296 = DIRECTION ( 'NONE',  ( 0.000000000000000000, 1.000000000000000000, 0.000000000000000000 ) ) ;
#2297 = ORIENTED_EDGE ( 'NONE', *, *, #10049, .T. ) ;
#2298 = DIRECTION ( 'NONE',  ( 0.000000000000000000, 1.000000000000000000, 0.000000000000000000 ) ) ;
#2299 = LINE ( 'NONE', #893, #2212 ) ;
#2300 = VECTOR ( 'NONE', #6770, 1000.000000000000114 ) ;
#2301 = AXIS2_PLACEMENT_3D ( 'NONE', #7398, #9303, #10186 ) ;
#2302 = EDGE_LOOP ( 'NONE', ( #9214, #9039, #2035, #976, #5848, #4293, #8478, #505 ) ) ;
#2303 = FACE_OUTER_BOUND ( 'NONE', #5572, .T. ) ;
#2304 = VECTOR ( 'NONE', #1802, 1000.000000000000000 ) ;
#2305 = CARTESIAN_POINT ( 'NONE',  ( -1.000000000000002665, 4.799999999999999822, 3.500000000000001332 ) ) ;
#2306 = EDGE_CURVE ( 'NONE', #2435, #9811, #3529, .T. ) ;
#2307 = EDGE_LOOP ( 'NONE', ( #10680, #7977 ) ) ;
#2308 = ADVANCED_FACE ( 'NONE', ( #7255 ), #9271, .T. ) ;
#2309 = VECTOR ( 'NONE', #515, 1000.000000000000000 ) ;
#2310 = DIRECTION ( 'NONE',  ( 0.9848077530122082424, -0.000000000000000000, 0.1736481776669298871 ) ) ;
#2311 = LINE ( 'NONE', #259, #9790 ) ;
#2312 = VERTEX_POINT ( 'NONE', #9202 ) ;
#2313 = PLANE ( 'NONE',  #4672 ) ;
#2314 = CARTESIAN_POINT ( 'NONE',  ( -9.599511734408787689, 4.799999999999999822, -0.1000000000000000056 ) ) ;
#2315 = LINE ( 'NONE', #5194, #9704 ) ;
#2316 = VECTOR ( 'NONE', #4125, 1000.000000000000000 ) ;
#2317 = CARTESIAN_POINT ( 'NONE',  ( 1.270000000000000240, 0.5000000000000000000, -3.810000000000000941 ) ) ;
#2318 = ORIENTED_EDGE ( 'NONE', *, *, #9410, .F. ) ;
#2319 = EDGE_CURVE ( 'NONE', #72, #3914, #11083, .T. ) ;
#2320 = LINE ( 'NONE', #8985, #6179 ) ;
#2321 =( GEOMETRIC_REPRESENTATION_CONTEXT ( 3 ) GLOBAL_UNCERTAINTY_ASSIGNED_CONTEXT ( ( #2839 ) ) GLOBAL_UNIT_ASSIGNED_CONTEXT ( ( #2085, #11524, #8249 ) ) REPRESENTATION_CONTEXT ( 'NONE', 'WORKASPACE' ) );
#2322 = CLOSED_SHELL ( 'NONE', ( #5325, #8381, #2099, #1785, #6868, #9062 ) ) ;
#2323 = AXIS2_PLACEMENT_3D ( 'NONE', #7386, #4551, #5537 ) ;
#2324 = EDGE_CURVE ( 'NONE', #8637, #588, #3381, .T. ) ;
#2325 = CARTESIAN_POINT ( 'NONE',  ( 3.287374187336407516, 1.103909596859301789, -3.500000000000000000 ) ) ;
#2326 = ADVANCED_FACE ( 'NONE', ( #3263 ), #4764, .F. ) ;
#2327 = DIRECTION ( 'NONE',  ( -1.000000000000000000, 0.000000000000000000, 0.000000000000000000 ) ) ;
#2328 = CARTESIAN_POINT ( 'NONE',  ( 9.850000000000001421, 5.799999999999999822, 3.500000000000000444 ) ) ;
#2329 = DIRECTION ( 'NONE',  ( -1.000000000000000000, 0.000000000000000000, 1.630660900174878325E-16 ) ) ;
#2330 = DIRECTION ( 'NONE',  ( -1.000000000000000000, 0.000000000000000000, 0.000000000000000000 ) ) ;
#2331 = DIRECTION ( 'NONE',  ( 0.000000000000000000, 1.000000000000000000, 0.000000000000000000 ) ) ;
#2332 = VERTEX_POINT ( 'NONE', #8039 ) ;
#2333 = COLOUR_RGB ( '',0.7529411764705882248, 0.000000000000000000, 0.000000000000000000 ) ;
#2334 = EDGE_CURVE ( 'NONE', #9744, #8004, #10985, .T. ) ;
#2335 = VECTOR ( 'NONE', #7205, 999.9999999999998863 ) ;
#2336 = DIRECTION ( 'NONE',  ( 0.1736481776669313026, -0.000000000000000000, -0.9848077530122079093 ) ) ;
#2337 = ORIENTED_EDGE ( 'NONE', *, *, #4979, .T. ) ;
#2338 = VECTOR ( 'NONE', #2605, 1000.000000000000000 ) ;
#2339 = ORIENTED_EDGE ( 'NONE', *, *, #748, .F. ) ;
#2340 = VECTOR ( 'NONE', #2383, 1000.000000000000000 ) ;
#2341 = ORIENTED_EDGE ( 'NONE', *, *, #10290, .F. ) ;
#2342 = EDGE_CURVE ( 'NONE', #1882, #5062, #10947, .T. ) ;
#2343 = DIRECTION ( 'NONE',  ( 0.000000000000000000, 1.000000000000000000, 0.000000000000000000 ) ) ;
#2344 = DIRECTION ( 'NONE',  ( -0.1736481776669307753, 0.000000000000000000, 0.9848077530122080203 ) ) ;
#2345 = DIRECTION ( 'NONE',  ( 1.000000000000000000, 0.000000000000000000, -3.465154412871614037E-16 ) ) ;
#2346 = CARTESIAN_POINT ( 'NONE',  ( -1.269999999999999352, -15.53639610306789187, -3.585000000000000853 ) ) ;
#2347 = EDGE_CURVE ( 'NONE', #839, #7135, #3417, .T. ) ;
#2348 = AXIS2_PLACEMENT_3D ( 'NONE', #2622, #7665, #599 ) ;
#2349 = DIRECTION ( 'NONE',  ( -0.000000000000000000, 1.000000000000000000, -0.000000000000000000 ) ) ;
#2350 = ADVANCED_FACE ( 'NONE', ( #7268 ), #13, .F. ) ;
#2351 = DIRECTION ( 'NONE',  ( 1.000000000000000000, -0.000000000000000000, -0.000000000000000000 ) ) ;
#2352 = CARTESIAN_POINT ( 'NONE',  ( 6.350000000000001421, -15.53639610306789187, -3.810000000000000941 ) ) ;
#2353 = ORIENTED_EDGE ( 'NONE', *, *, #4050, .F. ) ;
#2354 = VECTOR ( 'NONE', #4562, 1000.000000000000114 ) ;
#2355 = DIRECTION ( 'NONE',  ( 1.000000000000000000, 0.000000000000000000, -3.465154412871613544E-16 ) ) ;
#2356 = CARTESIAN_POINT ( 'NONE',  ( -6.349999999999999645, -7.450000000000000178, 3.584999999999999964 ) ) ;
#2357 = VECTOR ( 'NONE', #730, 1000.000000000000000 ) ;
#2358 = CARTESIAN_POINT ( 'NONE',  ( -10.58647443902026453, 5.799999999999999822, -0.4750000000000000333 ) ) ;
#2359 = SURFACE_STYLE_FILL_AREA ( #2004 ) ;
#2360 = AXIS2_PLACEMENT_3D ( 'NONE', #10463, #9409, #10380 ) ;
#2361 = CARTESIAN_POINT ( 'NONE',  ( -6.400488265591218529, 4.799999999999999822, 0.09999999999999982514 ) ) ;
#2362 = EDGE_LOOP ( 'NONE', ( #3882, #1631, #4426, #6455 ) ) ;
#2363 = EDGE_LOOP ( 'NONE', ( #512, #4224, #4338, #4867 ) ) ;
#2364 = ORIENTED_EDGE ( 'NONE', *, *, #8378, .T. ) ;
#2365 = VECTOR ( 'NONE', #10124, 1000.000000000000000 ) ;
#2366 = ORIENTED_EDGE ( 'NONE', *, *, #4514, .T. ) ;
#2367 = DIRECTION ( 'NONE',  ( -0.000000000000000000, -0.000000000000000000, 1.000000000000000000 ) ) ;
#2368 = AXIS2_PLACEMENT_3D ( 'NONE', #4404, #10863, #8304 ) ;
#2369 = LINE ( 'NONE', #9984, #2682 ) ;
#2370 = EDGE_LOOP ( 'NONE', ( #10934, #9982, #7042, #7862 ) ) ;
#2371 = FACE_OUTER_BOUND ( 'NONE', #7488, .T. ) ;
#2372 = DIRECTION ( 'NONE',  ( -0.1736481776669316357, 0.000000000000000000, 0.9848077530122077983 ) ) ;
#2373 = CIRCLE ( 'NONE', #7963, 0.2249999999999999500 ) ;
#2374 = LINE ( 'NONE', #195, #10048 ) ;
#2375 = ADVANCED_FACE ( 'NONE', ( #11140 ), #5327, .T. ) ;
#2376 = CARTESIAN_POINT ( 'NONE',  ( 24.00000000000000000, 4.799999999999999822, 0.000000000000000000 ) ) ;
#2377 = ORIENTED_EDGE ( 'NONE', *, *, #823, .F. ) ;
#2378 = ADVANCED_FACE ( 'NONE', ( #3434 ), #3424, .F. ) ;
#2379 =( NAMED_UNIT ( * ) SI_UNIT ( $, .STERADIAN. ) SOLID_ANGLE_UNIT ( ) );
#2380 = VERTEX_POINT ( 'NONE', #4315 ) ;
#2381 = ORIENTED_EDGE ( 'NONE', *, *, #9932, .T. ) ;
#2382 = CARTESIAN_POINT ( 'NONE',  ( 6.350000000000001421, 0.5000000000000000000, -3.585000000000000853 ) ) ;
#2383 = DIRECTION ( 'NONE',  ( -1.000000000000000000, -0.000000000000000000, -0.000000000000000000 ) ) ;
#2384 = ORIENTED_EDGE ( 'NONE', *, *, #6642, .T. ) ;
#2385 = MECHANICAL_DESIGN_GEOMETRIC_PRESENTATION_REPRESENTATION (  '', ( #3472 ), #5444 ) ;
#2386 = DIRECTION ( 'NONE',  ( 0.000000000000000000, 1.000000000000000000, 0.000000000000000000 ) ) ;
#2387 = AXIS2_PLACEMENT_3D ( 'NONE', #2172, #4243, #7515 ) ;
#2388 = DIRECTION ( 'NONE',  ( 0.000000000000000000, 0.000000000000000000, 1.000000000000000000 ) ) ;
#2389 = DIRECTION ( 'NONE',  ( 0.000000000000000000, -1.000000000000000000, 0.000000000000000000 ) ) ;
#2390 = DIRECTION ( 'NONE',  ( 1.000000000000000000, 0.000000000000000000, -2.072739447398762653E-16 ) ) ;
#2391 = DIRECTION ( 'NONE',  ( 0.000000000000000000, -1.000000000000000000, -0.000000000000000000 ) ) ;
#2392 = ORIENTED_EDGE ( 'NONE', *, *, #8891, .F. ) ;
#2393 = CARTESIAN_POINT ( 'NONE',  ( 2.753985070693298898, 4.799999999999999822, -0.4749999999999989231 ) ) ;
#2394 = DIRECTION ( 'NONE',  ( -0.000000000000000000, 1.000000000000000000, -0.000000000000000000 ) ) ;
#2395 = LINE ( 'NONE', #2829, #10216 ) ;
#2396 = CARTESIAN_POINT ( 'NONE',  ( 14.36522286944951965, 5.799999999999999822, 0.1000000000000000056 ) ) ;
#2397 = VERTEX_POINT ( 'NONE', #2462 ) ;
#2398 = EDGE_CURVE ( 'NONE', #221, #8658, #7284, .T. ) ;
#2399 = ORIENTED_EDGE ( 'NONE', *, *, #6806, .T. ) ;
#2400 = ORIENTED_EDGE ( 'NONE', *, *, #4610, .T. ) ;
#2401 = EDGE_LOOP ( 'NONE', ( #6578, #4621, #8648, #8925 ) ) ;
#2402 = ADVANCED_FACE ( 'NONE', ( #3478 ), #10700, .F. ) ;
#2403 = DIRECTION ( 'NONE',  ( -0.000000000000000000, 1.000000000000000000, -0.000000000000000000 ) ) ;
#2404 = PLANE ( 'NONE',  #1143 ) ;
#2405 = EDGE_LOOP ( 'NONE', ( #2536, #1614, #8813, #7657 ) ) ;
#2406 = DIRECTION ( 'NONE',  ( 1.000000000000000000, 0.000000000000000000, 0.000000000000000000 ) ) ;
#2407 = DIRECTION ( 'NONE',  ( -1.000000000000000000, 0.000000000000000000, 4.280484862959055418E-16 ) ) ;
#2408 = DIRECTION ( 'NONE',  ( -0.1736481776669302757, 0.000000000000000000, 0.9848077530122080203 ) ) ;
#2409 = CARTESIAN_POINT ( 'NONE',  ( -1.599511734408786801, 4.799999999999999822, -0.1000000000000000056 ) ) ;
#2410 = DIRECTION ( 'NONE',  ( 0.000000000000000000, 1.000000000000000000, 0.000000000000000000 ) ) ;
#2411 = LINE ( 'NONE', #7956, #10021 ) ;
#2412 = DIRECTION ( 'NONE',  ( 1.000000000000000000, 0.000000000000000000, -2.072739447398762653E-16 ) ) ;
#2413 = VERTEX_POINT ( 'NONE', #918 ) ;
#2414 = VECTOR ( 'NONE', #8484, 1000.000000000000114 ) ;
#2415 = EDGE_CURVE ( 'NONE', #6276, #3508, #3311, .T. ) ;
#2416 = VECTOR ( 'NONE', #6544, 1000.000000000000000 ) ;
#2417 = ORIENTED_EDGE ( 'NONE', *, *, #8476, .F. ) ;
#2418 = ORIENTED_EDGE ( 'NONE', *, *, #8746, .F. ) ;
#2419 = DIRECTION ( 'NONE',  ( -0.000000000000000000, 1.000000000000000000, -0.000000000000000000 ) ) ;
#2420 = VERTEX_POINT ( 'NONE', #5971 ) ;
#2421 = LINE ( 'NONE', #9849, #10032 ) ;
#2422 = ORIENTED_EDGE ( 'NONE', *, *, #3991, .T. ) ;
#2423 = CARTESIAN_POINT ( 'NONE',  ( -0.2205331856370015831, 3.456497115745557291, 1.250705846325504966 ) ) ;
#2424 = DIRECTION ( 'NONE',  ( -0.9848077530122081313, 0.000000000000000000, -0.1736481776669298871 ) ) ;
#2425 = ADVANCED_FACE ( 'NONE', ( #7186 ), #9638, .F. ) ;
#2426 = ORIENTED_EDGE ( 'NONE', *, *, #6791, .T. ) ;
#2427 = DIRECTION ( 'NONE',  ( 0.000000000000000000, -1.000000000000000000, -0.000000000000000000 ) ) ;
#2428 = DIRECTION ( 'NONE',  ( 0.1736481776669307753, 0.000000000000000000, -0.9848077530122080203 ) ) ;
#2429 = CARTESIAN_POINT ( 'NONE',  ( 5.946914677622842760, 4.799999999999999822, -3.500000000000000444 ) ) ;
#2430 = DIRECTION ( 'NONE',  ( -1.000000000000000000, 0.000000000000000000, 1.630660900174879311E-16 ) ) ;
#2431 = EDGE_LOOP ( 'NONE', ( #11210, #8198, #4965, #11320 ) ) ;
#2432 = DIRECTION ( 'NONE',  ( 0.000000000000000000, 0.000000000000000000, -1.000000000000000000 ) ) ;
#2433 = PRESENTATION_STYLE_ASSIGNMENT (( #6547 ) ) ;
#2434 = ORIENTED_EDGE ( 'NONE', *, *, #5308, .F. ) ;
#2435 = VERTEX_POINT ( 'NONE', #6048 ) ;
#2436 = VERTEX_POINT ( 'NONE', #6802 ) ;
#2437 = FACE_OUTER_BOUND ( 'NONE', #2302, .T. ) ;
#2438 = DIRECTION ( 'NONE',  ( 0.000000000000000000, 1.000000000000000000, 0.000000000000000000 ) ) ;
#2439 = VERTEX_POINT ( 'NONE', #7669 ) ;
#2440 = ORIENTED_EDGE ( 'NONE', *, *, #5392, .F. ) ;
#2441 = DIRECTION ( 'NONE',  ( 0.000000000000000000, 0.000000000000000000, 1.000000000000000000 ) ) ;
#2442 = AXIS2_PLACEMENT_3D ( 'NONE', #4484, #6058, #11118 ) ;
#2443 = DIRECTION ( 'NONE',  ( -0.1736481776669302757, -0.000000000000000000, 0.9848077530122080203 ) ) ;
#2444 = ADVANCED_FACE ( 'NONE', ( #7343 ), #5251, .F. ) ;
#2445 = PRESENTATION_STYLE_ASSIGNMENT (( #11111 ) ) ;
#2446 = EDGE_LOOP ( 'NONE', ( #715, #1379, #5834, #10479 ) ) ;
#2447 = EDGE_CURVE ( 'NONE', #2561, #7213, #3169, .T. ) ;
#2448 = DIRECTION ( 'NONE',  ( 0.000000000000000000, -0.000000000000000000, 1.000000000000000000 ) ) ;
#2449 = VECTOR ( 'NONE', #2241, 1000.000000000000000 ) ;
#2450 = VECTOR ( 'NONE', #3395, 1000.000000000000000 ) ;
#2451 = CARTESIAN_POINT ( 'NONE',  ( -13.41352556097974436, 1.103909596859301789, 0.4750000000000004774 ) ) ;
#2452 = CLOSED_SHELL ( 'NONE', ( #10311, #4581, #11131, #4299 ) ) ;
#2453 = DIRECTION ( 'NONE',  ( -0.9848077530122079093, 0.000000000000000000, -0.1736481776669313026 ) ) ;
#2454 = EDGE_LOOP ( 'NONE', ( #9498, #1319, #5278, #1013 ) ) ;
#2455 = ORIENTED_EDGE ( 'NONE', *, *, #6409, .T. ) ;
#2456 = ORIENTED_EDGE ( 'NONE', *, *, #1656, .F. ) ;
#2457 = DIRECTION ( 'NONE',  ( -1.000000000000000000, 0.000000000000000000, 0.000000000000000000 ) ) ;
#2458 = ORIENTED_EDGE ( 'NONE', *, *, #6865, .F. ) ;
#2459 = DIRECTION ( 'NONE',  ( -0.1736481776669316635, 0.000000000000000000, 0.9848077530122076872 ) ) ;
#2460 =( GEOMETRIC_REPRESENTATION_CONTEXT ( 3 ) GLOBAL_UNCERTAINTY_ASSIGNED_CONTEXT ( ( #8231 ) ) GLOBAL_UNIT_ASSIGNED_CONTEXT ( ( #8713, #634, #5919 ) ) REPRESENTATION_CONTEXT ( 'NONE', 'WORKASPACE' ) );
#2461 = CARTESIAN_POINT ( 'NONE',  ( 1.634777130550475466, 5.799999999999999822, -0.09999999999999982514 ) ) ;
#2462 = CARTESIAN_POINT ( 'NONE',  ( 5.765711135040735513, 4.799999999999999822, 3.500000000000000000 ) ) ;
#2463 = EDGE_CURVE ( 'NONE', #11272, #8083, #3510, .T. ) ;
#2464 = AXIS2_PLACEMENT_3D ( 'NONE', #4961, #2279, #5852 ) ;
#2465 = ORIENTED_EDGE ( 'NONE', *, *, #9730, .T. ) ;
#2466 = VECTOR ( 'NONE', #9950, 1000.000000000000114 ) ;
#2467 = CARTESIAN_POINT ( 'NONE',  ( 15.34999999999999609, 0.5000000000000000000, 5.099999999999998757 ) ) ;
#2468 = PLANE ( 'NONE',  #10244 ) ;
#2469 = EDGE_CURVE ( 'NONE', #6960, #7666, #10913, .T. ) ;
#2470 = FACE_OUTER_BOUND ( 'NONE', #2431, .T. ) ;
#2471 = PLANE ( 'NONE',  #8289 ) ;
#2472 = VERTEX_POINT ( 'NONE', #1590 ) ;
#2473 = ADVANCED_FACE ( 'NONE', ( #3225 ), #9858, .T. ) ;
#2474 = CARTESIAN_POINT ( 'NONE',  ( -1.000000000000002665, 5.799999999999999822, 2.550000000000000266 ) ) ;
#2475 = EDGE_LOOP ( 'NONE', ( #2626, #7246, #3895, #3354 ) ) ;
#2476 = EDGE_LOOP ( 'NONE', ( #5086, #5276, #4321, #4952 ) ) ;
#2477 = VECTOR ( 'NONE', #11234, 1000.000000000000000 ) ;
#2478 = EDGE_LOOP ( 'NONE', ( #1434, #5016, #1719, #9141 ) ) ;
#2479 = PLANE ( 'NONE',  #559 ) ;
#2480 = ORIENTED_EDGE ( 'NONE', *, *, #572, .T. ) ;
#2481 = CARTESIAN_POINT ( 'NONE',  ( -11.11986355566337181, 5.799999999999999822, 2.550000000000000711 ) ) ;
#2482 = CARTESIAN_POINT ( 'NONE',  ( 2.586474439020256089, 4.799999999999999822, 0.4750000000000004774 ) ) ;
#2483 = EDGE_CURVE ( 'NONE', #11443, #3064, #7777, .T. ) ;
#2484 = PLANE ( 'NONE',  #1283 ) ;
#2485 = CARTESIAN_POINT ( 'NONE',  ( 14.40048826559121409, 4.799999999999999822, -0.1000000000000000056 ) ) ;
#2486 = CARTESIAN_POINT ( 'NONE',  ( -1.269999999999999352, 0.5000000000000000000, 3.810000000000000053 ) ) ;
#2487 = DIRECTION ( 'NONE',  ( -1.000000000000000000, 0.000000000000000000, -2.072739447398754025E-16 ) ) ;
#2488 = ORIENTED_EDGE ( 'NONE', *, *, #10587, .T. ) ;
#2489 = LINE ( 'NONE', #5346, #2180 ) ;
#2490 = LINE ( 'NONE', #6628, #2571 ) ;
#2491 = LINE ( 'NONE', #5645, #2416 ) ;
#2492 = ORIENTED_EDGE ( 'NONE', *, *, #4416, .F. ) ;
#2493 = EDGE_CURVE ( 'NONE', #4277, #9500, #11334, .T. ) ;
#2494 =( GEOMETRIC_REPRESENTATION_CONTEXT ( 3 ) GLOBAL_UNCERTAINTY_ASSIGNED_CONTEXT ( ( #6684 ) ) GLOBAL_UNIT_ASSIGNED_CONTEXT ( ( #4358, #11213, #736 ) ) REPRESENTATION_CONTEXT ( 'NONE', 'WORKASPACE' ) );
#2495 = ORIENTED_EDGE ( 'NONE', *, *, #2205, .F. ) ;
#2496 = ORIENTED_EDGE ( 'NONE', *, *, #433, .F. ) ;
#2497 = LINE ( 'NONE', #4, #6235 ) ;
#2498 = ORIENTED_EDGE ( 'NONE', *, *, #10278, .T. ) ;
#2499 = DIRECTION ( 'NONE',  ( -0.000000000000000000, 1.000000000000000000, -0.000000000000000000 ) ) ;
#2500 = CARTESIAN_POINT ( 'NONE',  ( 16.09999999999999787, 5.799999999999999822, 5.099999999999999645 ) ) ;
#2501 = ADVANCED_FACE ( 'NONE', ( #3621 ), #88, .F. ) ;
#2502 = CARTESIAN_POINT ( 'NONE',  ( -10.05308532237715724, 1.103909596859301789, -3.500000000000000444 ) ) ;
#2503 = ORIENTED_EDGE ( 'NONE', *, *, #2415, .T. ) ;
#2504 = FILL_AREA_STYLE ('',( #6995 ) ) ;
#2505 = DIRECTION ( 'NONE',  ( 0.000000000000000000, 0.000000000000000000, 1.000000000000000000 ) ) ;
#2506 = AXIS2_PLACEMENT_3D ( 'NONE', #9822, #9103, #10744 ) ;
#2507 = PLANE ( 'NONE',  #3184 ) ;
#2508 = DIRECTION ( 'NONE',  ( -0.000000000000000000, 1.000000000000000000, -0.000000000000000000 ) ) ;
#2509 = VERTEX_POINT ( 'NONE', #5385 ) ;
#2510 = CARTESIAN_POINT ( 'NONE',  ( -4.712625812663592484, 1.103909596859301789, -3.500000000000000000 ) ) ;
#2511 = DIRECTION ( 'NONE',  ( 0.9848077530122082424, -0.000000000000000000, 0.1736481776669298038 ) ) ;
#2512 = VECTOR ( 'NONE', #7314, 1000.000000000000000 ) ;
#2513 = DIRECTION ( 'NONE',  ( 0.000000000000000000, 0.000000000000000000, 1.000000000000000000 ) ) ;
#2514 = FACE_OUTER_BOUND ( 'NONE', #778, .T. ) ;
#2515 = ORIENTED_EDGE ( 'NONE', *, *, #7601, .T. ) ;
#2516 = VERTEX_POINT ( 'NONE', #8130 ) ;
#2517 = ORIENTED_EDGE ( 'NONE', *, *, #3999, .F. ) ;
#2518 = CARTESIAN_POINT ( 'NONE',  ( -10.22059595405019827, 4.799999999999999822, -2.550000000000000711 ) ) ;
#2519 = ORIENTED_EDGE ( 'NONE', *, *, #9248, .F. ) ;
#2520 = CARTESIAN_POINT ( 'NONE',  ( -5.550488265591217107, 4.799999999999999822, 0.1000000000000000056 ) ) ;
#2521 = ADVANCED_FACE ( 'NONE', ( #3741 ), #3682, .F. ) ;
#2522 = VERTEX_POINT ( 'NONE', #7148 ) ;
#2523 = CARTESIAN_POINT ( 'NONE',  ( 11.08428886495926058, 4.799999999999999822, -3.500000000000000444 ) ) ;
#2524 = DIRECTION ( 'NONE',  ( 0.1736481776669307753, -0.000000000000000000, -0.9848077530122080203 ) ) ;
#2525 = FACE_OUTER_BOUND ( 'NONE', #9049, .T. ) ;
#2526 = ORIENTED_EDGE ( 'NONE', *, *, #4332, .F. ) ;
#2527 = LINE ( 'NONE', #9161, #10250 ) ;
#2528 = DIRECTION ( 'NONE',  ( -1.000000000000000000, 0.000000000000000000, 0.000000000000000000 ) ) ;
#2529 = AXIS2_PLACEMENT_3D ( 'NONE', #8752, #10535, #9479 ) ;
#2530 = FACE_OUTER_BOUND ( 'NONE', #4183, .T. ) ;
#2531 = LINE ( 'NONE', #8888, #10193 ) ;
#2532 = CARTESIAN_POINT ( 'NONE',  ( 4.880136444336628188, 1.103909596859301789, 2.550000000000000711 ) ) ;
#2533 = EDGE_CURVE ( 'NONE', #8819, #4506, #7802, .T. ) ;
#2534 = ORIENTED_EDGE ( 'NONE', *, *, #748, .T. ) ;
#2535 = CARTESIAN_POINT ( 'NONE',  ( 0.000000000000000000, 5.799999999999999822, 0.000000000000000000 ) ) ;
#2536 = ORIENTED_EDGE ( 'NONE', *, *, #3374, .F. ) ;
#2537 = ORIENTED_EDGE ( 'NONE', *, *, #9410, .T. ) ;
#2538 = PRESENTATION_STYLE_ASSIGNMENT (( #339 ) ) ;
#2539 = DIRECTION ( 'NONE',  ( 1.000000000000000000, 0.000000000000000000, -0.000000000000000000 ) ) ;
#2540 = DIRECTION ( 'NONE',  ( 1.000000000000000000, 0.000000000000000000, 0.000000000000000000 ) ) ;
#2541 = ORIENTED_EDGE ( 'NONE', *, *, #10727, .F. ) ;
#2542 = CARTESIAN_POINT ( 'NONE',  ( 1.270000000000000240, -7.450000000000000178, -4.035000000000001030 ) ) ;
#2543 = EDGE_CURVE ( 'NONE', #6051, #4776, #3880, .T. ) ;
#2544 = EDGE_LOOP ( 'NONE', ( #6250, #1009 ) ) ;
#2545 = UNCERTAINTY_MEASURE_WITH_UNIT (LENGTH_MEASURE( 1.000000000000000082E-05 ), #6349, 'distance_accuracy_value', 'NONE');
#2546 = EDGE_CURVE ( 'NONE', #1687, #9165, #11276, .T. ) ;
#2547 = ADVANCED_FACE ( 'NONE', ( #7591 ), #10604, .T. ) ;
#2548 = VERTEX_POINT ( 'NONE', #816 ) ;
#2549 = LINE ( 'NONE', #7555, #10046 ) ;
#2550 = CARTESIAN_POINT ( 'NONE',  ( -1.000000000000002665, 4.799999999999999822, 3.025000000000000799 ) ) ;
#2551 = DIRECTION ( 'NONE',  ( 1.000000000000000000, -0.000000000000000000, -0.000000000000000000 ) ) ;
#2552 = DIRECTION ( 'NONE',  ( 0.000000000000000000, 1.000000000000000000, 0.000000000000000000 ) ) ;
#2553 = ORIENTED_EDGE ( 'NONE', *, *, #4396, .T. ) ;
#2554 = ORIENTED_EDGE ( 'NONE', *, *, #113, .F. ) ;
#2555 = EDGE_CURVE ( 'NONE', #895, #8802, #3565, .T. ) ;
#2556 = EDGE_LOOP ( 'NONE', ( #636, #8766, #4766, #4827 ) ) ;
#2557 = FACE_OUTER_BOUND ( 'NONE', #6421, .T. ) ;
#2558 = ORIENTED_EDGE ( 'NONE', *, *, #6112, .F. ) ;
#2559 = CARTESIAN_POINT ( 'NONE',  ( -11.11986355566337181, 4.799999999999999822, 2.550000000000000711 ) ) ;
#2560 = CARTESIAN_POINT ( 'NONE',  ( 12.71262581266358715, 4.799999999999999822, 3.500000000000000444 ) ) ;
#2561 = VERTEX_POINT ( 'NONE', #2678 ) ;
#2562 = DIRECTION ( 'NONE',  ( -1.000000000000000000, -0.000000000000000000, -0.000000000000000000 ) ) ;
#2563 = FILL_AREA_STYLE ('',( #9079 ) ) ;
#2564 = AXIS2_PLACEMENT_3D ( 'NONE', #8808, #9681, #7139 ) ;
#2565 = DIRECTION ( 'NONE',  ( 0.000000000000000000, 0.000000000000000000, 1.000000000000000000 ) ) ;
#2566 = DIRECTION ( 'NONE',  ( 2.072739447398754025E-16, 0.000000000000000000, -1.000000000000000000 ) ) ;
#2567 = FACE_OUTER_BOUND ( 'NONE', #924, .T. ) ;
#2568 = CARTESIAN_POINT ( 'NONE',  ( -3.119863555663371812, 4.799999999999999822, 2.550000000000000711 ) ) ;
#2569 = ORIENTED_EDGE ( 'NONE', *, *, #4166, .T. ) ;
#2570 = VECTOR ( 'NONE', #10018, 1000.000000000000114 ) ;
#2571 = VECTOR ( 'NONE', #11103, 1000.000000000000000 ) ;
#2572 = ORIENTED_EDGE ( 'NONE', *, *, #3676, .F. ) ;
#2573 = ADVANCED_FACE ( 'NONE', ( #3898 ), #975, .F. ) ;
#2574 = ORIENTED_EDGE ( 'NONE', *, *, #4458, .T. ) ;
#2575 = DIRECTION ( 'NONE',  ( 0.000000000000000000, 0.000000000000000000, -1.000000000000000000 ) ) ;
#2576 = ORIENTED_EDGE ( 'NONE', *, *, #10848, .T. ) ;
#2577 = EDGE_CURVE ( 'NONE', #4559, #3905, #7820, .T. ) ;
#2578 = ORIENTED_EDGE ( 'NONE', *, *, #7730, .F. ) ;
#2579 = EDGE_CURVE ( 'NONE', #9015, #6415, #7736, .T. ) ;
#2580 = CARTESIAN_POINT ( 'NONE',  ( 0.2205331856370011112, 3.456497115745557291, -1.725705846325505499 ) ) ;
#2581 = DIRECTION ( 'NONE',  ( 0.000000000000000000, 0.000000000000000000, -1.000000000000000000 ) ) ;
#2582 = DIRECTION ( 'NONE',  ( 0.9848077530122081313, 0.000000000000000000, 0.1736481776669298316 ) ) ;
#2583 = ORIENTED_EDGE ( 'NONE', *, *, #8911, .T. ) ;
#2584 = CARTESIAN_POINT ( 'NONE',  ( 3.810000000000000941, -15.53639610306789187, -3.810000000000000941 ) ) ;
#2585 = VERTEX_POINT ( 'NONE', #6549 ) ;
#2586 = LINE ( 'NONE', #3507, #2142 ) ;
#2587 = CARTESIAN_POINT ( 'NONE',  ( -1.269999999999999352, 0.5000000000000000000, -3.810000000000000941 ) ) ;
#2588 = FACE_OUTER_BOUND ( 'NONE', #1855, .T. ) ;
#2589 = DIRECTION ( 'NONE',  ( -1.000000000000000000, 0.000000000000000000, 4.280484862959055418E-16 ) ) ;
#2590 = LINE ( 'NONE', #7143, #10396 ) ;
#2591 = ORIENTED_EDGE ( 'NONE', *, *, #8631, .F. ) ;
#2592 = EDGE_CURVE ( 'NONE', #10876, #2585, #7434, .T. ) ;
#2593 = VERTEX_POINT ( 'NONE', #9259 ) ;
#2594 = EDGE_LOOP ( 'NONE', ( #7791, #3625, #4231, #275 ) ) ;
#2595 = STYLED_ITEM ( 'NONE', ( #4180 ), #6961 ) ;
#2596 = ORIENTED_EDGE ( 'NONE', *, *, #2016, .F. ) ;
#2597 = PRESENTATION_LAYER_ASSIGNMENT (  '', '', ( #7075 ) ) ;
#2598 = EDGE_CURVE ( 'NONE', #6367, #2826, #87, .T. ) ;
#2599 = ADVANCED_FACE ( 'NONE', ( #7613 ), #7517, .T. ) ;
#2600 = ORIENTED_EDGE ( 'NONE', *, *, #5550, .F. ) ;
#2601 = DIRECTION ( 'NONE',  ( -0.000000000000000000, 1.000000000000000000, -0.000000000000000000 ) ) ;
#2602 = DIRECTION ( 'NONE',  ( 0.000000000000000000, 0.000000000000000000, -1.000000000000000000 ) ) ;
#2603 = ORIENTED_EDGE ( 'NONE', *, *, #10387, .T. ) ;
#2604 = LINE ( 'NONE', #7474, #2570 ) ;
#2605 = DIRECTION ( 'NONE',  ( -0.000000000000000000, 1.000000000000000000, -0.000000000000000000 ) ) ;
#2606 = LINE ( 'NONE', #4669, #6433 ) ;
#2607 = AXIS2_PLACEMENT_3D ( 'NONE', #1239, #4780, #8634 ) ;
#2608 = CIRCLE ( 'NONE', #8584, 0.2249999999999999500 ) ;
#2609 = DIRECTION ( 'NONE',  ( 0.1736481776669298871, 0.000000000000000000, -0.9848077530122082424 ) ) ;
#2610 = ORIENTED_EDGE ( 'NONE', *, *, #10385, .F. ) ;
#2611 = DIRECTION ( 'NONE',  ( 0.000000000000000000, 0.000000000000000000, 1.000000000000000000 ) ) ;
#2612 = ORIENTED_EDGE ( 'NONE', *, *, #6218, .F. ) ;
#2613 = ORIENTED_EDGE ( 'NONE', *, *, #9334, .F. ) ;
#2614 = LINE ( 'NONE', #4305, #2340 ) ;
#2615 = DIRECTION ( 'NONE',  ( -1.000000000000000000, 0.000000000000000000, 0.000000000000000000 ) ) ;
#2616 = ORIENTED_EDGE ( 'NONE', *, *, #9551, .T. ) ;
#2617 = EDGE_CURVE ( 'NONE', #10508, #10138, #3781, .T. ) ;
#2618 = CARTESIAN_POINT ( 'NONE',  ( 10.44951173440878378, 4.799999999999999822, 0.1000000000000000056 ) ) ;
#2619 = AXIS2_PLACEMENT_3D ( 'NONE', #4937, #4688, #6736 ) ;
#2620 = ADVANCED_FACE ( 'NONE', ( #7494 ), #5810, .F. ) ;
#2621 = ORIENTED_EDGE ( 'NONE', *, *, #7449, .T. ) ;
#2622 = CARTESIAN_POINT ( 'NONE',  ( 3.084288864959259691, 4.799999999999999822, -3.500000000000000444 ) ) ;
#2623 = EDGE_CURVE ( 'NONE', #6177, #4197, #11433, .T. ) ;
#2624 = MECHANICAL_DESIGN_GEOMETRIC_PRESENTATION_REPRESENTATION (  '', ( #10453 ), #1662 ) ;
#2625 = LINE ( 'NONE', #8520, #2647 ) ;
#2626 = ORIENTED_EDGE ( 'NONE', *, *, #11223, .F. ) ;
#2627 = COLOUR_RGB ( '',0.7529411764705882248, 0.000000000000000000, 0.000000000000000000 ) ;
#2628 = CARTESIAN_POINT ( 'NONE',  ( 12.88013644433662819, 1.103909596859301789, 2.550000000000000711 ) ) ;
#2629 = CARTESIAN_POINT ( 'NONE',  ( 13.24601492930669444, 4.799999999999999822, 0.4749999999999995892 ) ) ;
#2630 =( NAMED_UNIT ( * ) PLANE_ANGLE_UNIT ( ) SI_UNIT ( $, .RADIAN. ) );
#2631 = LINE ( 'NONE', #3524, #2335 ) ;
#2632 = DIRECTION ( 'NONE',  ( 0.1736481776669312471, 0.000000000000000000, -0.9848077530122079093 ) ) ;
#2633 = ORIENTED_EDGE ( 'NONE', *, *, #9412, .F. ) ;
#2634 = DIRECTION ( 'NONE',  ( 0.1736481776669307753, -0.000000000000000000, -0.9848077530122080203 ) ) ;
#2635 = EDGE_LOOP ( 'NONE', ( #5257, #352, #1374, #4849 ) ) ;
#2636 = ORIENTED_EDGE ( 'NONE', *, *, #89, .T. ) ;
#2637 = ORIENTED_EDGE ( 'NONE', *, *, #3831, .T. ) ;
#2638 = ORIENTED_EDGE ( 'NONE', *, *, #2912, .F. ) ;
#2639 = CARTESIAN_POINT ( 'NONE',  ( -10.58647443902026453, 4.799999999999999822, -0.4750000000000000333 ) ) ;
#2640 = DIRECTION ( 'NONE',  ( 0.000000000000000000, -1.000000000000000000, 0.000000000000000000 ) ) ;
#2641 = PLANE ( 'NONE',  #4298 ) ;
#2642 = CARTESIAN_POINT ( 'NONE',  ( -0.2205331856370015831, 4.799999999999999822, 1.725705846325505499 ) ) ;
#2643 = EDGE_CURVE ( 'NONE', #1357, #8981, #7416, .T. ) ;
#2644 = DIRECTION ( 'NONE',  ( -1.000000000000000000, 0.000000000000000000, -2.072739447398754025E-16 ) ) ;
#2645 =( GEOMETRIC_REPRESENTATION_CONTEXT ( 3 ) GLOBAL_UNCERTAINTY_ASSIGNED_CONTEXT ( ( #11511 ) ) GLOBAL_UNIT_ASSIGNED_CONTEXT ( ( #2720, #6286, #4478 ) ) REPRESENTATION_CONTEXT ( 'NONE', 'WORKASPACE' ) );
#2646 = ADVANCED_FACE ( 'NONE', ( #3800 ), #66, .T. ) ;
#2647 = VECTOR ( 'NONE', #2248, 1000.000000000000000 ) ;
#2648 = CARTESIAN_POINT ( 'NONE',  ( 9.000000000000001776, 5.799999999999999822, 3.500000000000000444 ) ) ;
#2649 = ORIENTED_EDGE ( 'NONE', *, *, #4828, .F. ) ;
#2650 = LINE ( 'NONE', #9660, #6487 ) ;
#2651 = LINE ( 'NONE', #9972, #6269 ) ;
#2652 = VERTEX_POINT ( 'NONE', #4052 ) ;
#2653 = ORIENTED_EDGE ( 'NONE', *, *, #5771, .F. ) ;
#2654 = ORIENTED_EDGE ( 'NONE', *, *, #4679, .F. ) ;
#2655 = VERTEX_POINT ( 'NONE', #1492 ) ;
#2656 = AXIS2_PLACEMENT_3D ( 'NONE', #7988, #11485, #854 ) ;
#2657 = CARTESIAN_POINT ( 'NONE',  ( 6.350000000000001421, -15.53639610306789187, 3.584999999999999964 ) ) ;
#2658 = PLANE ( 'NONE',  #7816 ) ;
#2659 = AXIS2_PLACEMENT_3D ( 'NONE', #5006, #5888, #766 ) ;
#2660 =( NAMED_UNIT ( * ) SI_UNIT ( $, .STERADIAN. ) SOLID_ANGLE_UNIT ( ) );
#2661 = ORIENTED_EDGE ( 'NONE', *, *, #3999, .T. ) ;
#2662 = CARTESIAN_POINT ( 'NONE',  ( 6.400488265591213199, 4.799999999999999822, -0.1000000000000000056 ) ) ;
#2663 = CARTESIAN_POINT ( 'NONE',  ( -10.48477713055048000, 4.799999999999999822, 0.09999999999999982514 ) ) ;
#2664 = EDGE_CURVE ( 'NONE', #9703, #8031, #11357, .T. ) ;
#2665 = CARTESIAN_POINT ( 'NONE',  ( 0.000000000000000000, 4.799999999999999822, 0.000000000000000000 ) ) ;
#2666 = ORIENTED_EDGE ( 'NONE', *, *, #2962, .T. ) ;
#2667 = CARTESIAN_POINT ( 'NONE',  ( -3.287374187336412845, 4.799999999999999822, 3.500000000000000444 ) ) ;
#2668 = DIRECTION ( 'NONE',  ( 0.000000000000000000, 0.000000000000000000, -1.000000000000000000 ) ) ;
#2669 = COLOUR_RGB ( '',0.7529411764705882248, 0.000000000000000000, 0.000000000000000000 ) ;
#2670 = DIRECTION ( 'NONE',  ( 0.9848077530122080203, 0.000000000000000000, 0.1736481776669307475 ) ) ;
#2671 = LINE ( 'NONE', #9899, #10173 ) ;
#2672 = ORIENTED_EDGE ( 'NONE', *, *, #5202, .T. ) ;
#2673 = ORIENTED_EDGE ( 'NONE', *, *, #8979, .T. ) ;
#2674 = ORIENTED_EDGE ( 'NONE', *, *, #7885, .T. ) ;
#2675 = VECTOR ( 'NONE', #7741, 1000.000000000000000 ) ;
#2676 = SURFACE_STYLE_USAGE ( .BOTH. , #1781 ) ;
#2677 = ORIENTED_EDGE ( 'NONE', *, *, #10120, .F. ) ;
#2678 = CARTESIAN_POINT ( 'NONE',  ( 5.946914677622842760, 4.799999999999999822, -3.500000000000000444 ) ) ;
#2679 = AXIS2_PLACEMENT_3D ( 'NONE', #7393, #5775, #5619 ) ;
#2680 = VERTEX_POINT ( 'NONE', #5144 ) ;
#2681 = EDGE_CURVE ( 'NONE', #10740, #3438, #7538, .T. ) ;
#2682 = VECTOR ( 'NONE', #4517, 999.9999999999998863 ) ;
#2683 = CARTESIAN_POINT ( 'NONE',  ( -4.712625812663592484, 4.799999999999999822, -3.500000000000000000 ) ) ;
#2684 = CARTESIAN_POINT ( 'NONE',  ( -1.000000000000002665, 4.799999999999999822, 3.025000000000000799 ) ) ;
#2685 = ORIENTED_EDGE ( 'NONE', *, *, #9730, .F. ) ;
#2686 = VECTOR ( 'NONE', #3187, 1000.000000000000000 ) ;
#2687 = VECTOR ( 'NONE', #7521, 1000.000000000000114 ) ;
#2688 = LINE ( 'NONE', #6316, #2284 ) ;
#2689 = AXIS2_PLACEMENT_3D ( 'NONE', #6877, #2391, #602 ) ;
#2690 = FILL_AREA_STYLE_COLOUR ( '', #11105 ) ;
#2691 = UNCERTAINTY_MEASURE_WITH_UNIT (LENGTH_MEASURE( 1.000000000000000082E-05 ), #5079, 'distance_accuracy_value', 'NONE');
#2692 = ORIENTED_EDGE ( 'NONE', *, *, #8396, .T. ) ;
#2693 = SURFACE_SIDE_STYLE ('',( #8881 ) ) ;
#2694 = ORIENTED_EDGE ( 'NONE', *, *, #808, .T. ) ;
#2695 = VERTEX_POINT ( 'NONE', #10436 ) ;
#2696 = CARTESIAN_POINT ( 'NONE',  ( 0.000000000000000000, 5.799999999999999822, 0.000000000000000000 ) ) ;
#2697 = DIRECTION ( 'NONE',  ( -0.000000000000000000, 1.000000000000000000, -0.000000000000000000 ) ) ;
#2698 = VERTEX_POINT ( 'NONE', #11219 ) ;
#2699 = CARTESIAN_POINT ( 'NONE',  ( -2.234288864959264931, 4.799999999999999822, 3.499999999999999556 ) ) ;
#2700 = ADVANCED_FACE ( 'NONE', ( #7762 ), #10276, .F. ) ;
#2701 = ORIENTED_EDGE ( 'NONE', *, *, #7214, .T. ) ;
#2702 = DIRECTION ( 'NONE',  ( 1.000000000000000000, 0.000000000000000000, -2.072739447398754025E-16 ) ) ;
#2703 = AXIS2_PLACEMENT_3D ( 'NONE', #9961, #10878, #8236 ) ;
#2704 = EDGE_LOOP ( 'NONE', ( #8628, #5261, #8070, #4549 ) ) ;
#2705 = VECTOR ( 'NONE', #7633, 1000.000000000000114 ) ;
#2706 = DIRECTION ( 'NONE',  ( -0.000000000000000000, 1.000000000000000000, -0.000000000000000000 ) ) ;
#2707 = VECTOR ( 'NONE', #11308, 1000.000000000000000 ) ;
#2708 = DIRECTION ( 'NONE',  ( 0.000000000000000000, -1.000000000000000000, 0.000000000000000000 ) ) ;
#2709 = ORIENTED_EDGE ( 'NONE', *, *, #10490, .F. ) ;
#2710 = DIRECTION ( 'NONE',  ( -1.000000000000000000, 0.000000000000000000, 4.280484862959055418E-16 ) ) ;
#2711 = ORIENTED_EDGE ( 'NONE', *, *, #5467, .T. ) ;
#2712 = EDGE_LOOP ( 'NONE', ( #1757, #10034, #2255, #1030 ) ) ;
#2713 = LINE ( 'NONE', #8450, #6812 ) ;
#2714 = ORIENTED_EDGE ( 'NONE', *, *, #4189, .F. ) ;
#2715 = DIRECTION ( 'NONE',  ( -0.1736481776669307753, 0.000000000000000000, 0.9848077530122080203 ) ) ;
#2716 = ORIENTED_EDGE ( 'NONE', *, *, #11031, .F. ) ;
#2717 = AXIS2_PLACEMENT_3D ( 'NONE', #6964, #3799, #4239 ) ;
#2718 = DIRECTION ( 'NONE',  ( -0.1736481776669302757, 0.000000000000000000, 0.9848077530122080203 ) ) ;
#2719 = DIRECTION ( 'NONE',  ( 0.000000000000000000, 0.000000000000000000, 1.000000000000000000 ) ) ;
#2720 =( LENGTH_UNIT ( ) NAMED_UNIT ( * ) SI_UNIT ( .MILLI., .METRE. ) );
#2721 = DIRECTION ( 'NONE',  ( 0.000000000000000000, 1.000000000000000000, 0.000000000000000000 ) ) ;
#2722 = COLOUR_RGB ( '',0.7529411764705882248, 0.000000000000000000, 0.000000000000000000 ) ;
#2723 = DIRECTION ( 'NONE',  ( -0.000000000000000000, 1.000000000000000000, -0.000000000000000000 ) ) ;
#2724 = ORIENTED_EDGE ( 'NONE', *, *, #10868, .F. ) ;
#2725 = EDGE_CURVE ( 'NONE', #9651, #2548, #7635, .T. ) ;
#2726 = VECTOR ( 'NONE', #8816, 999.9999999999998863 ) ;
#2727 = EDGE_CURVE ( 'NONE', #8286, #5356, #11316, .T. ) ;
#2728 = CIRCLE ( 'NONE', #7023, 0.4750000000000005884 ) ;
#2729 = ORIENTED_EDGE ( 'NONE', *, *, #7298, .F. ) ;
#2730 = ORIENTED_EDGE ( 'NONE', *, *, #8746, .T. ) ;
#2731 = ORIENTED_EDGE ( 'NONE', *, *, #2912, .T. ) ;
#2732 = ORIENTED_EDGE ( 'NONE', *, *, #2533, .T. ) ;
#2733 = DIRECTION ( 'NONE',  ( 0.1736481776669298871, 0.000000000000000000, -0.9848077530122082424 ) ) ;
#2734 = AXIS2_PLACEMENT_3D ( 'NONE', #8633, #1549, #11347 ) ;
#2735 = CARTESIAN_POINT ( 'NONE',  ( -13.94691467762285164, 5.799999999999999822, 3.500000000000000444 ) ) ;
#2736 = ORIENTED_EDGE ( 'NONE', *, *, #2254, .F. ) ;
#2737 = DIRECTION ( 'NONE',  ( 0.000000000000000000, 1.000000000000000000, 0.000000000000000000 ) ) ;
#2738 = EDGE_CURVE ( 'NONE', #3192, #7882, #3638, .T. ) ;
#2739 = ADVANCED_FACE ( 'NONE', ( #11514 ), #8369, .T. ) ;
#2740 = FACE_OUTER_BOUND ( 'NONE', #10464, .T. ) ;
#2741 = DIRECTION ( 'NONE',  ( -1.000000000000000000, 0.000000000000000000, 4.280484862959055418E-16 ) ) ;
#2742 = STYLED_ITEM ( 'NONE', ( #4564 ), #7253 ) ;
#2743 = VERTEX_POINT ( 'NONE', #10079 ) ;
#2744 = LINE ( 'NONE', #7717, #6591 ) ;
#2745 = PLANE ( 'NONE',  #9428 ) ;
#2746 = AXIS2_PLACEMENT_3D ( 'NONE', #2317, #4085, #6811 ) ;
#2747 = EDGE_CURVE ( 'NONE', #1131, #9033, #3602, .T. ) ;
#2748 = CARTESIAN_POINT ( 'NONE',  ( 6.999999999999997335, 4.799999999999999822, 3.500000000000001332 ) ) ;
#2749 = LINE ( 'NONE', #511, #6882 ) ;
#2750 = ORIENTED_EDGE ( 'NONE', *, *, #632, .F. ) ;
#2751 = ORIENTED_EDGE ( 'NONE', *, *, #5376, .T. ) ;
#2752 = ORIENTED_EDGE ( 'NONE', *, *, #4788, .F. ) ;
#2753 = CYLINDRICAL_SURFACE ( 'NONE', #9655, 0.2250000000000003664 ) ;
#2754 = CARTESIAN_POINT ( 'NONE',  ( -5.515222869449522669, 4.799999999999999822, -0.1000000000000000056 ) ) ;
#2755 = ORIENTED_EDGE ( 'NONE', *, *, #242, .T. ) ;
#2756 = ORIENTED_EDGE ( 'NONE', *, *, #3696, .F. ) ;
#2757 = EDGE_CURVE ( 'NONE', #3627, #2522, #49, .T. ) ;
#2758 = PLANE ( 'NONE',  #3120 ) ;
#2759 = VECTOR ( 'NONE', #5611, 1000.000000000000000 ) ;
#2760 = ORIENTED_EDGE ( 'NONE', *, *, #11231, .T. ) ;
#2761 = LINE ( 'NONE', #5857, #10658 ) ;
#2762 = EDGE_CURVE ( 'NONE', #7207, #9009, #7478, .T. ) ;
#2763 = VECTOR ( 'NONE', #8669, 1000.000000000000000 ) ;
#2764 = CYLINDRICAL_SURFACE ( 'NONE', #4391, 0.4750000000000005884 ) ;
#2765 = ORIENTED_EDGE ( 'NONE', *, *, #4889, .T. ) ;
#2766 = EDGE_CURVE ( 'NONE', #6198, #2312, #3657, .T. ) ;
#2767 = DIRECTION ( 'NONE',  ( 0.1736481776669312471, 0.000000000000000000, -0.9848077530122079093 ) ) ;
#2768 = AXIS2_PLACEMENT_3D ( 'NONE', #1207, #10132, #8965 ) ;
#2769 = EDGE_LOOP ( 'NONE', ( #8497, #929, #5207, #5306 ) ) ;
#2770 = ORIENTED_EDGE ( 'NONE', *, *, #3058, .T. ) ;
#2771 = VECTOR ( 'NONE', #5190, 1000.000000000000000 ) ;
#2772 = CARTESIAN_POINT ( 'NONE',  ( -2.234288864959264931, 4.799999999999999822, 3.499999999999999556 ) ) ;
#2773 = DIRECTION ( 'NONE',  ( 0.000000000000000000, -0.000000000000000000, 1.000000000000000000 ) ) ;
#2774 = ORIENTED_EDGE ( 'NONE', *, *, #7430, .F. ) ;
#2775 = DIRECTION ( 'NONE',  ( 0.000000000000000000, -1.000000000000000000, -0.000000000000000000 ) ) ;
#2776 = ORIENTED_EDGE ( 'NONE', *, *, #8972, .F. ) ;
#2777 = FACE_OUTER_BOUND ( 'NONE', #10675, .T. ) ;
#2778 = ORIENTED_EDGE ( 'NONE', *, *, #5243, .F. ) ;
#2779 = ORIENTED_EDGE ( 'NONE', *, *, #7261, .T. ) ;
#2780 = VECTOR ( 'NONE', #1778, 999.9999999999998863 ) ;
#2781 = DIRECTION ( 'NONE',  ( -0.9848077530122081313, 0.000000000000000000, -0.1736481776669303034 ) ) ;
#2782 = CARTESIAN_POINT ( 'NONE',  ( 13.51522286944952000, 4.799999999999999822, 0.09999999999999982514 ) ) ;
#2783 = VECTOR ( 'NONE', #8013, 1000.000000000000000 ) ;
#2784 = CARTESIAN_POINT ( 'NONE',  ( -5.515222869449522669, 1.103909596859301789, -0.1000000000000000056 ) ) ;
#2785 = ORIENTED_EDGE ( 'NONE', *, *, #9289, .F. ) ;
#2786 = DIRECTION ( 'NONE',  ( -0.000000000000000000, 1.000000000000000000, -0.000000000000000000 ) ) ;
#2787 = ORIENTED_EDGE ( 'NONE', *, *, #11198, .F. ) ;
#2788 = ORIENTED_EDGE ( 'NONE', *, *, #1245, .F. ) ;
#2789 = FACE_OUTER_BOUND ( 'NONE', #10712, .T. ) ;
#2790 = EDGE_CURVE ( 'NONE', #3464, #9323, #11395, .T. ) ;
#2791 = ORIENTED_EDGE ( 'NONE', *, *, #6492, .F. ) ;
#2792 = AXIS2_PLACEMENT_3D ( 'NONE', #1295, #2984, #3765 ) ;
#2793 = MANIFOLD_SOLID_BREP ( 'LPattern2[22]', #3982 ) ;
#2794 = ADVANCED_FACE ( 'NONE', ( #4328 ), #4466, .F. ) ;
#2795 = CARTESIAN_POINT ( 'NONE',  ( -9.850000000000003197, 1.103909596859301789, -3.500000000000000444 ) ) ;
#2796 = VERTEX_POINT ( 'NONE', #2782 ) ;
#2797 = SURFACE_SIDE_STYLE ('',( #10901 ) ) ;
#2798 = FILL_AREA_STYLE_COLOUR ( '', #5496 ) ;
#2799 = CARTESIAN_POINT ( 'NONE',  ( 3.810000000000000941, 0.5000000000000000000, 3.810000000000000053 ) ) ;
#2800 = CARTESIAN_POINT ( 'NONE',  ( 2.484777130550477331, 4.799999999999999822, -0.1000000000000000056 ) ) ;
#2801 = PLANE ( 'NONE',  #5161 ) ;
#2802 = LINE ( 'NONE', #9366, #7088 ) ;
#2803 = CARTESIAN_POINT ( 'NONE',  ( -3.809999999999999609, 0.5000000000000000000, 4.035000000000000142 ) ) ;
#2804 = ORIENTED_EDGE ( 'NONE', *, *, #7682, .T. ) ;
#2805 = VERTEX_POINT ( 'NONE', #5390 ) ;
#2806 = FACE_OUTER_BOUND ( 'NONE', #4895, .T. ) ;
#2807 = AXIS2_PLACEMENT_3D ( 'NONE', #6753, #8209, #7617 ) ;
#2808 = VECTOR ( 'NONE', #4907, 1000.000000000000000 ) ;
#2809 = STYLED_ITEM ( 'NONE', ( #3700 ), #2793 ) ;
#2810 = CARTESIAN_POINT ( 'NONE',  ( -10.75398507069330556, 5.799999999999999822, 0.4749999999999995892 ) ) ;
#2811 = CIRCLE ( 'NONE', #11218, 0.4750000000000005884 ) ;
#2812 = EDGE_LOOP ( 'NONE', ( #6759, #10462, #9416, #10820 ) ) ;
#2813 = ORIENTED_EDGE ( 'NONE', *, *, #6206, .F. ) ;
#2814 = ORIENTED_EDGE ( 'NONE', *, *, #11097, .T. ) ;
#2815 = LINE ( 'NONE', #5749, #6887 ) ;
#2816 = ORIENTED_EDGE ( 'NONE', *, *, #8037, .F. ) ;
#2817 = EDGE_CURVE ( 'NONE', #1215, #6401, #7859, .T. ) ;
#2818 = DIRECTION ( 'NONE',  ( -0.1736481776669302757, 0.000000000000000000, 0.9848077530122080203 ) ) ;
#2819 = ADVANCED_FACE ( 'NONE', ( #321 ), #3794, .F. ) ;
#2820 = ORIENTED_EDGE ( 'NONE', *, *, #8502, .F. ) ;
#2821 = DIRECTION ( 'NONE',  ( -0.000000000000000000, 1.000000000000000000, -0.000000000000000000 ) ) ;
#2822 = PRESENTATION_LAYER_ASSIGNMENT (  '', '', ( #734 ) ) ;
#2823 = DIRECTION ( 'NONE',  ( -0.000000000000000000, 1.000000000000000000, 0.000000000000000000 ) ) ;
#2824 = LINE ( 'NONE', #9192, #2966 ) ;
#2825 = DIRECTION ( 'NONE',  ( 0.000000000000000000, 1.000000000000000000, 0.000000000000000000 ) ) ;
#2826 = VERTEX_POINT ( 'NONE', #1890 ) ;
#2827 = VERTEX_POINT ( 'NONE', #10705 ) ;
#2828 = DIRECTION ( 'NONE',  ( 0.1736481776669298038, 0.000000000000000000, -0.9848077530122082424 ) ) ;
#2829 = CARTESIAN_POINT ( 'NONE',  ( -9.634777130550480351, 4.799999999999999822, 0.1000000000000000056 ) ) ;
#2830 = LINE ( 'NONE', #5877, #10735 ) ;
#2831 = CARTESIAN_POINT ( 'NONE',  ( 14.40048826559121409, 4.799999999999999822, -0.1000000000000000056 ) ) ;
#2832 = AXIS2_PLACEMENT_3D ( 'NONE', #2352, #3254, #2128 ) ;
#2833 = ORIENTED_EDGE ( 'NONE', *, *, #9879, .F. ) ;
#2834 = ORIENTED_EDGE ( 'NONE', *, *, #2681, .F. ) ;
#2835 = EDGE_LOOP ( 'NONE', ( #3352, #11442, #5581, #8064 ) ) ;
#2836 = VECTOR ( 'NONE', #9657, 1000.000000000000000 ) ;
#2837 = EDGE_LOOP ( 'NONE', ( #9397, #2576, #818, #4240 ) ) ;
#2838 = EDGE_CURVE ( 'NONE', #4197, #5504, #500, .T. ) ;
#2839 = UNCERTAINTY_MEASURE_WITH_UNIT (LENGTH_MEASURE( 1.000000000000000082E-05 ), #2085, 'distance_accuracy_value', 'NONE');
#2840 = ADVANCED_FACE ( 'NONE', ( #125 ), #8023, .T. ) ;
#2841 = LINE ( 'NONE', #7588, #2952 ) ;
#2842 = DIRECTION ( 'NONE',  ( 2.072739447398758462E-16, 0.000000000000000000, -1.000000000000000000 ) ) ;
#2843 = ORIENTED_EDGE ( 'NONE', *, *, #3978, .T. ) ;
#2844 = ORIENTED_EDGE ( 'NONE', *, *, #944, .F. ) ;
#2845 = LINE ( 'NONE', #4435, #10393 ) ;
#2846 = LINE ( 'NONE', #9896, #10641 ) ;
#2847 = ORIENTED_EDGE ( 'NONE', *, *, #961, .F. ) ;
#2848 = VERTEX_POINT ( 'NONE', #7304 ) ;
#2849 = VECTOR ( 'NONE', #11412, 1000.000000000000000 ) ;
#2850 = DIRECTION ( 'NONE',  ( 0.000000000000000000, 1.000000000000000000, 0.000000000000000000 ) ) ;
#2851 = ORIENTED_EDGE ( 'NONE', *, *, #9473, .T. ) ;
#2852 = CARTESIAN_POINT ( 'NONE',  ( -2.053085322377157684, 4.799999999999999822, -3.500000000000000444 ) ) ;
#2853 = LINE ( 'NONE', #10704, #3065 ) ;
#2854 = ORIENTED_EDGE ( 'NONE', *, *, #8972, .T. ) ;
#2855 = ORIENTED_EDGE ( 'NONE', *, *, #2962, .F. ) ;
#2856 = LINE ( 'NONE', #7144, #5005 ) ;
#2857 = DIRECTION ( 'NONE',  ( 0.000000000000000000, 1.000000000000000000, 0.000000000000000000 ) ) ;
#2858 = DIRECTION ( 'NONE',  ( 1.000000000000000000, 0.000000000000000000, -2.072739447398754025E-16 ) ) ;
#2859 = CARTESIAN_POINT ( 'NONE',  ( 16.00000000000000000, 5.799999999999999822, 0.000000000000000000 ) ) ;
#2860 = CARTESIAN_POINT ( 'NONE',  ( -12.71262581266359248, 4.799999999999999822, -3.500000000000000000 ) ) ;
#2861 = ADVANCED_FACE ( 'NONE', ( #4289 ), #8137, .F. ) ;
#2862 = DIRECTION ( 'NONE',  ( -0.000000000000000000, 1.000000000000000000, -0.000000000000000000 ) ) ;
#2863 = DIRECTION ( 'NONE',  ( -0.000000000000000000, 1.000000000000000000, -0.000000000000000000 ) ) ;
#2864 = EDGE_LOOP ( 'NONE', ( #5885, #2339, #1807, #10841 ) ) ;
#2865 = ORIENTED_EDGE ( 'NONE', *, *, #820, .T. ) ;
#2866 = VECTOR ( 'NONE', #2407, 1000.000000000000000 ) ;
#2867 = AXIS2_PLACEMENT_3D ( 'NONE', #11077, #3812, #2950 ) ;
#2868 = EDGE_CURVE ( 'NONE', #744, #10321, #8157, .T. ) ;
#2869 = CARTESIAN_POINT ( 'NONE',  ( -1.269999999999999352, -15.53639610306789187, -3.810000000000000941 ) ) ;
#2870 = EDGE_CURVE ( 'NONE', #11438, #1449, #4347, .T. ) ;
#2871 = CARTESIAN_POINT ( 'NONE',  ( 2.586474439020256089, 5.799999999999999822, 0.4750000000000004774 ) ) ;
#2872 = CARTESIAN_POINT ( 'NONE',  ( 0.000000000000000000, 0.000000000000000000, 0.000000000000000000 ) ) ;
#2873 = CARTESIAN_POINT ( 'NONE',  ( 9.850000000000001421, 4.799999999999999822, 3.500000000000000444 ) ) ;
#2874 = DIRECTION ( 'NONE',  ( -1.000000000000000000, 0.000000000000000000, 0.000000000000000000 ) ) ;
#2875 = CARTESIAN_POINT ( 'NONE',  ( -14.36522286944952498, 5.799999999999999822, -0.09999999999999982514 ) ) ;
#2876 = DIRECTION ( 'NONE',  ( 1.000000000000000000, -0.000000000000000000, -0.000000000000000000 ) ) ;
#2877 = VECTOR ( 'NONE', #5658, 1000.000000000000000 ) ;
#2878 = CARTESIAN_POINT ( 'NONE',  ( -16.10000000000000142, 0.5000000000000000000, -4.350000000000000533 ) ) ;
#2879 = ORIENTED_EDGE ( 'NONE', *, *, #9432, .F. ) ;
#2880 = VERTEX_POINT ( 'NONE', #3711 ) ;
#2881 = VECTOR ( 'NONE', #566, 1000.000000000000114 ) ;
#2882 = SURFACE_STYLE_FILL_AREA ( #1508 ) ;
#2883 = PLANE ( 'NONE',  #9037 ) ;
#2884 = LINE ( 'NONE', #8421, #3038 ) ;
#2885 = AXIS2_PLACEMENT_3D ( 'NONE', #8205, #1323, #2033 ) ;
#2886 = EDGE_LOOP ( 'NONE', ( #2649, #11079, #253, #10111 ) ) ;
#2887 = VERTEX_POINT ( 'NONE', #4618 ) ;
#2888 = VECTOR ( 'NONE', #10477, 1000.000000000000000 ) ;
#2889 = EDGE_CURVE ( 'NONE', #3064, #11443, #4172, .T. ) ;
#2890 = CARTESIAN_POINT ( 'NONE',  ( -10.05308532237715724, 4.799999999999999822, -3.500000000000000444 ) ) ;
#2891 = AXIS2_PLACEMENT_3D ( 'NONE', #54, #6313, #2741 ) ;
#2892 = ADVANCED_FACE ( 'NONE', ( #8040 ), #5842, .T. ) ;
#2893 = DIRECTION ( 'NONE',  ( 0.000000000000000000, 0.000000000000000000, -1.000000000000000000 ) ) ;
#2894 = AXIS2_PLACEMENT_3D ( 'NONE', #5609, #1244, #8210 ) ;
#2895 = EDGE_CURVE ( 'NONE', #8460, #1660, #338, .T. ) ;
#2896 = EDGE_CURVE ( 'NONE', #1001, #10299, #154, .T. ) ;
#2897 = CARTESIAN_POINT ( 'NONE',  ( -6.349999999999999645, -7.450000000000000178, -3.585000000000000853 ) ) ;
#2898 = VECTOR ( 'NONE', #10924, 1000.000000000000000 ) ;
#2899 = DIRECTION ( 'NONE',  ( 2.072739447398762653E-16, -0.000000000000000000, 1.000000000000000000 ) ) ;
#2900 = CARTESIAN_POINT ( 'NONE',  ( 11.08428886495926058, 4.799999999999999822, -3.500000000000000444 ) ) ;
#2901 = ORIENTED_EDGE ( 'NONE', *, *, #3612, .T. ) ;
#2902 = CLOSED_SHELL ( 'NONE', ( #11256, #1412, #10263, #2892, #1626, #3219 ) ) ;
#2903 = FACE_OUTER_BOUND ( 'NONE', #6162, .T. ) ;
#2904 = DIRECTION ( 'NONE',  ( 0.000000000000000000, 1.000000000000000000, 0.000000000000000000 ) ) ;
#2905 = SURFACE_SIDE_STYLE ('',( #2359 ) ) ;
#2906 = FACE_OUTER_BOUND ( 'NONE', #1340, .T. ) ;
#2907 = ORIENTED_EDGE ( 'NONE', *, *, #8743, .F. ) ;
#2908 = ORIENTED_EDGE ( 'NONE', *, *, #311, .T. ) ;
#2909 = LINE ( 'NONE', #8358, #2997 ) ;
#2910 = DIRECTION ( 'NONE',  ( 0.000000000000000000, 0.000000000000000000, -1.000000000000000000 ) ) ;
#2911 = EDGE_CURVE ( 'NONE', #5485, #1060, #7875, .T. ) ;
#2912 = EDGE_CURVE ( 'NONE', #9033, #6496, #3955, .T. ) ;
#2913 = AXIS2_PLACEMENT_3D ( 'NONE', #781, #2566, #2644 ) ;
#2914 = LINE ( 'NONE', #2314, #2759 ) ;
#2915 = ORIENTED_EDGE ( 'NONE', *, *, #10122, .F. ) ;
#2916 = ORIENTED_EDGE ( 'NONE', *, *, #3319, .F. ) ;
#2917 = LINE ( 'NONE', #1708, #6839 ) ;
#2918 = VECTOR ( 'NONE', #3836, 999.9999999999998863 ) ;
#2919 = FACE_OUTER_BOUND ( 'NONE', #5944, .T. ) ;
#2920 = CARTESIAN_POINT ( 'NONE',  ( -11.28737418733641285, 4.799999999999999822, 3.500000000000000444 ) ) ;
#2921 = DIRECTION ( 'NONE',  ( 0.000000000000000000, 0.000000000000000000, 1.000000000000000000 ) ) ;
#2922 = PLANE ( 'NONE',  #9112 ) ;
#2923 = EDGE_LOOP ( 'NONE', ( #9363, #871, #2879, #10088 ) ) ;
#2924 = ORIENTED_EDGE ( 'NONE', *, *, #3058, .F. ) ;
#2925 = FACE_OUTER_BOUND ( 'NONE', #7330, .T. ) ;
#2926 = CARTESIAN_POINT ( 'NONE',  ( 2.753985070693298898, 4.799999999999999822, -0.4749999999999989231 ) ) ;
#2927 = CARTESIAN_POINT ( 'NONE',  ( 16.00000000000000000, 5.799999999999999822, 0.000000000000000000 ) ) ;
#2928 = PLANE ( 'NONE',  #5428 ) ;
#2929 = DIRECTION ( 'NONE',  ( 0.1736481776669298038, 0.000000000000000000, -0.9848077530122082424 ) ) ;
#2930 = ADVANCED_FACE ( 'NONE', ( #404 ), #1333, .F. ) ;
#2931 = VECTOR ( 'NONE', #7908, 1000.000000000000114 ) ;
#2932 = CARTESIAN_POINT ( 'NONE',  ( -6.999999999999999112, 5.799999999999999822, 3.500000000000000444 ) ) ;
#2933 = ORIENTED_EDGE ( 'NONE', *, *, #1387, .T. ) ;
#2934 = VERTEX_POINT ( 'NONE', #10257 ) ;
#2935 = VECTOR ( 'NONE', #9187, 1000.000000000000000 ) ;
#2936 = PRESENTATION_LAYER_ASSIGNMENT (  '', '', ( #8662 ) ) ;
#2937 = VECTOR ( 'NONE', #7653, 1000.000000000000000 ) ;
#2938 = LINE ( 'NONE', #7740, #6860 ) ;
#2939 = PLANE ( 'NONE',  #4876 ) ;
#2940 = SURFACE_STYLE_USAGE ( .BOTH. , #6280 ) ;
#2941 = EDGE_LOOP ( 'NONE', ( #3635, #2353, #3413, #7552 ) ) ;
#2942 = EDGE_LOOP ( 'NONE', ( #3640, #7641, #7599, #6879 ) ) ;
#2943 = LINE ( 'NONE', #1227, #6731 ) ;
#2944 = DIRECTION ( 'NONE',  ( 0.000000000000000000, 0.000000000000000000, 1.000000000000000000 ) ) ;
#2945 = AXIS2_PLACEMENT_3D ( 'NONE', #7728, #1646, #6857 ) ;
#2946 = DIRECTION ( 'NONE',  ( -0.1736481776669316357, 0.000000000000000000, 0.9848077530122077983 ) ) ;
#2947 = AXIS2_PLACEMENT_3D ( 'NONE', #6129, #7045, #8522 ) ;
#2948 = DIRECTION ( 'NONE',  ( 0.000000000000000000, 0.000000000000000000, 1.000000000000000000 ) ) ;
#2949 = DIRECTION ( 'NONE',  ( 0.000000000000000000, 1.000000000000000000, 0.000000000000000000 ) ) ;
#2950 = DIRECTION ( 'NONE',  ( 0.000000000000000000, 0.000000000000000000, 1.000000000000000000 ) ) ;
#2951 = DIRECTION ( 'NONE',  ( 0.1736481776669312749, 0.000000000000000000, -0.9848077530122079093 ) ) ;
#2952 = VECTOR ( 'NONE', #11178, 1000.000000000000000 ) ;
#2953 = CARTESIAN_POINT ( 'NONE',  ( -5.946914677622851642, 4.799999999999999822, 3.500000000000000444 ) ) ;
#2954 = ORIENTED_EDGE ( 'NONE', *, *, #10092, .T. ) ;
#2955 = VERTEX_POINT ( 'NONE', #1414 ) ;
#2956 = LINE ( 'NONE', #7425, #6821 ) ;
#2957 = EDGE_CURVE ( 'NONE', #1158, #722, #4311, .T. ) ;
#2958 = COLOUR_RGB ( '',0.7921568627450980005, 0.8196078431372548767, 0.9333333333333333481 ) ;
#2959 = CLOSED_SHELL ( 'NONE', ( #3246, #7527, #7123, #3223, #3787, #10593 ) ) ;
#2960 = VERTEX_POINT ( 'NONE', #2474 ) ;
#2961 = FACE_OUTER_BOUND ( 'NONE', #3871, .T. ) ;
#2962 = EDGE_CURVE ( 'NONE', #2827, #5356, #8060, .T. ) ;
#2963 = CARTESIAN_POINT ( 'NONE',  ( -2.753985070693306003, 4.799999999999999822, 0.4749999999999995892 ) ) ;
#2964 = CARTESIAN_POINT ( 'NONE',  ( -4.915711135040740309, 5.799999999999999822, -3.500000000000000444 ) ) ;
#2965 = CARTESIAN_POINT ( 'NONE',  ( -13.76571113504074440, 1.103909596859301789, -3.500000000000000444 ) ) ;
#2966 = VECTOR ( 'NONE', #2171, 999.9999999999998863 ) ;
#2967 = DIRECTION ( 'NONE',  ( 0.000000000000000000, 0.000000000000000000, 1.000000000000000000 ) ) ;
#2968 = EDGE_CURVE ( 'NONE', #11538, #2141, #8211, .T. ) ;
#2969 = CARTESIAN_POINT ( 'NONE',  ( 1.850000000000000977, 1.103909596859301789, 3.500000000000000444 ) ) ;
#2970 = ORIENTED_EDGE ( 'NONE', *, *, #7864, .F. ) ;
#2971 = ORIENTED_EDGE ( 'NONE', *, *, #3280, .F. ) ;
#2972 = VECTOR ( 'NONE', #11446, 1000.000000000000000 ) ;
#2973 = DIRECTION ( 'NONE',  ( 0.000000000000000000, 1.000000000000000000, 0.000000000000000000 ) ) ;
#2974 = DIRECTION ( 'NONE',  ( 0.000000000000000000, -1.000000000000000000, -0.000000000000000000 ) ) ;
#2975 = CARTESIAN_POINT ( 'NONE',  ( -1.269999999999999352, -7.450000000000000178, -3.585000000000000853 ) ) ;
#2976 = CIRCLE ( 'NONE', #2978, 0.4750000000000005884 ) ;
#2977 = EDGE_CURVE ( 'NONE', #10398, #3018, #423, .T. ) ;
#2978 = AXIS2_PLACEMENT_3D ( 'NONE', #6309, #5290, #9030 ) ;
#2979 = ORIENTED_EDGE ( 'NONE', *, *, #6953, .T. ) ;
#2980 = EDGE_LOOP ( 'NONE', ( #1049, #1067, #5599, #6084 ) ) ;
#2981 = FACE_OUTER_BOUND ( 'NONE', #4116, .T. ) ;
#2982 = UNCERTAINTY_MEASURE_WITH_UNIT (LENGTH_MEASURE( 1.000000000000000082E-05 ), #1799, 'distance_accuracy_value', 'NONE');
#2983 = DIRECTION ( 'NONE',  ( 0.9848077530122080203, -0.000000000000000000, 0.1736481776669313026 ) ) ;
#2984 = DIRECTION ( 'NONE',  ( 0.000000000000000000, 1.000000000000000000, 0.000000000000000000 ) ) ;
#2985 = ADVANCED_FACE ( 'NONE', ( #522 ), #7590, .F. ) ;
#2986 = FILL_AREA_STYLE_COLOUR ( '', #2722 ) ;
#2987 = DIRECTION ( 'NONE',  ( 0.000000000000000000, 1.000000000000000000, 0.000000000000000000 ) ) ;
#2988 = ORIENTED_EDGE ( 'NONE', *, *, #7863, .F. ) ;
#2989 = ORIENTED_EDGE ( 'NONE', *, *, #3910, .F. ) ;
#2990 = EDGE_CURVE ( 'NONE', #1378, #10857, #227, .T. ) ;
#2991 = VECTOR ( 'NONE', #4918, 1000.000000000000000 ) ;
#2992 = VECTOR ( 'NONE', #187, 1000.000000000000000 ) ;
#2993 = LINE ( 'NONE', #9778, #10737 ) ;
#2994 = CARTESIAN_POINT ( 'NONE',  ( -12.91571113504074120, 1.103909596859301789, -3.500000000000000444 ) ) ;
#2995 = VERTEX_POINT ( 'NONE', #8854 ) ;
#2996 = ORIENTED_EDGE ( 'NONE', *, *, #9591, .T. ) ;
#2997 = VECTOR ( 'NONE', #9274, 1000.000000000000000 ) ;
#2998 = DIRECTION ( 'NONE',  ( 0.1736481776669307753, 0.000000000000000000, -0.9848077530122080203 ) ) ;
#2999 = DIRECTION ( 'NONE',  ( 0.1736481776669298316, 0.000000000000000000, -0.9848077530122082424 ) ) ;
#3000 = DIRECTION ( 'NONE',  ( 0.000000000000000000, 0.000000000000000000, 1.000000000000000000 ) ) ;
#3001 = DIRECTION ( 'NONE',  ( 0.000000000000000000, 1.000000000000000000, 0.000000000000000000 ) ) ;
#3002 = PLANE ( 'NONE',  #5003 ) ;
#3003 = VECTOR ( 'NONE', #5739, 1000.000000000000000 ) ;
#3004 = AXIS2_PLACEMENT_3D ( 'NONE', #11326, #9008, #5104 ) ;
#3005 = ORIENTED_EDGE ( 'NONE', *, *, #2738, .T. ) ;
#3006 = VERTEX_POINT ( 'NONE', #851 ) ;
#3007 = LINE ( 'NONE', #5804, #2935 ) ;
#3008 = CARTESIAN_POINT ( 'NONE',  ( -15.35000000000000320, 0.5000000000000000000, 5.100000000000000533 ) ) ;
#3009 = DIRECTION ( 'NONE',  ( -1.000000000000000000, 0.000000000000000000, 0.000000000000000000 ) ) ;
#3010 = FACE_OUTER_BOUND ( 'NONE', #7290, .T. ) ;
#3011 = EDGE_CURVE ( 'NONE', #11267, #3464, #7840, .T. ) ;
#3012 = FACE_OUTER_BOUND ( 'NONE', #6452, .T. ) ;
#3013 = EDGE_CURVE ( 'NONE', #6343, #6599, #285, .T. ) ;
#3014 = DIRECTION ( 'NONE',  ( -0.9848077530122081313, 0.000000000000000000, -0.1736481776669303034 ) ) ;
#3015 = CARTESIAN_POINT ( 'NONE',  ( -14.14999999999999858, 4.799999999999999822, 3.500000000000000444 ) ) ;
#3016 = PLANE ( 'NONE',  #1557 ) ;
#3017 = DIRECTION ( 'NONE',  ( 2.072739447398754025E-16, 0.000000000000000000, -1.000000000000000000 ) ) ;
#3018 = VERTEX_POINT ( 'NONE', #10087 ) ;
#3019 = ORIENTED_EDGE ( 'NONE', *, *, #2200, .T. ) ;
#3020 = LINE ( 'NONE', #4253, #2771 ) ;
#3021 = CARTESIAN_POINT ( 'NONE',  ( 1.634777130550475466, 4.799999999999999822, -0.09999999999999982514 ) ) ;
#3022 = CARTESIAN_POINT ( 'NONE',  ( 1.270000000000000240, 0.5000000000000000000, 3.810000000000000053 ) ) ;
#3023 = CARTESIAN_POINT ( 'NONE',  ( 4.712625812663587155, 4.799999999999999822, 3.500000000000000444 ) ) ;
#3024 = EDGE_CURVE ( 'NONE', #6406, #3438, #7893, .T. ) ;
#3025 = DIRECTION ( 'NONE',  ( -0.9848077530122081313, 0.000000000000000000, -0.1736481776669303034 ) ) ;
#3026 = DIRECTION ( 'NONE',  ( -0.1736481776669316635, 0.000000000000000000, 0.9848077530122076872 ) ) ;
#3027 = AXIS2_PLACEMENT_3D ( 'NONE', #1617, #7930, #5280 ) ;
#3028 = VERTEX_POINT ( 'NONE', #5613 ) ;
#3029 = ADVANCED_FACE ( 'NONE', ( #8101 ), #1094, .T. ) ;
#3030 = LINE ( 'NONE', #3360, #6957 ) ;
#3031 = ORIENTED_EDGE ( 'NONE', *, *, #7834, .T. ) ;
#3032 = EDGE_LOOP ( 'NONE', ( #9318, #2030, #8993, #5469 ) ) ;
#3033 = LINE ( 'NONE', #9257, #10770 ) ;
#3034 = EDGE_CURVE ( 'NONE', #1215, #5561, #4252, .T. ) ;
#3035 = SURFACE_STYLE_FILL_AREA ( #7817 ) ;
#3036 =( GEOMETRIC_REPRESENTATION_CONTEXT ( 3 ) GLOBAL_UNCERTAINTY_ASSIGNED_CONTEXT ( ( #9955 ) ) GLOBAL_UNIT_ASSIGNED_CONTEXT ( ( #7658, #10454, #1285 ) ) REPRESENTATION_CONTEXT ( 'NONE', 'WORKASPACE' ) );
#3037 = DIRECTION ( 'NONE',  ( -0.1736481776669302757, 0.000000000000000000, 0.9848077530122080203 ) ) ;
#3038 = VECTOR ( 'NONE', #4151, 1000.000000000000114 ) ;
#3039 = EDGE_CURVE ( 'NONE', #241, #6276, #184, .T. ) ;
#3040 = ORIENTED_EDGE ( 'NONE', *, *, #6101, .F. ) ;
#3041 = VERTEX_POINT ( 'NONE', #3718 ) ;
#3042 = LINE ( 'NONE', #4555, #2849 ) ;
#3043 = CARTESIAN_POINT ( 'NONE',  ( 6.350000000000001421, -7.450000000000000178, 3.810000000000000053 ) ) ;
#3044 = CARTESIAN_POINT ( 'NONE',  ( 14.99999999999999822, 5.799999999999999822, 3.025000000000000799 ) ) ;
#3045 = EDGE_CURVE ( 'NONE', #865, #4826, #4055, .T. ) ;
#3046 = CARTESIAN_POINT ( 'NONE',  ( -5.779404045949807944, 4.799999999999999822, 2.550000000000001155 ) ) ;
#3047 = ORIENTED_EDGE ( 'NONE', *, *, #10296, .T. ) ;
#3048 = CARTESIAN_POINT ( 'NONE',  ( -13.51522286944952356, 4.799999999999999822, -0.1000000000000000056 ) ) ;
#3049 = VERTEX_POINT ( 'NONE', #10709 ) ;
#3050 = ORIENTED_EDGE ( 'NONE', *, *, #4597, .T. ) ;
#3051 = LINE ( 'NONE', #7351, #6655 ) ;
#3052 = CARTESIAN_POINT ( 'NONE',  ( 5.550488265591215331, 4.799999999999999822, -0.09999999999999982514 ) ) ;
#3053 = DIRECTION ( 'NONE',  ( -0.000000000000000000, 1.000000000000000000, -0.000000000000000000 ) ) ;
#3054 = LINE ( 'NONE', #676, #6825 ) ;
#3055 = CARTESIAN_POINT ( 'NONE',  ( 5.946914677622842760, 4.799999999999999822, -3.500000000000000444 ) ) ;
#3056 = ORIENTED_EDGE ( 'NONE', *, *, #7249, .F. ) ;
#3057 = VERTEX_POINT ( 'NONE', #3564 ) ;
#3058 = EDGE_CURVE ( 'NONE', #3580, #490, #8001, .T. ) ;
#3059 = DIRECTION ( 'NONE',  ( 0.1736481776669298316, 0.000000000000000000, -0.9848077530122081313 ) ) ;
#3060 =( GEOMETRIC_REPRESENTATION_CONTEXT ( 3 ) GLOBAL_UNCERTAINTY_ASSIGNED_CONTEXT ( ( #10834 ) ) GLOBAL_UNIT_ASSIGNED_CONTEXT ( ( #2135, #1026, #8307 ) ) REPRESENTATION_CONTEXT ( 'NONE', 'WORKASPACE' ) );
#3061 = DIRECTION ( 'NONE',  ( 0.000000000000000000, 0.000000000000000000, -1.000000000000000000 ) ) ;
#3062 = SURFACE_SIDE_STYLE ('',( #9610 ) ) ;
#3063 = DIRECTION ( 'NONE',  ( 0.000000000000000000, 1.000000000000000000, 0.000000000000000000 ) ) ;
#3064 = VERTEX_POINT ( 'NONE', #8999 ) ;
#3065 = VECTOR ( 'NONE', #8768, 999.9999999999998863 ) ;
#3066 = PLANE ( 'NONE',  #10694 ) ;
#3067 = ORIENTED_EDGE ( 'NONE', *, *, #8396, .F. ) ;
#3068 = EDGE_LOOP ( 'NONE', ( #2996, #11372, #10994, #11328 ) ) ;
#3069 = LINE ( 'NONE', #3138, #10561 ) ;
#3070 = STYLED_ITEM ( 'NONE', ( #7880 ), #5522 ) ;
#3071 = VECTOR ( 'NONE', #9624, 1000.000000000000000 ) ;
#3072 = LINE ( 'NONE', #2160, #10606 ) ;
#3073 = CARTESIAN_POINT ( 'NONE',  ( -16.10000000000000142, 0.5000000000000004441, -5.100000000000000533 ) ) ;
#3074 = PLANE ( 'NONE',  #9570 ) ;
#3075 = DIRECTION ( 'NONE',  ( -0.000000000000000000, 1.000000000000000000, -0.000000000000000000 ) ) ;
#3076 = EDGE_LOOP ( 'NONE', ( #1417, #8092, #470, #10222 ) ) ;
#3077 = VERTEX_POINT ( 'NONE', #6534 ) ;
#3078 = LINE ( 'NONE', #10767, #3099 ) ;
#3079 = CARTESIAN_POINT ( 'NONE',  ( 0.2205331856370010557, 3.456497115745557291, -1.250705846325504966 ) ) ;
#3080 = CARTESIAN_POINT ( 'NONE',  ( 12.91571113504073587, 5.799999999999999822, 3.499999999999999556 ) ) ;
#3081 = ADVANCED_FACE ( 'NONE', ( #7950 ), #4495, .T. ) ;
#3082 = CARTESIAN_POINT ( 'NONE',  ( -4.915711135040740309, 4.799999999999999822, -3.500000000000000444 ) ) ;
#3083 = DIRECTION ( 'NONE',  ( 0.000000000000000000, 0.000000000000000000, -1.000000000000000000 ) ) ;
#3084 = ORIENTED_EDGE ( 'NONE', *, *, #7682, .F. ) ;
#3085 = VECTOR ( 'NONE', #846, 1000.000000000000000 ) ;
#3086 = DIRECTION ( 'NONE',  ( 0.9848077530122080203, -0.000000000000000000, 0.1736481776669313026 ) ) ;
#3087 = ORIENTED_EDGE ( 'NONE', *, *, #9591, .F. ) ;
#3088 = ORIENTED_EDGE ( 'NONE', *, *, #4242, .T. ) ;
#3089 = DIRECTION ( 'NONE',  ( -1.000000000000000000, 0.000000000000000000, 1.630660900174878325E-16 ) ) ;
#3090 = VECTOR ( 'NONE', #10745, 1000.000000000000000 ) ;
#3091 = STYLED_ITEM ( 'NONE', ( #10199 ), #5940 ) ;
#3092 = DIRECTION ( 'NONE',  ( -0.000000000000000000, 1.000000000000000000, -0.000000000000000000 ) ) ;
#3093 = AXIS2_PLACEMENT_3D ( 'NONE', #9862, #1004, #3634 ) ;
#3094 = CARTESIAN_POINT ( 'NONE',  ( -3.287374187336412845, 4.799999999999999822, 3.500000000000000444 ) ) ;
#3095 = CARTESIAN_POINT ( 'NONE',  ( 5.550488265591215331, 4.799999999999999822, -0.09999999999999982514 ) ) ;
#3096 = ORIENTED_EDGE ( 'NONE', *, *, #6371, .F. ) ;
#3097 = EDGE_CURVE ( 'NONE', #10386, #6245, #248, .T. ) ;
#3098 = CLOSED_SHELL ( 'NONE', ( #4885, #11170, #3835, #3179 ) ) ;
#3099 = VECTOR ( 'NONE', #1877, 1000.000000000000000 ) ;
#3100 = CARTESIAN_POINT ( 'NONE',  ( -16.10000000000000142, 0.000000000000000000, -5.100000000000000533 ) ) ;
#3101 = DIRECTION ( 'NONE',  ( 1.000000000000000000, -0.000000000000000000, -0.000000000000000000 ) ) ;
#3102 = DIRECTION ( 'NONE',  ( 0.000000000000000000, 1.000000000000000000, 0.000000000000000000 ) ) ;
#3103 = DIRECTION ( 'NONE',  ( 0.000000000000000000, 0.000000000000000000, -1.000000000000000000 ) ) ;
#3104 = CARTESIAN_POINT ( 'NONE',  ( -1.850000000000002753, 4.799999999999999822, -3.500000000000000444 ) ) ;
#3105 = DIRECTION ( 'NONE',  ( -1.000000000000000000, 0.000000000000000000, 1.630660900174878325E-16 ) ) ;
#3106 = CARTESIAN_POINT ( 'NONE',  ( 6.365222869449519649, 5.799999999999999822, 0.1000000000000000056 ) ) ;
#3107 = EDGE_LOOP ( 'NONE', ( #7874, #11508, #4042, #7459 ) ) ;
#3108 = COLOUR_RGB ( '',0.7921568627450980005, 0.8196078431372548767, 0.9333333333333333481 ) ;
#3109 = DIRECTION ( 'NONE',  ( -0.1736481776669316635, 0.000000000000000000, 0.9848077530122076872 ) ) ;
#3110 = ORIENTED_EDGE ( 'NONE', *, *, #7198, .F. ) ;
#3111 = ORIENTED_EDGE ( 'NONE', *, *, #11197, .T. ) ;
#3112 = EDGE_CURVE ( 'NONE', #4414, #7095, #7964, .T. ) ;
#3113 = VECTOR ( 'NONE', #10039, 1000.000000000000000 ) ;
#3114 = CIRCLE ( 'NONE', #8608, 0.2250000000000003664 ) ;
#3115 = CLOSED_SHELL ( 'NONE', ( #5442, #5911, #8326, #7808 ) ) ;
#3116 = ORIENTED_EDGE ( 'NONE', *, *, #1245, .T. ) ;
#3117 = VECTOR ( 'NONE', #3233, 1000.000000000000000 ) ;
#3118 = MANIFOLD_SOLID_BREP ( 'LPattern2[15]', #7150 ) ;
#3119 = DIRECTION ( 'NONE',  ( -0.000000000000000000, 1.000000000000000000, -0.000000000000000000 ) ) ;
#3120 = AXIS2_PLACEMENT_3D ( 'NONE', #3771, #11533, #1868 ) ;
#3121 = CARTESIAN_POINT ( 'NONE',  ( -0.2205331856370015275, 3.456497115745557291, 0.7757058463255042113 ) ) ;
#3122 = DIRECTION ( 'NONE',  ( 0.000000000000000000, 0.000000000000000000, -1.000000000000000000 ) ) ;
#3123 = CARTESIAN_POINT ( 'NONE',  ( 6.149999999999997691, 4.799999999999999822, -3.500000000000000444 ) ) ;
#3124 = VERTEX_POINT ( 'NONE', #6221 ) ;
#3125 = STYLED_ITEM ( 'NONE', ( #10806 ), #2203 ) ;
#3126 = ADVANCED_FACE ( 'NONE', ( #692 ), #8948, .T. ) ;
#3127 = VECTOR ( 'NONE', #2862, 1000.000000000000000 ) ;
#3128 = ORIENTED_EDGE ( 'NONE', *, *, #2334, .F. ) ;
#3129 = VERTEX_POINT ( 'NONE', #5509 ) ;
#3130 = ADVANCED_FACE ( 'NONE', ( #4692 ), #6559, .T. ) ;
#3131 = DIRECTION ( 'NONE',  ( 0.000000000000000000, 1.000000000000000000, 0.000000000000000000 ) ) ;
#3132 = CARTESIAN_POINT ( 'NONE',  ( -2.586474439020264526, 4.799999999999999822, -0.4750000000000000333 ) ) ;
#3133 = LINE ( 'NONE', #1797, #6859 ) ;
#3134 = LINE ( 'NONE', #9924, #3435 ) ;
#3135 = ORIENTED_EDGE ( 'NONE', *, *, #3024, .F. ) ;
#3136 = VERTEX_POINT ( 'NONE', #5740 ) ;
#3137 = VECTOR ( 'NONE', #779, 999.9999999999998863 ) ;
#3138 = CARTESIAN_POINT ( 'NONE',  ( -9.634777130550480351, 5.799999999999999822, 0.1000000000000000056 ) ) ;
#3139 = CARTESIAN_POINT ( 'NONE',  ( -2.449511734408785113, 5.799999999999999822, -0.09999999999999982514 ) ) ;
#3140 = EDGE_CURVE ( 'NONE', #9280, #9772, #650, .T. ) ;
#3141 = EDGE_CURVE ( 'NONE', #3006, #1462, #4538, .T. ) ;
#3142 = SURFACE_STYLE_USAGE ( .BOTH. , #3062 ) ;
#3143 = ORIENTED_EDGE ( 'NONE', *, *, #7834, .F. ) ;
#3144 = FACE_OUTER_BOUND ( 'NONE', #3974, .T. ) ;
#3145 = CARTESIAN_POINT ( 'NONE',  ( -3.809999999999999609, 0.5000000000000000000, 3.810000000000000053 ) ) ;
#3146 = CARTESIAN_POINT ( 'NONE',  ( 2.449511734408783337, 4.799999999999999822, 0.1000000000000000056 ) ) ;
#3147 = ORIENTED_EDGE ( 'NONE', *, *, #311, .F. ) ;
#3148 = EDGE_LOOP ( 'NONE', ( #5529, #8426, #3516, #2732 ) ) ;
#3149 = FACE_OUTER_BOUND ( 'NONE', #4314, .T. ) ;
#3150 = DIRECTION ( 'NONE',  ( -0.000000000000000000, 1.000000000000000000, -0.000000000000000000 ) ) ;
#3151 = ADVANCED_FACE ( 'NONE', ( #8610 ), #1385, .F. ) ;
#3152 = CARTESIAN_POINT ( 'NONE',  ( 3.810000000000000941, 0.5000000000000000000, -3.585000000000000853 ) ) ;
#3153 = CARTESIAN_POINT ( 'NONE',  ( -13.41352556097974436, 5.799999999999999822, 0.4750000000000004774 ) ) ;
#3154 = EDGE_LOOP ( 'NONE', ( #6539, #5614, #10531, #4598 ) ) ;
#3155 = ORIENTED_EDGE ( 'NONE', *, *, #9240, .F. ) ;
#3156 = CARTESIAN_POINT ( 'NONE',  ( -13.55048826559121622, 4.799999999999999822, 0.1000000000000000056 ) ) ;
#3157 = DIRECTION ( 'NONE',  ( 0.1736481776669298316, 0.000000000000000000, -0.9848077530122082424 ) ) ;
#3158 = EDGE_CURVE ( 'NONE', #9127, #763, #711, .T. ) ;
#3159 = DIRECTION ( 'NONE',  ( -1.630660900174878325E-16, 0.000000000000000000, -1.000000000000000000 ) ) ;
#3160 = AXIS2_PLACEMENT_3D ( 'NONE', #8577, #10119, #10367 ) ;
#3161 = CARTESIAN_POINT ( 'NONE',  ( 1.270000000000000240, -15.53639610306789187, -4.035000000000001030 ) ) ;
#3162 = AXIS2_PLACEMENT_3D ( 'NONE', #3235, #3939, #2183 ) ;
#3163 = CARTESIAN_POINT ( 'NONE',  ( 7.620000000000000107, -7.450000000000000178, 0.000000000000000000 ) ) ;
#3164 = EDGE_CURVE ( 'NONE', #4577, #393, #770, .T. ) ;
#3165 = ORIENTED_EDGE ( 'NONE', *, *, #8251, .F. ) ;
#3166 = VECTOR ( 'NONE', #9517, 999.9999999999998863 ) ;
#3167 = CLOSED_SHELL ( 'NONE', ( #881, #4916, #5068, #5204 ) ) ;
#3168 = EDGE_LOOP ( 'NONE', ( #469, #4645, #1504, #4911 ) ) ;
#3169 = LINE ( 'NONE', #6123, #11205 ) ;
#3170 = VECTOR ( 'NONE', #9131, 1000.000000000000000 ) ;
#3171 = DIRECTION ( 'NONE',  ( 0.000000000000000000, 1.000000000000000000, 0.000000000000000000 ) ) ;
#3172 = EDGE_CURVE ( 'NONE', #6023, #2420, #8422, .T. ) ;
#3173 = DIRECTION ( 'NONE',  ( 0.000000000000000000, 1.000000000000000000, 0.000000000000000000 ) ) ;
#3174 = VERTEX_POINT ( 'NONE', #8550 ) ;
#3175 = ADVANCED_FACE ( 'NONE', ( #806 ), #6000, .F. ) ;
#3176 = EDGE_LOOP ( 'NONE', ( #5621, #6863, #3723, #5230 ) ) ;
#3177 = LINE ( 'NONE', #3023, #7083 ) ;
#3178 = FILL_AREA_STYLE ('',( #10253 ) ) ;
#3179 = ADVANCED_FACE ( 'NONE', ( #4497 ), #8527, .T. ) ;
#3180 = CARTESIAN_POINT ( 'NONE',  ( -16.10000000000000142, 0.5000000000000004441, 5.099999999999999645 ) ) ;
#3181 = EDGE_CURVE ( 'NONE', #10876, #261, #824, .T. ) ;
#3182 = CARTESIAN_POINT ( 'NONE',  ( -3.809999999999999609, -15.53639610306789187, 3.584999999999999964 ) ) ;
#3183 = CARTESIAN_POINT ( 'NONE',  ( 10.05308532237714836, 4.799999999999999822, 3.500000000000000444 ) ) ;
#3184 = AXIS2_PLACEMENT_3D ( 'NONE', #2429, #803, #8809 ) ;
#3185 = DIRECTION ( 'NONE',  ( 0.000000000000000000, 1.000000000000000000, 0.000000000000000000 ) ) ;
#3186 = EDGE_CURVE ( 'NONE', #6486, #8851, #8373, .T. ) ;
#3187 = DIRECTION ( 'NONE',  ( -1.000000000000000000, 0.000000000000000000, 0.000000000000000000 ) ) ;
#3188 = ORIENTED_EDGE ( 'NONE', *, *, #3576, .T. ) ;
#3189 = AXIS2_PLACEMENT_3D ( 'NONE', #10600, #7084, #9688 ) ;
#3190 = LINE ( 'NONE', #1550, #11171 ) ;
#3191 =( NAMED_UNIT ( * ) SI_UNIT ( $, .STERADIAN. ) SOLID_ANGLE_UNIT ( ) );
#3192 = VERTEX_POINT ( 'NONE', #2150 ) ;
#3193 = LINE ( 'NONE', #6036, #3210 ) ;
#3194 = DIRECTION ( 'NONE',  ( -0.000000000000000000, -0.000000000000000000, 1.000000000000000000 ) ) ;
#3195 = VERTEX_POINT ( 'NONE', #1844 ) ;
#3196 = ORIENTED_EDGE ( 'NONE', *, *, #3511, .F. ) ;
#3197 = LINE ( 'NONE', #1678, #3251 ) ;
#3198 = CARTESIAN_POINT ( 'NONE',  ( -9.000000000000003553, 5.799999999999999822, 3.500000000000001332 ) ) ;
#3199 = DIRECTION ( 'NONE',  ( 0.1736481776669298038, 0.000000000000000000, -0.9848077530122082424 ) ) ;
#3200 = ADVANCED_FACE ( 'NONE', ( #884 ), #2658, .F. ) ;
#3201 = PLANE ( 'NONE',  #3408 ) ;
#3202 = EDGE_LOOP ( 'NONE', ( #10505, #3362, #7199, #10351 ) ) ;
#3203 = CARTESIAN_POINT ( 'NONE',  ( -0.2205331856370015275, 5.799999999999999822, 0.7757058463255042113 ) ) ;
#3204 = EDGE_LOOP ( 'NONE', ( #4871, #2788, #6148, #2227 ) ) ;
#3205 = EDGE_CURVE ( 'NONE', #2287, #6447, #8400, .T. ) ;
#3206 = CARTESIAN_POINT ( 'NONE',  ( 2.484777130550477331, 4.799999999999999822, -0.1000000000000000056 ) ) ;
#3207 = AXIS2_PLACEMENT_3D ( 'NONE', #1657, #3420, #9326 ) ;
#3208 = MANIFOLD_SOLID_BREP ( 'LPattern3[9]', #6986 ) ;
#3209 = DIRECTION ( 'NONE',  ( 0.000000000000000000, 1.000000000000000000, 0.000000000000000000 ) ) ;
#3210 = VECTOR ( 'NONE', #11543, 1000.000000000000000 ) ;
#3211 = CIRCLE ( 'NONE', #9988, 0.2249999999999999500 ) ;
#3212 = ORIENTED_EDGE ( 'NONE', *, *, #8589, .F. ) ;
#3213 = VERTEX_POINT ( 'NONE', #1329 ) ;
#3214 = FACE_OUTER_BOUND ( 'NONE', #2712, .T. ) ;
#3215 = AXIS2_PLACEMENT_3D ( 'NONE', #3877, #3014, #4955 ) ;
#3216 = AXIS2_PLACEMENT_3D ( 'NONE', #5920, #4111, #468 ) ;
#3217 = DIRECTION ( 'NONE',  ( -0.1736481776669307475, 0.000000000000000000, 0.9848077530122080203 ) ) ;
#3218 = VERTEX_POINT ( 'NONE', #4779 ) ;
#3219 = ADVANCED_FACE ( 'NONE', ( #627 ), #230, .T. ) ;
#3220 = LINE ( 'NONE', #4345, #7322 ) ;
#3221 = DIRECTION ( 'NONE',  ( 0.000000000000000000, 0.000000000000000000, -1.000000000000000000 ) ) ;
#3222 = ORIENTED_EDGE ( 'NONE', *, *, #4041, .T. ) ;
#3223 = ADVANCED_FACE ( 'NONE', ( #8655 ), #387, .T. ) ;
#3224 = EDGE_CURVE ( 'NONE', #1122, #1378, #8293, .T. ) ;
#3225 = FACE_OUTER_BOUND ( 'NONE', #8265, .T. ) ;
#3226 = VECTOR ( 'NONE', #4475, 1000.000000000000000 ) ;
#3227 = CARTESIAN_POINT ( 'NONE',  ( 2.449511734408783337, 4.799999999999999822, 0.1000000000000000056 ) ) ;
#3228 = PLANE ( 'NONE',  #3758 ) ;
#3229 = VERTEX_POINT ( 'NONE', #10077 ) ;
#3230 = ORIENTED_EDGE ( 'NONE', *, *, #5742, .F. ) ;
#3231 = VECTOR ( 'NONE', #6766, 1000.000000000000000 ) ;
#3232 = CARTESIAN_POINT ( 'NONE',  ( -10.23428886495926449, 5.799999999999999822, 3.500000000000000000 ) ) ;
#3233 = DIRECTION ( 'NONE',  ( -1.000000000000000000, 0.000000000000000000, 1.630660900174879311E-16 ) ) ;
#3234 = DIRECTION ( 'NONE',  ( 0.000000000000000000, 1.000000000000000000, 0.000000000000000000 ) ) ;
#3235 = CARTESIAN_POINT ( 'NONE',  ( 9.000000000000001776, 1.103909596859301789, 3.500000000000000444 ) ) ;
#3236 = CARTESIAN_POINT ( 'NONE',  ( 14.36522286944951965, 1.103909596859301789, 0.1000000000000000056 ) ) ;
#3237 = PRESENTATION_LAYER_ASSIGNMENT (  '', '', ( #4593 ) ) ;
#3238 = ORIENTED_EDGE ( 'NONE', *, *, #3205, .F. ) ;
#3239 = EDGE_CURVE ( 'NONE', #3627, #9127, #4773, .T. ) ;
#3240 = VERTEX_POINT ( 'NONE', #3945 ) ;
#3241 = PLANE ( 'NONE',  #6081 ) ;
#3242 = CYLINDRICAL_SURFACE ( 'NONE', #4123, 0.2249999999999999500 ) ;
#3243 = EDGE_CURVE ( 'NONE', #1231, #3195, #8351, .T. ) ;
#3244 = FILL_AREA_STYLE ('',( #4420 ) ) ;
#3245 = CARTESIAN_POINT ( 'NONE',  ( -9.634777130550480351, 1.103909596859301789, 0.1000000000000000056 ) ) ;
#3246 = ADVANCED_FACE ( 'NONE', ( #541 ), #1960, .T. ) ;
#3247 = DIRECTION ( 'NONE',  ( -0.000000000000000000, 1.000000000000000000, -0.000000000000000000 ) ) ;
#3248 = AXIS2_PLACEMENT_3D ( 'NONE', #7353, #4751, #9114 ) ;
#3249 = ORIENTED_EDGE ( 'NONE', *, *, #6714, .T. ) ;
#3250 = EDGE_LOOP ( 'NONE', ( #10422, #3692, #6189, #3188 ) ) ;
#3251 = VECTOR ( 'NONE', #9729, 999.9999999999998863 ) ;
#3252 = PLANE ( 'NONE',  #1951 ) ;
#3253 = DIRECTION ( 'NONE',  ( 0.1736481776669307753, 0.000000000000000000, -0.9848077530122080203 ) ) ;
#3254 = DIRECTION ( 'NONE',  ( -0.000000000000000000, 1.000000000000000000, -0.000000000000000000 ) ) ;
#3255 = DIRECTION ( 'NONE',  ( 0.000000000000000000, 0.000000000000000000, 1.000000000000000000 ) ) ;
#3256 = UNCERTAINTY_MEASURE_WITH_UNIT (LENGTH_MEASURE( 1.000000000000000082E-05 ), #6832, 'distance_accuracy_value', 'NONE');
#3257 = DIRECTION ( 'NONE',  ( -0.000000000000000000, -0.000000000000000000, 1.000000000000000000 ) ) ;
#3258 = DIRECTION ( 'NONE',  ( 0.000000000000000000, 1.000000000000000000, 0.000000000000000000 ) ) ;
#3259 = ORIENTED_EDGE ( 'NONE', *, *, #3894, .T. ) ;
#3260 = CARTESIAN_POINT ( 'NONE',  ( 4.880136444336628188, 4.799999999999999822, 2.550000000000000711 ) ) ;
#3261 = ORIENTED_EDGE ( 'NONE', *, *, #6723, .T. ) ;
#3262 = MECHANICAL_DESIGN_GEOMETRIC_PRESENTATION_REPRESENTATION (  '', ( #1587 ), #10073 ) ;
#3263 = FACE_OUTER_BOUND ( 'NONE', #7630, .T. ) ;
#3264 = DIRECTION ( 'NONE',  ( -0.000000000000000000, 1.000000000000000000, -0.000000000000000000 ) ) ;
#3265 = FACE_OUTER_BOUND ( 'NONE', #5303, .T. ) ;
#3266 = ORIENTED_EDGE ( 'NONE', *, *, #5794, .F. ) ;
#3267 = ADVANCED_FACE ( 'NONE', ( #8252 ), #7299, .T. ) ;
#3268 = EDGE_LOOP ( 'NONE', ( #3110, #1732, #10419, #6686 ) ) ;
#3269 = LINE ( 'NONE', #937, #11180 ) ;
#3270 = DIRECTION ( 'NONE',  ( -0.000000000000000000, 0.000000000000000000, -1.000000000000000000 ) ) ;
#3271 = DIRECTION ( 'NONE',  ( -0.1736481776669302757, 0.000000000000000000, 0.9848077530122080203 ) ) ;
#3272 = ORIENTED_EDGE ( 'NONE', *, *, #7709, .T. ) ;
#3273 = COLOUR_RGB ( '',0.7921568627450980005, 0.8196078431372548767, 0.9333333333333333481 ) ;
#3274 = ORIENTED_EDGE ( 'NONE', *, *, #2463, .T. ) ;
#3275 = PLANE ( 'NONE',  #5642 ) ;
#3276 = DIRECTION ( 'NONE',  ( -0.000000000000000000, 1.000000000000000000, -0.000000000000000000 ) ) ;
#3277 = DIRECTION ( 'NONE',  ( 1.000000000000000000, 0.000000000000000000, 0.000000000000000000 ) ) ;
#3278 = EDGE_CURVE ( 'NONE', #1273, #7783, #564, .T. ) ;
#3279 = LINE ( 'NONE', #10318, #3449 ) ;
#3280 = EDGE_CURVE ( 'NONE', #5356, #8286, #4460, .T. ) ;
#3281 = FILL_AREA_STYLE ('',( #11310 ) ) ;
#3282 = VERTEX_POINT ( 'NONE', #2932 ) ;
#3283 = ORIENTED_EDGE ( 'NONE', *, *, #1079, .F. ) ;
#3284 = CARTESIAN_POINT ( 'NONE',  ( -4.712625812663592484, 4.799999999999999822, -3.500000000000000000 ) ) ;
#3285 = CARTESIAN_POINT ( 'NONE',  ( -9.634777130550480351, 5.799999999999999822, 0.1000000000000000056 ) ) ;
#3286 = ADVANCED_FACE ( 'NONE', ( #4476 ), #2268, .F. ) ;
#3287 = AXIS2_PLACEMENT_3D ( 'NONE', #11507, #872, #6149 ) ;
#3288 = CARTESIAN_POINT ( 'NONE',  ( -12.91571113504074120, 5.799999999999999822, -3.500000000000000444 ) ) ;
#3289 = DIRECTION ( 'NONE',  ( 0.000000000000000000, 0.000000000000000000, 1.000000000000000000 ) ) ;
#3290 = ORIENTED_EDGE ( 'NONE', *, *, #1065, .F. ) ;
#3291 = CARTESIAN_POINT ( 'NONE',  ( -5.779404045949807944, 5.799999999999999822, 2.550000000000001155 ) ) ;
#3292 = VERTEX_POINT ( 'NONE', #11195 ) ;
#3293 = EDGE_CURVE ( 'NONE', #787, #1946, #5110, .T. ) ;
#3294 = VECTOR ( 'NONE', #4386, 1000.000000000000000 ) ;
#3295 =( GEOMETRIC_REPRESENTATION_CONTEXT ( 3 ) GLOBAL_UNCERTAINTY_ASSIGNED_CONTEXT ( ( #10410 ) ) GLOBAL_UNIT_ASSIGNED_CONTEXT ( ( #3699, #910, #10688 ) ) REPRESENTATION_CONTEXT ( 'NONE', 'WORKASPACE' ) );
#3296 = LINE ( 'NONE', #9425, #3170 ) ;
#3297 = AXIS2_PLACEMENT_3D ( 'NONE', #7638, #6526, #8487 ) ;
#3298 = EDGE_CURVE ( 'NONE', #5419, #5247, #1045, .T. ) ;
#3299 = CARTESIAN_POINT ( 'NONE',  ( -0.2205331856370015831, 5.799999999999999822, 1.250705846325504966 ) ) ;
#3300 = EDGE_CURVE ( 'NONE', #9500, #7081, #4962, .T. ) ;
#3301 = ORIENTED_EDGE ( 'NONE', *, *, #4274, .F. ) ;
#3302 = EDGE_LOOP ( 'NONE', ( #4701, #1525, #8605, #1154 ) ) ;
#3303 = CARTESIAN_POINT ( 'NONE',  ( -12.88013644433663352, 4.799999999999999822, -2.550000000000000711 ) ) ;
#3304 = DIRECTION ( 'NONE',  ( 0.000000000000000000, 0.000000000000000000, 1.000000000000000000 ) ) ;
#3305 = PLANE ( 'NONE',  #8941 ) ;
#3306 = CARTESIAN_POINT ( 'NONE',  ( 8.000000000000000000, 5.799999999999999822, 0.000000000000000000 ) ) ;
#3307 = ORIENTED_EDGE ( 'NONE', *, *, #4104, .F. ) ;
#3308 = ADVANCED_FACE ( 'NONE', ( #5174 ), #6831, .T. ) ;
#3309 = ORIENTED_EDGE ( 'NONE', *, *, #4707, .T. ) ;
#3310 = ADVANCED_FACE ( 'NONE', ( #5131 ), #5760, .F. ) ;
#3311 = LINE ( 'NONE', #10384, #3347 ) ;
#3312 = FACE_OUTER_BOUND ( 'NONE', #6439, .T. ) ;
#3313 = CARTESIAN_POINT ( 'NONE',  ( 1.000000000000000888, 4.799999999999999822, 3.500000000000000444 ) ) ;
#3314 = CARTESIAN_POINT ( 'NONE',  ( 9.000000000000001776, 5.799999999999999822, 3.500000000000000444 ) ) ;
#3315 = DIRECTION ( 'NONE',  ( 0.000000000000000000, 1.000000000000000000, 0.000000000000000000 ) ) ;
#3316 = ORIENTED_EDGE ( 'NONE', *, *, #8525, .F. ) ;
#3317 = ORIENTED_EDGE ( 'NONE', *, *, #7131, .F. ) ;
#3318 = CARTESIAN_POINT ( 'NONE',  ( -9.000000000000003553, 1.103909596859301789, -3.500000000000000444 ) ) ;
#3319 = EDGE_CURVE ( 'NONE', #9165, #9200, #8987, .T. ) ;
#3320 = AXIS2_PLACEMENT_3D ( 'NONE', #842, #683, #5087 ) ;
#3321 = CARTESIAN_POINT ( 'NONE',  ( 5.515222869449519116, 4.799999999999999822, 0.09999999999999982514 ) ) ;
#3322 = CARTESIAN_POINT ( 'NONE',  ( -6.149999999999999467, 5.799999999999999822, 3.500000000000000444 ) ) ;
#3323 = PLANE ( 'NONE',  #7534 ) ;
#3324 = DIRECTION ( 'NONE',  ( 0.000000000000000000, -1.000000000000000000, -0.000000000000000000 ) ) ;
#3325 = VERTEX_POINT ( 'NONE', #10247 ) ;
#3326 = PRESENTATION_STYLE_ASSIGNMENT (( #4496 ) ) ;
#3327 = AXIS2_PLACEMENT_3D ( 'NONE', #1804, #9782, #5598 ) ;
#3328 = ORIENTED_EDGE ( 'NONE', *, *, #7746, .T. ) ;
#3329 = LINE ( 'NONE', #4605, #11245 ) ;
#3330 = DIRECTION ( 'NONE',  ( 0.000000000000000000, 0.000000000000000000, 1.000000000000000000 ) ) ;
#3331 = LINE ( 'NONE', #4401, #7270 ) ;
#3332 = ADVANCED_FACE ( 'NONE', ( #8967 ), #8548, .F. ) ;
#3333 = ORIENTED_EDGE ( 'NONE', *, *, #2617, .F. ) ;
#3334 = EDGE_LOOP ( 'NONE', ( #4986, #5679, #7805, #1068 ) ) ;
#3335 = LINE ( 'NONE', #3889, #10972 ) ;
#3336 = DIRECTION ( 'NONE',  ( -0.000000000000000000, 1.000000000000000000, -0.000000000000000000 ) ) ;
#3337 = DIRECTION ( 'NONE',  ( 0.1736481776669298871, 0.000000000000000000, -0.9848077530122082424 ) ) ;
#3338 = AXIS2_PLACEMENT_3D ( 'NONE', #28, #8936, #1829 ) ;
#3339 = DIRECTION ( 'NONE',  ( 0.000000000000000000, 1.000000000000000000, 0.000000000000000000 ) ) ;
#3340 = DIRECTION ( 'NONE',  ( -0.000000000000000000, 1.000000000000000000, -0.000000000000000000 ) ) ;
#3341 = ORIENTED_EDGE ( 'NONE', *, *, #3377, .F. ) ;
#3342 = FACE_OUTER_BOUND ( 'NONE', #8977, .T. ) ;
#3343 = SURFACE_SIDE_STYLE ('',( #2882 ) ) ;
#3344 = ORIENTED_EDGE ( 'NONE', *, *, #4295, .F. ) ;
#3345 = DIRECTION ( 'NONE',  ( 0.000000000000000000, -1.000000000000000000, -0.000000000000000000 ) ) ;
#3346 = FILL_AREA_STYLE ('',( #11027 ) ) ;
#3347 = VECTOR ( 'NONE', #3358, 1000.000000000000114 ) ;
#3348 = DIRECTION ( 'NONE',  ( 1.000000000000000000, 0.000000000000000000, 0.000000000000000000 ) ) ;
#3349 = FACE_OUTER_BOUND ( 'NONE', #7540, .T. ) ;
#3350 = AXIS2_PLACEMENT_3D ( 'NONE', #9542, #5957, #2372 ) ;
#3351 = AXIS2_PLACEMENT_3D ( 'NONE', #3873, #9217, #310 ) ;
#3352 = ORIENTED_EDGE ( 'NONE', *, *, #3243, .F. ) ;
#3353 = ADVANCED_FACE ( 'NONE', ( #9000 ), #3241, .F. ) ;
#3354 = ORIENTED_EDGE ( 'NONE', *, *, #9016, .F. ) ;
#3355 = CYLINDRICAL_SURFACE ( 'NONE', #2832, 0.2249999999999999500 ) ;
#3356 = CARTESIAN_POINT ( 'NONE',  ( 10.58647443902025564, 4.799999999999999822, 0.4750000000000004774 ) ) ;
#3357 = CARTESIAN_POINT ( 'NONE',  ( -2.753985070693306003, 1.103909596859301789, 0.4749999999999995892 ) ) ;
#3358 = DIRECTION ( 'NONE',  ( 0.1736481776669312471, 0.000000000000000000, -0.9848077530122079093 ) ) ;
#3359 = EDGE_CURVE ( 'NONE', #2796, #18, #8913, .T. ) ;
#3360 = CARTESIAN_POINT ( 'NONE',  ( -1.269999999999999352, -15.53639610306789187, 4.035000000000000142 ) ) ;
#3361 = MECHANICAL_DESIGN_GEOMETRIC_PRESENTATION_REPRESENTATION (  '', ( #6565 ), #1848 ) ;
#3362 = ORIENTED_EDGE ( 'NONE', *, *, #1527, .F. ) ;
#3363 = DIRECTION ( 'NONE',  ( 1.000000000000000000, -0.000000000000000000, 0.000000000000000000 ) ) ;
#3364 = EDGE_LOOP ( 'NONE', ( #8646, #8650, #8992, #1488 ) ) ;
#3365 = EDGE_CURVE ( 'NONE', #6783, #1429, #1006, .T. ) ;
#3366 = FACE_OUTER_BOUND ( 'NONE', #3250, .T. ) ;
#3367 = DIRECTION ( 'NONE',  ( 0.000000000000000000, -0.000000000000000000, 1.000000000000000000 ) ) ;
#3368 = CARTESIAN_POINT ( 'NONE',  ( -3.809999999999999609, -15.53639610306789187, -3.585000000000000853 ) ) ;
#3369 =( GEOMETRIC_REPRESENTATION_CONTEXT ( 3 ) GLOBAL_UNCERTAINTY_ASSIGNED_CONTEXT ( ( #9406 ) ) GLOBAL_UNIT_ASSIGNED_CONTEXT ( ( #4818, #7825, #11309 ) ) REPRESENTATION_CONTEXT ( 'NONE', 'WORKASPACE' ) );
#3370 = ORIENTED_EDGE ( 'NONE', *, *, #10778, .T. ) ;
#3371 = ORIENTED_EDGE ( 'NONE', *, *, #8229, .F. ) ;
#3372 = DIRECTION ( 'NONE',  ( -0.1736481776669316357, 0.000000000000000000, 0.9848077530122076872 ) ) ;
#3373 = CARTESIAN_POINT ( 'NONE',  ( -13.76571113504074440, 1.103909596859301789, -3.500000000000000444 ) ) ;
#3374 = EDGE_CURVE ( 'NONE', #1751, #10106, #1028, .T. ) ;
#3375 = PLANE ( 'NONE',  #2913 ) ;
#3376 = ADVANCED_FACE ( 'NONE', ( #4943 ), #888, .T. ) ;
#3377 = EDGE_CURVE ( 'NONE', #1166, #7365, #8774, .T. ) ;
#3378 = VERTEX_POINT ( 'NONE', #1048 ) ;
#3379 = STYLED_ITEM ( 'NONE', ( #10394 ), #1879 ) ;
#3380 = ORIENTED_EDGE ( 'NONE', *, *, #5646, .T. ) ;
#3381 = LINE ( 'NONE', #7221, #11016 ) ;
#3382 = LINE ( 'NONE', #6134, #3226 ) ;
#3383 =( NAMED_UNIT ( * ) PLANE_ANGLE_UNIT ( ) SI_UNIT ( $, .RADIAN. ) );
#3384 = CARTESIAN_POINT ( 'NONE',  ( 5.413525560979735474, 5.799999999999999822, -0.4750000000000000333 ) ) ;
#3385 = CARTESIAN_POINT ( 'NONE',  ( -11.28737418733641285, 5.799999999999999822, 3.500000000000000444 ) ) ;
#3386 = CARTESIAN_POINT ( 'NONE',  ( 9.000000000000001776, 4.799999999999999822, 3.500000000000000444 ) ) ;
#3387 = ORIENTED_EDGE ( 'NONE', *, *, #10195, .F. ) ;
#3388 = ORIENTED_EDGE ( 'NONE', *, *, #473, .T. ) ;
#3389 = UNCERTAINTY_MEASURE_WITH_UNIT (LENGTH_MEASURE( 1.000000000000000082E-05 ), #3531, 'distance_accuracy_value', 'NONE');
#3390 = DIRECTION ( 'NONE',  ( 0.000000000000000000, 1.000000000000000000, 0.000000000000000000 ) ) ;
#3391 = DIRECTION ( 'NONE',  ( -1.000000000000000000, 0.000000000000000000, -2.072739447398758462E-16 ) ) ;
#3392 = CARTESIAN_POINT ( 'NONE',  ( 10.48477713055047822, 1.103909596859301789, -0.1000000000000000056 ) ) ;
#3393 = DIRECTION ( 'NONE',  ( 0.000000000000000000, 1.000000000000000000, 0.000000000000000000 ) ) ;
#3394 = CARTESIAN_POINT ( 'NONE',  ( -1.634777130550480573, 1.103909596859301789, 0.1000000000000000056 ) ) ;
#3395 = DIRECTION ( 'NONE',  ( 0.000000000000000000, 1.000000000000000000, 0.000000000000000000 ) ) ;
#3396 = DIRECTION ( 'NONE',  ( -0.9848077530122080203, 0.000000000000000000, -0.1736481776669307753 ) ) ;
#3397 = VERTEX_POINT ( 'NONE', #8250 ) ;
#3398 = CIRCLE ( 'NONE', #146, 0.4750000000000005884 ) ;
#3399 = VERTEX_POINT ( 'NONE', #7206 ) ;
#3400 = ADVANCED_FACE ( 'NONE', ( #8715 ), #1204, .T. ) ;
#3401 = LINE ( 'NONE', #6407, #11157 ) ;
#3402 = CARTESIAN_POINT ( 'NONE',  ( 10.75398507069329845, 4.799999999999999822, -0.4749999999999989231 ) ) ;
#3403 = FACE_OUTER_BOUND ( 'NONE', #10362, .T. ) ;
#3404 = ORIENTED_EDGE ( 'NONE', *, *, #1253, .T. ) ;
#3405 = ORIENTED_EDGE ( 'NONE', *, *, #5072, .F. ) ;
#3406 = VECTOR ( 'NONE', #401, 1000.000000000000000 ) ;
#3407 = DIRECTION ( 'NONE',  ( 1.000000000000000000, -0.000000000000000000, -0.000000000000000000 ) ) ;
#3408 = AXIS2_PLACEMENT_3D ( 'NONE', #7729, #8663, #4064 ) ;
#3409 = CARTESIAN_POINT ( 'NONE',  ( 8.000000000000000000, 4.799999999999999822, 0.000000000000000000 ) ) ;
#3410 = EDGE_CURVE ( 'NONE', #1649, #3560, #5153, .T. ) ;
#3411 = PLANE ( 'NONE',  #6552 ) ;
#3412 = EDGE_CURVE ( 'NONE', #9111, #1779, #1325, .T. ) ;
#3413 = ORIENTED_EDGE ( 'NONE', *, *, #4248, .T. ) ;
#3414 = SURFACE_STYLE_FILL_AREA ( #1620 ) ;
#3415 = CARTESIAN_POINT ( 'NONE',  ( 10.23428886495925560, 4.799999999999999822, -3.500000000000000444 ) ) ;
#3416 =( NAMED_UNIT ( * ) PLANE_ANGLE_UNIT ( ) SI_UNIT ( $, .RADIAN. ) );
#3417 = LINE ( 'NONE', #11246, #3294 ) ;
#3418 = CARTESIAN_POINT ( 'NONE',  ( -15.35000000000000320, 0.000000000000000000, -4.350000000000000533 ) ) ;
#3419 = LINE ( 'NONE', #11186, #7125 ) ;
#3420 = DIRECTION ( 'NONE',  ( -0.9848077530122081313, 0.000000000000000000, -0.1736481776669303034 ) ) ;
#3421 = VERTEX_POINT ( 'NONE', #10816 ) ;
#3422 = ORIENTED_EDGE ( 'NONE', *, *, #2267, .T. ) ;
#3423 = AXIS2_PLACEMENT_3D ( 'NONE', #5205, #9589, #6752 ) ;
#3424 = PLANE ( 'NONE',  #9519 ) ;
#3425 = EDGE_CURVE ( 'NONE', #9855, #7251, #5028, .T. ) ;
#3426 = AXIS2_PLACEMENT_3D ( 'NONE', #10670, #8172, #10040 ) ;
#3427 = CARTESIAN_POINT ( 'NONE',  ( 11.28737418733640752, 5.799999999999999822, -3.500000000000000000 ) ) ;
#3428 = CARTESIAN_POINT ( 'NONE',  ( -16.10000000000000142, 5.799999999999999822, 5.099999999999999645 ) ) ;
#3429 = AXIS2_PLACEMENT_3D ( 'NONE', #6656, #458, #6488 ) ;
#3430 = EDGE_CURVE ( 'NONE', #10640, #179, #8839, .T. ) ;
#3431 = ORIENTED_EDGE ( 'NONE', *, *, #3910, .T. ) ;
#3432 = VECTOR ( 'NONE', #6587, 999.9999999999998863 ) ;
#3433 = DIRECTION ( 'NONE',  ( -0.1736481776669302757, 0.000000000000000000, 0.9848077530122080203 ) ) ;
#3434 = FACE_OUTER_BOUND ( 'NONE', #1623, .T. ) ;
#3435 = VECTOR ( 'NONE', #3620, 1000.000000000000000 ) ;
#3436 = DIRECTION ( 'NONE',  ( -0.1736481776669299149, 0.000000000000000000, 0.9848077530122082424 ) ) ;
#3437 = DIRECTION ( 'NONE',  ( -0.9848077530122079093, 0.000000000000000000, -0.1736481776669313026 ) ) ;
#3438 = VERTEX_POINT ( 'NONE', #10129 ) ;
#3439 = ORIENTED_EDGE ( 'NONE', *, *, #7001, .T. ) ;
#3440 = CARTESIAN_POINT ( 'NONE',  ( 13.76571113504073551, 4.799999999999999822, 3.499999999999999556 ) ) ;
#3441 = DIRECTION ( 'NONE',  ( -0.1736481776669316357, 0.000000000000000000, 0.9848077530122076872 ) ) ;
#3442 = DIRECTION ( 'NONE',  ( 0.000000000000000000, -0.000000000000000000, 1.000000000000000000 ) ) ;
#3443 = EDGE_CURVE ( 'NONE', #1956, #597, #9043, .T. ) ;
#3444 = ORIENTED_EDGE ( 'NONE', *, *, #4788, .T. ) ;
#3445 = VECTOR ( 'NONE', #6755, 1000.000000000000000 ) ;
#3446 = EDGE_CURVE ( 'NONE', #268, #10299, #1066, .T. ) ;
#3447 = AXIS2_PLACEMENT_3D ( 'NONE', #11494, #4485, #8940 ) ;
#3448 = CARTESIAN_POINT ( 'NONE',  ( -10.22059595405019827, 1.103909596859301789, -2.550000000000000711 ) ) ;
#3449 = VECTOR ( 'NONE', #2327, 1000.000000000000000 ) ;
#3450 = SURFACE_SIDE_STYLE ('',( #785 ) ) ;
#3451 = CARTESIAN_POINT ( 'NONE',  ( -0.2205331856370015275, 3.456497115745557291, 0.7757058463255042113 ) ) ;
#3452 = ORIENTED_EDGE ( 'NONE', *, *, #3833, .T. ) ;
#3453 = ORIENTED_EDGE ( 'NONE', *, *, #808, .F. ) ;
#3454 = PRESENTATION_STYLE_ASSIGNMENT (( #9947 ) ) ;
#3455 = PLANE ( 'NONE',  #3672 ) ;
#3456 = CARTESIAN_POINT ( 'NONE',  ( -5.946914677622851642, 4.799999999999999822, 3.500000000000000444 ) ) ;
#3457 = DIRECTION ( 'NONE',  ( -1.000000000000000000, -0.000000000000000000, -2.072739447398754025E-16 ) ) ;
#3458 = ADVANCED_FACE ( 'NONE', ( #4984 ), #1384, .F. ) ;
#3459 = DIRECTION ( 'NONE',  ( 1.000000000000000000, 0.000000000000000000, -3.465154412871614037E-16 ) ) ;
#3460 = CARTESIAN_POINT ( 'NONE',  ( 16.00000000000000000, 4.799999999999999822, 0.000000000000000000 ) ) ;
#3461 = PLANE ( 'NONE',  #4659 ) ;
#3462 = CARTESIAN_POINT ( 'NONE',  ( 15.34999999999999609, 0.5000000000000000000, -5.100000000000000533 ) ) ;
#3463 = CARTESIAN_POINT ( 'NONE',  ( 0.000000000000000000, 4.799999999999999822, 0.000000000000000000 ) ) ;
#3464 = VERTEX_POINT ( 'NONE', #5820 ) ;
#3465 = FACE_OUTER_BOUND ( 'NONE', #386, .T. ) ;
#3466 = LINE ( 'NONE', #5317, #7302 ) ;
#3467 = CARTESIAN_POINT ( 'NONE',  ( 7.620000000000000107, -7.450000000000000178, 0.000000000000000000 ) ) ;
#3468 = ORIENTED_EDGE ( 'NONE', *, *, #1260, .T. ) ;
#3469 = EDGE_LOOP ( 'NONE', ( #5158, #4930 ) ) ;
#3470 = PLANE ( 'NONE',  #10669 ) ;
#3471 = CARTESIAN_POINT ( 'NONE',  ( -6.999999999999999112, 4.799999999999999822, 3.500000000000000444 ) ) ;
#3472 = STYLED_ITEM ( 'NONE', ( #7200 ), #4590 ) ;
#3473 = VERTEX_POINT ( 'NONE', #6728 ) ;
#3474 = LINE ( 'NONE', #640, #3445 ) ;
#3475 = DIRECTION ( 'NONE',  ( -0.1736481776669316635, 0.000000000000000000, 0.9848077530122076872 ) ) ;
#3476 = ADVANCED_FACE ( 'NONE', ( #5007 ), #10333, .T. ) ;
#3477 = CARTESIAN_POINT ( 'NONE',  ( 13.24601492930669444, 4.799999999999999822, 0.4749999999999995892 ) ) ;
#3478 = FACE_OUTER_BOUND ( 'NONE', #8160, .T. ) ;
#3479 = DIRECTION ( 'NONE',  ( -0.1736481776669316357, 0.000000000000000000, 0.9848077530122077983 ) ) ;
#3480 = LINE ( 'NONE', #479, #11247 ) ;
#3481 = EDGE_CURVE ( 'NONE', #3077, #6577, #1127, .T. ) ;
#3482 = VERTEX_POINT ( 'NONE', #11504 ) ;
#3483 = ORIENTED_EDGE ( 'NONE', *, *, #3652, .T. ) ;
#3484 = DIRECTION ( 'NONE',  ( 0.1736481776669307753, -0.000000000000000000, -0.9848077530122080203 ) ) ;
#3485 = AXIS2_PLACEMENT_3D ( 'NONE', #9490, #11249, #4924 ) ;
#3486 = DIRECTION ( 'NONE',  ( -1.000000000000000000, 0.000000000000000000, 1.630660900174878325E-16 ) ) ;
#3487 = EDGE_CURVE ( 'NONE', #7783, #5119, #8818, .T. ) ;
#3488 = DIRECTION ( 'NONE',  ( 0.000000000000000000, 1.000000000000000000, 0.000000000000000000 ) ) ;
#3489 = DIRECTION ( 'NONE',  ( -0.9848077530122082424, 0.000000000000000000, -0.1736481776669299149 ) ) ;
#3490 = CARTESIAN_POINT ( 'NONE',  ( 14.99999999999999822, 1.103909596859301789, 3.500000000000001332 ) ) ;
#3491 = VERTEX_POINT ( 'NONE', #2292 ) ;
#3492 = FACE_OUTER_BOUND ( 'NONE', #10471, .T. ) ;
#3493 = CARTESIAN_POINT ( 'NONE',  ( 5.946914677622842760, 5.799999999999999822, -3.500000000000000444 ) ) ;
#3494 = EDGE_CURVE ( 'NONE', #7456, #11538, #5196, .T. ) ;
#3495 = FACE_OUTER_BOUND ( 'NONE', #7145, .T. ) ;
#3496 = LINE ( 'NONE', #6510, #7681 ) ;
#3497 = ADVANCED_FACE ( 'NONE', ( #1284 ), #7792, .F. ) ;
#3498 = CARTESIAN_POINT ( 'NONE',  ( -3.084288864959265020, 4.799999999999999822, 3.499999999999999556 ) ) ;
#3499 = ORIENTED_EDGE ( 'NONE', *, *, #4136, .T. ) ;
#3500 = EDGE_CURVE ( 'NONE', #8668, #10989, #8873, .T. ) ;
#3501 = ORIENTED_EDGE ( 'NONE', *, *, #3511, .T. ) ;
#3502 = VECTOR ( 'NONE', #6918, 1000.000000000000000 ) ;
#3503 = DIRECTION ( 'NONE',  ( -0.000000000000000000, 0.000000000000000000, 1.000000000000000000 ) ) ;
#3504 = DIRECTION ( 'NONE',  ( -0.1736481776669302757, 0.000000000000000000, 0.9848077530122080203 ) ) ;
#3505 =( GEOMETRIC_REPRESENTATION_CONTEXT ( 3 ) GLOBAL_UNCERTAINTY_ASSIGNED_CONTEXT ( ( #6835 ) ) GLOBAL_UNIT_ASSIGNED_CONTEXT ( ( #6946, #4147, #6182 ) ) REPRESENTATION_CONTEXT ( 'NONE', 'WORKASPACE' ) );
#3506 = PLANE ( 'NONE',  #5025 ) ;
#3507 = CARTESIAN_POINT ( 'NONE',  ( 4.915711135040734980, 4.799999999999999822, 3.499999999999999556 ) ) ;
#3508 = VERTEX_POINT ( 'NONE', #5426 ) ;
#3509 = UNCERTAINTY_MEASURE_WITH_UNIT (LENGTH_MEASURE( 1.000000000000000082E-05 ), #5764, 'distance_accuracy_value', 'NONE');
#3510 = LINE ( 'NONE', #1663, #7055 ) ;
#3511 = EDGE_CURVE ( 'NONE', #7109, #9855, #8856, .T. ) ;
#3512 = EDGE_CURVE ( 'NONE', #5770, #6727, #5070, .T. ) ;
#3513 = DIRECTION ( 'NONE',  ( 0.000000000000000000, 0.000000000000000000, -1.000000000000000000 ) ) ;
#3514 = DIRECTION ( 'NONE',  ( -0.1736481776669316357, 0.000000000000000000, 0.9848077530122077983 ) ) ;
#3515 = SURFACE_SIDE_STYLE ('',( #11224 ) ) ;
#3516 = ORIENTED_EDGE ( 'NONE', *, *, #10095, .T. ) ;
#3517 = ADVANCED_FACE ( 'NONE', ( #4855 ), #6674, .F. ) ;
#3518 = ORIENTED_EDGE ( 'NONE', *, *, #3652, .F. ) ;
#3519 = FACE_OUTER_BOUND ( 'NONE', #8221, .T. ) ;
#3520 = CARTESIAN_POINT ( 'NONE',  ( 13.76571113504073551, 4.799999999999999822, 3.500000000000000000 ) ) ;
#3521 = DIRECTION ( 'NONE',  ( -0.000000000000000000, 1.000000000000000000, -0.000000000000000000 ) ) ;
#3522 = DIRECTION ( 'NONE',  ( -1.000000000000000000, 0.000000000000000000, -2.072739447398758462E-16 ) ) ;
#3523 = CARTESIAN_POINT ( 'NONE',  ( -1.599511734408786801, 5.799999999999999822, -0.1000000000000000056 ) ) ;
#3524 = CARTESIAN_POINT ( 'NONE',  ( -10.22059595405019827, 4.799999999999999822, -2.550000000000000711 ) ) ;
#3525 = DIRECTION ( 'NONE',  ( -1.000000000000000000, 0.000000000000000000, 1.630660900174879311E-16 ) ) ;
#3526 = VERTEX_POINT ( 'NONE', #8138 ) ;
#3527 = FACE_OUTER_BOUND ( 'NONE', #8395, .T. ) ;
#3528 = EDGE_CURVE ( 'NONE', #763, #9119, #5217, .T. ) ;
#3529 = LINE ( 'NONE', #7289, #7218 ) ;
#3530 = AXIS2_PLACEMENT_3D ( 'NONE', #10512, #3025, #4045 ) ;
#3531 =( LENGTH_UNIT ( ) NAMED_UNIT ( * ) SI_UNIT ( .MILLI., .METRE. ) );
#3532 = CARTESIAN_POINT ( 'NONE',  ( 13.76571113504073551, 1.103909596859301789, 3.499999999999999556 ) ) ;
#3533 = EDGE_CURVE ( 'NONE', #10127, #10821, #8930, .T. ) ;
#3534 = EDGE_CURVE ( 'NONE', #1788, #1231, #965, .T. ) ;
#3535 = ORIENTED_EDGE ( 'NONE', *, *, #2681, .T. ) ;
#3536 = ORIENTED_EDGE ( 'NONE', *, *, #9797, .F. ) ;
#3537 = LINE ( 'NONE', #4768, #11303 ) ;
#3538 =( NAMED_UNIT ( * ) SI_UNIT ( $, .STERADIAN. ) SOLID_ANGLE_UNIT ( ) );
#3539 = ADVANCED_FACE ( 'NONE', ( #8796 ), #5569, .T. ) ;
#3540 = CARTESIAN_POINT ( 'NONE',  ( 5.515222869449519116, 4.799999999999999822, 0.09999999999999982514 ) ) ;
#3541 = DIRECTION ( 'NONE',  ( 0.9848077530122080203, 0.000000000000000000, 0.1736481776669307475 ) ) ;
#3542 = VERTEX_POINT ( 'NONE', #2683 ) ;
#3543 = FACE_OUTER_BOUND ( 'NONE', #10603, .T. ) ;
#3544 = DIRECTION ( 'NONE',  ( 0.000000000000000000, 0.000000000000000000, -1.000000000000000000 ) ) ;
#3545 = AXIS2_PLACEMENT_3D ( 'NONE', #8248, #2974, #4742 ) ;
#3546 = DIRECTION ( 'NONE',  ( 0.1736481776669298593, 0.000000000000000000, -0.9848077530122081313 ) ) ;
#3547 = CARTESIAN_POINT ( 'NONE',  ( 14.36522286944951965, 1.103909596859301789, 0.1000000000000000056 ) ) ;
#3548 = FACE_OUTER_BOUND ( 'NONE', #3749, .T. ) ;
#3549 = EDGE_CURVE ( 'NONE', #9964, #6727, #8753, .T. ) ;
#3550 = DIRECTION ( 'NONE',  ( 1.000000000000000000, 0.000000000000000000, 0.000000000000000000 ) ) ;
#3551 = EDGE_LOOP ( 'NONE', ( #68, #7024, #2787, #8379 ) ) ;
#3552 = AXIS2_PLACEMENT_3D ( 'NONE', #2696, #4608, #5516 ) ;
#3553 = VERTEX_POINT ( 'NONE', #7216 ) ;
#3554 = CLOSED_SHELL ( 'NONE', ( #5095, #4007, #9520, #557, #610, #6113 ) ) ;
#3555 = VECTOR ( 'NONE', #1256, 1000.000000000000114 ) ;
#3556 = DIRECTION ( 'NONE',  ( 0.000000000000000000, -1.000000000000000000, -0.000000000000000000 ) ) ;
#3557 = EDGE_CURVE ( 'NONE', #5247, #3686, #4835, .T. ) ;
#3558 = DIRECTION ( 'NONE',  ( -0.000000000000000000, -1.000000000000000000, -0.000000000000000000 ) ) ;
#3559 = FILL_AREA_STYLE ('',( #2038 ) ) ;
#3560 = VERTEX_POINT ( 'NONE', #10585 ) ;
#3561 = CIRCLE ( 'NONE', #6404, 0.2249999999999999500 ) ;
#3562 = CARTESIAN_POINT ( 'NONE',  ( 12.71262581266358715, 4.799999999999999822, 3.500000000000000444 ) ) ;
#3563 = EDGE_CURVE ( 'NONE', #7685, #9036, #1219, .T. ) ;
#3564 = CARTESIAN_POINT ( 'NONE',  ( 10.05308532237714836, 5.799999999999999822, 3.500000000000000444 ) ) ;
#3565 = LINE ( 'NONE', #3532, #3864 ) ;
#3566 = VECTOR ( 'NONE', #1018, 1000.000000000000000 ) ;
#3567 = VERTEX_POINT ( 'NONE', #6074 ) ;
#3568 = CARTESIAN_POINT ( 'NONE',  ( -1.000000000000002665, 5.799999999999999822, 2.550000000000000266 ) ) ;
#3569 = ORIENTED_EDGE ( 'NONE', *, *, #10727, .T. ) ;
#3570 = ORIENTED_EDGE ( 'NONE', *, *, #11241, .T. ) ;
#3571 = VECTOR ( 'NONE', #2508, 1000.000000000000000 ) ;
#3572 = CARTESIAN_POINT ( 'NONE',  ( -2.053085322377157684, 5.799999999999999822, -3.500000000000000444 ) ) ;
#3573 = CARTESIAN_POINT ( 'NONE',  ( -1.269999999999999352, 0.5000000000000000000, 3.584999999999999964 ) ) ;
#3574 = DIRECTION ( 'NONE',  ( 1.000000000000000000, 0.000000000000000000, -0.000000000000000000 ) ) ;
#3575 = CARTESIAN_POINT ( 'NONE',  ( 11.08428886495926058, 1.103909596859301789, -3.500000000000000444 ) ) ;
#3576 = EDGE_CURVE ( 'NONE', #10983, #6459, #1163, .T. ) ;
#3577 = DIRECTION ( 'NONE',  ( 0.000000000000000000, 0.000000000000000000, -1.000000000000000000 ) ) ;
#3578 = AXIS2_PLACEMENT_3D ( 'NONE', #3260, #11215, #9381 ) ;
#3579 = MANIFOLD_SOLID_BREP ( 'Boss-Extrude2[5]', #2322 ) ;
#3580 = VERTEX_POINT ( 'NONE', #6220 ) ;
#3581 = LINE ( 'NONE', #11351, #7673 ) ;
#3582 = VECTOR ( 'NONE', #3194, 1000.000000000000000 ) ;
#3583 = CYLINDRICAL_SURFACE ( 'NONE', #2464, 0.4750000000000005884 ) ;
#3584 = AXIS2_PLACEMENT_3D ( 'NONE', #4501, #4737, #8956 ) ;
#3585 = CARTESIAN_POINT ( 'NONE',  ( 12.88013644433662819, 1.103909596859301789, 2.550000000000000711 ) ) ;
#3586 = ORIENTED_EDGE ( 'NONE', *, *, #3494, .F. ) ;
#3587 = ADVANCED_FACE ( 'NONE', ( #1764 ), #7132, .F. ) ;
#3588 = CARTESIAN_POINT ( 'NONE',  ( -1.634777130550480573, 4.799999999999999822, 0.1000000000000000056 ) ) ;
#3589 = ORIENTED_EDGE ( 'NONE', *, *, #9315, .F. ) ;
#3590 = ORIENTED_EDGE ( 'NONE', *, *, #5668, .T. ) ;
#3591 = FACE_OUTER_BOUND ( 'NONE', #2942, .T. ) ;
#3592 = CARTESIAN_POINT ( 'NONE',  ( -15.00000000000000000, 4.799999999999999822, 3.500000000000000444 ) ) ;
#3593 = CARTESIAN_POINT ( 'NONE',  ( -3.119863555663371812, 4.799999999999999822, 2.550000000000000711 ) ) ;
#3594 = MANIFOLD_SOLID_BREP ( 'LPattern2[13]', #2902 ) ;
#3595 = CARTESIAN_POINT ( 'NONE',  ( -9.000000000000003553, 4.799999999999999822, 2.550000000000000266 ) ) ;
#3596 = DIRECTION ( 'NONE',  ( 1.000000000000000000, 0.000000000000000000, -0.000000000000000000 ) ) ;
#3597 = CARTESIAN_POINT ( 'NONE',  ( 8.000000000000000000, 4.799999999999999822, 0.000000000000000000 ) ) ;
#3598 = DIRECTION ( 'NONE',  ( -0.1736481776669299149, 0.000000000000000000, 0.9848077530122082424 ) ) ;
#3599 = ORIENTED_EDGE ( 'NONE', *, *, #7625, .T. ) ;
#3600 = LINE ( 'NONE', #1121, #84 ) ;
#3601 = VECTOR ( 'NONE', #6267, 1000.000000000000000 ) ;
#3602 = LINE ( 'NONE', #5684, #7679 ) ;
#3603 = CARTESIAN_POINT ( 'NONE',  ( 1.270000000000000240, -15.53639610306789187, 4.035000000000000142 ) ) ;
#3604 = DIRECTION ( 'NONE',  ( -0.9848077530122079093, 0.000000000000000000, -0.1736481776669312749 ) ) ;
#3605 = ORIENTED_EDGE ( 'NONE', *, *, #9237, .F. ) ;
#3606 = PRODUCT ( 'LDQ-M284RI-SI', 'LDQ-M284RI-SI', '', ( #6098 ) ) ;
#3607 = AXIS2_PLACEMENT_3D ( 'NONE', #451, #6735, #7526 ) ;
#3608 = ORIENTED_EDGE ( 'NONE', *, *, #8743, .T. ) ;
#3609 = VERTEX_POINT ( 'NONE', #8006 ) ;
#3610 = LINE ( 'NONE', #5218, #3571 ) ;
#3611 = DIRECTION ( 'NONE',  ( 0.000000000000000000, 1.000000000000000000, 0.000000000000000000 ) ) ;
#3612 = EDGE_CURVE ( 'NONE', #890, #2561, #5743, .T. ) ;
#3613 = CARTESIAN_POINT ( 'NONE',  ( 0.000000000000000000, 4.799999999999999822, 0.000000000000000000 ) ) ;
#3614 = CARTESIAN_POINT ( 'NONE',  ( 12.88013644433662819, 5.799999999999999822, 2.550000000000000711 ) ) ;
#3615 = EDGE_CURVE ( 'NONE', #7102, #4051, #5272, .T. ) ;
#3616 = VERTEX_POINT ( 'NONE', #1691 ) ;
#3617 = LINE ( 'NONE', #9539, #11409 ) ;
#3618 = LINE ( 'NONE', #7295, #8003 ) ;
#3619 = DIRECTION ( 'NONE',  ( -0.000000000000000000, 1.000000000000000000, -0.000000000000000000 ) ) ;
#3620 = DIRECTION ( 'NONE',  ( -1.000000000000000000, 0.000000000000000000, 0.000000000000000000 ) ) ;
#3621 = FACE_OUTER_BOUND ( 'NONE', #6603, .T. ) ;
#3622 = SURFACE_STYLE_FILL_AREA ( #7688 ) ;
#3623 = EDGE_CURVE ( 'NONE', #2698, #3292, #9621, .T. ) ;
#3624 = CARTESIAN_POINT ( 'NONE',  ( 5.765711135040735513, 1.103909596859301789, 3.499999999999999556 ) ) ;
#3625 = ORIENTED_EDGE ( 'NONE', *, *, #2463, .F. ) ;
#3626 = ORIENTED_EDGE ( 'NONE', *, *, #5878, .F. ) ;
#3627 = VERTEX_POINT ( 'NONE', #3313 ) ;
#3628 = FACE_OUTER_BOUND ( 'NONE', #6473, .T. ) ;
#3629 = PLANE ( 'NONE',  #9196 ) ;
#3630 = CARTESIAN_POINT ( 'NONE',  ( 13.24601492930669444, 4.799999999999999822, 0.4749999999999995892 ) ) ;
#3631 = ADVANCED_FACE ( 'NONE', ( #9276 ), #6905, .F. ) ;
#3632 = PRESENTATION_LAYER_ASSIGNMENT (  '', '', ( #1587 ) ) ;
#3633 = PLANE ( 'NONE',  #3962 ) ;
#3634 = DIRECTION ( 'NONE',  ( 0.000000000000000000, 0.000000000000000000, 1.000000000000000000 ) ) ;
#3635 = ORIENTED_EDGE ( 'NONE', *, *, #9074, .F. ) ;
#3636 = LINE ( 'NONE', #1574, #3693 ) ;
#3637 = FACE_OUTER_BOUND ( 'NONE', #2864, .T. ) ;
#3638 = LINE ( 'NONE', #7455, #7654 ) ;
#3639 = LINE ( 'NONE', #6284, #7498 ) ;
#3640 = ORIENTED_EDGE ( 'NONE', *, *, #6979, .T. ) ;
#3641 = FILL_AREA_STYLE_COLOUR ( '', #8107 ) ;
#3642 = ORIENTED_EDGE ( 'NONE', *, *, #1452, .T. ) ;
#3643 = ORIENTED_EDGE ( 'NONE', *, *, #6202, .F. ) ;
#3644 = COLOUR_RGB ( '',0.7529411764705882248, 0.000000000000000000, 0.000000000000000000 ) ;
#3645 = CARTESIAN_POINT ( 'NONE',  ( 10.23428886495925560, 4.799999999999999822, -3.500000000000000444 ) ) ;
#3646 = CARTESIAN_POINT ( 'NONE',  ( -14.14999999999999858, 4.799999999999999822, 3.500000000000000444 ) ) ;
#3647 = CARTESIAN_POINT ( 'NONE',  ( 6.365222869449519649, 5.799999999999999822, 0.1000000000000000056 ) ) ;
#3648 = UNCERTAINTY_MEASURE_WITH_UNIT (LENGTH_MEASURE( 1.000000000000000082E-05 ), #7089, 'distance_accuracy_value', 'NONE');
#3649 = CARTESIAN_POINT ( 'NONE',  ( -4.712625812663592484, 4.799999999999999822, -3.500000000000000000 ) ) ;
#3650 = DIRECTION ( 'NONE',  ( -0.000000000000000000, 1.000000000000000000, -0.000000000000000000 ) ) ;
#3651 = EDGE_CURVE ( 'NONE', #8114, #4643, #9169, .T. ) ;
#3652 = EDGE_CURVE ( 'NONE', #3464, #11267, #1472, .T. ) ;
#3653 = DIRECTION ( 'NONE',  ( -0.000000000000000000, 1.000000000000000000, -0.000000000000000000 ) ) ;
#3654 = EDGE_LOOP ( 'NONE', ( #11382, #10528, #3704, #1205 ) ) ;
#3655 = LINE ( 'NONE', #3747, #3759 ) ;
#3656 = CIRCLE ( 'NONE', #11243, 0.4750000000000005884 ) ;
#3657 = CIRCLE ( 'NONE', #4595, 0.2249999999999999500 ) ;
#3658 = LINE ( 'NONE', #4251, #11318 ) ;
#3659 = MANIFOLD_SOLID_BREP ( 'LPattern2[5]', #10690 ) ;
#3660 = PLANE ( 'NONE',  #6311 ) ;
#3661 = ORIENTED_EDGE ( 'NONE', *, *, #7518, .F. ) ;
#3662 = SURFACE_SIDE_STYLE ('',( #3414 ) ) ;
#3663 = VERTEX_POINT ( 'NONE', #1474 ) ;
#3664 = ORIENTED_EDGE ( 'NONE', *, *, #7149, .F. ) ;
#3665 = LINE ( 'NONE', #3810, #3830 ) ;
#3666 = DIRECTION ( 'NONE',  ( -1.000000000000000000, 0.000000000000000000, 1.630660900174879311E-16 ) ) ;
#3667 = CARTESIAN_POINT ( 'NONE',  ( 14.99999999999999822, 4.799999999999999822, 3.025000000000000799 ) ) ;
#3668 = EDGE_CURVE ( 'NONE', #10382, #8169, #5725, .T. ) ;
#3669 = CARTESIAN_POINT ( 'NONE',  ( 4.712625812663587155, 4.799999999999999822, 3.500000000000000444 ) ) ;
#3670 = PRESENTATION_LAYER_ASSIGNMENT (  '', '', ( #10959 ) ) ;
#3671 = DIRECTION ( 'NONE',  ( 0.000000000000000000, -0.000000000000000000, 1.000000000000000000 ) ) ;
#3672 = AXIS2_PLACEMENT_3D ( 'NONE', #1551, #2427, #9521 ) ;
#3673 = CARTESIAN_POINT ( 'NONE',  ( -13.55048826559121622, 4.799999999999999822, 0.1000000000000000056 ) ) ;
#3674 = EDGE_CURVE ( 'NONE', #7519, #11129, #9097, .T. ) ;
#3675 = ORIENTED_EDGE ( 'NONE', *, *, #3186, .F. ) ;
#3676 = EDGE_CURVE ( 'NONE', #9127, #9439, #1407, .T. ) ;
#3677 = VECTOR ( 'NONE', #8495, 1000.000000000000000 ) ;
#3678 = VECTOR ( 'NONE', #7377, 1000.000000000000000 ) ;
#3679 = VECTOR ( 'NONE', #3089, 1000.000000000000000 ) ;
#3680 = DIRECTION ( 'NONE',  ( 0.000000000000000000, 0.000000000000000000, 1.000000000000000000 ) ) ;
#3681 = LINE ( 'NONE', #9297, #11414 ) ;
#3682 = PLANE ( 'NONE',  #563 ) ;
#3683 = EDGE_LOOP ( 'NONE', ( #8203, #4745, #6524, #11284 ) ) ;
#3684 = ADVANCED_FACE ( 'NONE', ( #5329 ), #9242, .F. ) ;
#3685 = EDGE_LOOP ( 'NONE', ( #2855, #11179, #318, #2971 ) ) ;
#3686 = VERTEX_POINT ( 'NONE', #4494 ) ;
#3687 = LINE ( 'NONE', #6844, #11500 ) ;
#3688 = EDGE_CURVE ( 'NONE', #6945, #2176, #9208, .T. ) ;
#3689 = DIRECTION ( 'NONE',  ( 0.000000000000000000, -0.000000000000000000, -1.000000000000000000 ) ) ;
#3690 = DIRECTION ( 'NONE',  ( -1.630660900174878325E-16, 0.000000000000000000, -1.000000000000000000 ) ) ;
#3691 = EDGE_CURVE ( 'NONE', #9703, #3616, #1509, .T. ) ;
#3692 = ORIENTED_EDGE ( 'NONE', *, *, #1940, .F. ) ;
#3693 = VECTOR ( 'NONE', #3337, 999.9999999999998863 ) ;
#3694 = PLANE ( 'NONE',  #9804 ) ;
#3695 = LINE ( 'NONE', #1077, #3601 ) ;
#3696 = EDGE_CURVE ( 'NONE', #9332, #8831, #5898, .T. ) ;
#3697 = DIRECTION ( 'NONE',  ( 0.000000000000000000, -1.000000000000000000, 0.000000000000000000 ) ) ;
#3698 =( GEOMETRIC_REPRESENTATION_CONTEXT ( 3 ) GLOBAL_UNCERTAINTY_ASSIGNED_CONTEXT ( ( #9128 ) ) GLOBAL_UNIT_ASSIGNED_CONTEXT ( ( #10354, #1348, #10019 ) ) REPRESENTATION_CONTEXT ( 'NONE', 'WORKASPACE' ) );
#3699 =( LENGTH_UNIT ( ) NAMED_UNIT ( * ) SI_UNIT ( .MILLI., .METRE. ) );
#3700 = PRESENTATION_STYLE_ASSIGNMENT (( #7382 ) ) ;
#3701 = CIRCLE ( 'NONE', #5663, 0.4750000000000005884 ) ;
#3702 = CARTESIAN_POINT ( 'NONE',  ( -14.40048826559121942, 4.799999999999999822, 0.09999999999999982514 ) ) ;
#3703 = ORIENTED_EDGE ( 'NONE', *, *, #4127, .T. ) ;
#3704 = ORIENTED_EDGE ( 'NONE', *, *, #396, .T. ) ;
#3705 = ADVANCED_FACE ( 'NONE', ( #2049 ), #2147, .T. ) ;
#3706 = ORIENTED_EDGE ( 'NONE', *, *, #4185, .T. ) ;
#3707 = FACE_OUTER_BOUND ( 'NONE', #1155, .T. ) ;
#3708 = DIRECTION ( 'NONE',  ( -0.1736481776669307753, 0.000000000000000000, 0.9848077530122080203 ) ) ;
#3709 = CARTESIAN_POINT ( 'NONE',  ( 24.00000000000000000, 4.799999999999999822, 0.000000000000000000 ) ) ;
#3710 = CARTESIAN_POINT ( 'NONE',  ( 14.99999999999999822, 4.799999999999999822, -3.500000000000000888 ) ) ;
#3711 = CARTESIAN_POINT ( 'NONE',  ( -11.28737418733641285, 5.799999999999999822, 3.500000000000000444 ) ) ;
#3712 = VERTEX_POINT ( 'NONE', #5421 ) ;
#3713 = VECTOR ( 'NONE', #7543, 1000.000000000000114 ) ;
#3714 = CIRCLE ( 'NONE', #8043, 0.4750000000000005884 ) ;
#3715 = CARTESIAN_POINT ( 'NONE',  ( 3.810000000000000941, 0.5000000000000000000, -3.810000000000000941 ) ) ;
#3716 = CARTESIAN_POINT ( 'NONE',  ( -13.41352556097974436, 5.799999999999999822, 0.4750000000000004774 ) ) ;
#3717 = PLANE ( 'NONE',  #10905 ) ;
#3718 = CARTESIAN_POINT ( 'NONE',  ( 2.220595954050192056, 4.799999999999999822, 2.550000000000001155 ) ) ;
#3719 = VECTOR ( 'NONE', #1636, 1000.000000000000000 ) ;
#3720 = CARTESIAN_POINT ( 'NONE',  ( 10.44951173440878378, 5.799999999999999822, 0.1000000000000000056 ) ) ;
#3721 = EDGE_CURVE ( 'NONE', #10997, #5561, #2093, .T. ) ;
#3722 = AXIS2_PLACEMENT_3D ( 'NONE', #8338, #10966, #4752 ) ;
#3723 = ORIENTED_EDGE ( 'NONE', *, *, #3761, .T. ) ;
#3724 = DIRECTION ( 'NONE',  ( -1.000000000000000000, 0.000000000000000000, 1.630660900174878325E-16 ) ) ;
#3725 = ORIENTED_EDGE ( 'NONE', *, *, #2053, .F. ) ;
#3726 = ORIENTED_EDGE ( 'NONE', *, *, #830, .T. ) ;
#3727 = FACE_OUTER_BOUND ( 'NONE', #6965, .T. ) ;
#3728 = DIRECTION ( 'NONE',  ( -0.000000000000000000, 1.000000000000000000, -0.000000000000000000 ) ) ;
#3729 = CARTESIAN_POINT ( 'NONE',  ( 6.365222869449519649, 4.799999999999999822, 0.1000000000000000056 ) ) ;
#3730 = DIRECTION ( 'NONE',  ( -0.000000000000000000, 1.000000000000000000, -0.000000000000000000 ) ) ;
#3731 = CARTESIAN_POINT ( 'NONE',  ( -5.946914677622851642, 1.103909596859301789, 3.500000000000000444 ) ) ;
#3732 = CARTESIAN_POINT ( 'NONE',  ( 16.09999999999999787, 0.000000000000000000, 5.099999999999999645 ) ) ;
#3733 = DIRECTION ( 'NONE',  ( 0.000000000000000000, 0.000000000000000000, 1.000000000000000000 ) ) ;
#3734 = ADVANCED_FACE ( 'NONE', ( #1991 ), #2071, .T. ) ;
#3735 = CARTESIAN_POINT ( 'NONE',  ( 4.915711135040734980, 4.799999999999999822, 3.499999999999999556 ) ) ;
#3736 = AXIS2_PLACEMENT_3D ( 'NONE', #5763, #10368, #2448 ) ;
#3737 = DIRECTION ( 'NONE',  ( 0.9848077530122081313, 0.000000000000000000, 0.1736481776669298316 ) ) ;
#3738 = ORIENTED_EDGE ( 'NONE', *, *, #2077, .T. ) ;
#3739 = VECTOR ( 'NONE', #1845, 1000.000000000000000 ) ;
#3740 = LINE ( 'NONE', #4854, #11510 ) ;
#3741 = FACE_OUTER_BOUND ( 'NONE', #4726, .T. ) ;
#3742 = LINE ( 'NONE', #2871, #7592 ) ;
#3743 = EDGE_CURVE ( 'NONE', #2561, #10283, #1968, .T. ) ;
#3744 = DIRECTION ( 'NONE',  ( -0.1736481776669313026, -0.000000000000000000, 0.9848077530122079093 ) ) ;
#3745 = ORIENTED_EDGE ( 'NONE', *, *, #6904, .F. ) ;
#3746 = MECHANICAL_DESIGN_GEOMETRIC_PRESENTATION_REPRESENTATION (  '', ( #5198 ), #5339 ) ;
#3747 = CARTESIAN_POINT ( 'NONE',  ( 3.119863555663366483, 1.103909596859301789, -2.550000000000000711 ) ) ;
#3748 = CLOSED_SHELL ( 'NONE', ( #239, #5123, #7429, #10411 ) ) ;
#3749 = EDGE_LOOP ( 'NONE', ( #1684, #9054, #1380, #1402 ) ) ;
#3750 = VECTOR ( 'NONE', #4016, 1000.000000000000000 ) ;
#3751 = ORIENTED_EDGE ( 'NONE', *, *, #3948, .F. ) ;
#3752 = DIRECTION ( 'NONE',  ( -1.000000000000000000, 0.000000000000000000, 1.630660900174878325E-16 ) ) ;
#3753 = CARTESIAN_POINT ( 'NONE',  ( 4.915711135040734980, 5.799999999999999822, 3.499999999999999556 ) ) ;
#3754 = DIRECTION ( 'NONE',  ( 0.000000000000000000, 0.000000000000000000, 1.000000000000000000 ) ) ;
#3755 = CARTESIAN_POINT ( 'NONE',  ( -12.71262581266359248, 4.799999999999999822, -3.500000000000000000 ) ) ;
#3756 = DIRECTION ( 'NONE',  ( 0.000000000000000000, 1.000000000000000000, -0.000000000000000000 ) ) ;
#3757 = ORIENTED_EDGE ( 'NONE', *, *, #10941, .T. ) ;
#3758 = AXIS2_PLACEMENT_3D ( 'NONE', #4935, #10395, #5826 ) ;
#3759 = VECTOR ( 'NONE', #7337, 1000.000000000000000 ) ;
#3760 = LINE ( 'NONE', #3356, #3819 ) ;
#3761 = EDGE_CURVE ( 'NONE', #1233, #8247, #2262, .T. ) ;
#3762 = VECTOR ( 'NONE', #7639, 1000.000000000000000 ) ;
#3763 = PLANE ( 'NONE',  #7852 ) ;
#3764 = VECTOR ( 'NONE', #8300, 1000.000000000000000 ) ;
#3765 = DIRECTION ( 'NONE',  ( 0.000000000000000000, -0.000000000000000000, 1.000000000000000000 ) ) ;
#3766 = ORIENTED_EDGE ( 'NONE', *, *, #1089, .T. ) ;
#3767 = ORIENTED_EDGE ( 'NONE', *, *, #2188, .T. ) ;
#3768 = EDGE_CURVE ( 'NONE', #1817, #4414, #2311, .T. ) ;
#3769 = VERTEX_POINT ( 'NONE', #10112 ) ;
#3770 = VECTOR ( 'NONE', #10065, 1000.000000000000000 ) ;
#3771 = CARTESIAN_POINT ( 'NONE',  ( 16.00000000000000000, 5.799999999999999822, 0.000000000000000000 ) ) ;
#3772 = EDGE_LOOP ( 'NONE', ( #2791, #5333, #9066, #10240 ) ) ;
#3773 = DIRECTION ( 'NONE',  ( -0.1736481776669302757, -0.000000000000000000, 0.9848077530122080203 ) ) ;
#3774 = VERTEX_POINT ( 'NONE', #9891 ) ;
#3775 = LINE ( 'NONE', #6785, #3796 ) ;
#3776 = DIRECTION ( 'NONE',  ( 0.1736481776669298316, 0.000000000000000000, -0.9848077530122081313 ) ) ;
#3777 = LINE ( 'NONE', #9357, #85 ) ;
#3778 = CARTESIAN_POINT ( 'NONE',  ( -1.850000000000002753, 4.799999999999999822, -3.500000000000000444 ) ) ;
#3779 = CARTESIAN_POINT ( 'NONE',  ( -6.349999999999999645, 0.5000000000000000000, -3.585000000000000853 ) ) ;
#3780 = PLANE ( 'NONE',  #4973 ) ;
#3781 = LINE ( 'NONE', #5735, #7572 ) ;
#3782 = DIRECTION ( 'NONE',  ( -0.000000000000000000, 0.000000000000000000, 1.000000000000000000 ) ) ;
#3783 = VECTOR ( 'NONE', #3888, 1000.000000000000000 ) ;
#3784 = CARTESIAN_POINT ( 'NONE',  ( -5.550488265591217107, 5.799999999999999822, 0.1000000000000000056 ) ) ;
#3785 = ORIENTED_EDGE ( 'NONE', *, *, #9289, .T. ) ;
#3786 = AXIS2_PLACEMENT_3D ( 'NONE', #9838, #2601, #4674 ) ;
#3787 = ADVANCED_FACE ( 'NONE', ( #6168 ), #5710, .T. ) ;
#3788 = DIRECTION ( 'NONE',  ( 0.000000000000000000, 0.000000000000000000, 1.000000000000000000 ) ) ;
#3789 = ORIENTED_EDGE ( 'NONE', *, *, #1842, .F. ) ;
#3790 = ORIENTED_EDGE ( 'NONE', *, *, #3843, .F. ) ;
#3791 = VECTOR ( 'NONE', #215, 999.9999999999998863 ) ;
#3792 = EDGE_LOOP ( 'NONE', ( #5633, #6174, #10133, #848 ) ) ;
#3793 = DIRECTION ( 'NONE',  ( 0.000000000000000000, -0.000000000000000000, 1.000000000000000000 ) ) ;
#3794 = PLANE ( 'NONE',  #9634 ) ;
#3795 = ORIENTED_EDGE ( 'NONE', *, *, #4332, .T. ) ;
#3796 = VECTOR ( 'NONE', #2524, 1000.000000000000114 ) ;
#3797 =( NAMED_UNIT ( * ) PLANE_ANGLE_UNIT ( ) SI_UNIT ( $, .RADIAN. ) );
#3798 = DIRECTION ( 'NONE',  ( 0.000000000000000000, 0.000000000000000000, -1.000000000000000000 ) ) ;
#3799 = DIRECTION ( 'NONE',  ( 0.000000000000000000, 1.000000000000000000, 0.000000000000000000 ) ) ;
#3800 = FACE_OUTER_BOUND ( 'NONE', #2704, .T. ) ;
#3801 = AXIS2_PLACEMENT_3D ( 'NONE', #7421, #3756, #8019 ) ;
#3802 = VECTOR ( 'NONE', #10348, 1000.000000000000000 ) ;
#3803 = VERTEX_POINT ( 'NONE', #952 ) ;
#3804 = CARTESIAN_POINT ( 'NONE',  ( 1.599511734408781694, 4.799999999999999822, 0.09999999999999982514 ) ) ;
#3805 = EDGE_CURVE ( 'NONE', #3129, #10640, #10003, .T. ) ;
#3806 = ORIENTED_EDGE ( 'NONE', *, *, #10903, .F. ) ;
#3807 = VERTEX_POINT ( 'NONE', #2069 ) ;
#3808 = LINE ( 'NONE', #8529, #11421 ) ;
#3809 = CARTESIAN_POINT ( 'NONE',  ( 13.76571113504073551, 5.799999999999999822, 3.499999999999999556 ) ) ;
#3810 = CARTESIAN_POINT ( 'NONE',  ( -15.35000000000000320, 0.5000000000000000000, 4.350000000000000533 ) ) ;
#3811 = CARTESIAN_POINT ( 'NONE',  ( 10.75398507069329845, 5.799999999999999822, -0.4749999999999989231 ) ) ;
#3812 = DIRECTION ( 'NONE',  ( -0.000000000000000000, 1.000000000000000000, -0.000000000000000000 ) ) ;
#3813 = ORIENTED_EDGE ( 'NONE', *, *, #3410, .F. ) ;
#3814 = SURFACE_SIDE_STYLE ('',( #6469 ) ) ;
#3815 = DIRECTION ( 'NONE',  ( 1.000000000000000000, 0.000000000000000000, 0.000000000000000000 ) ) ;
#3816 = AXIS2_PLACEMENT_3D ( 'NONE', #903, #3541, #4448 ) ;
#3817 = ORIENTED_EDGE ( 'NONE', *, *, #2546, .F. ) ;
#3818 = FACE_OUTER_BOUND ( 'NONE', #475, .T. ) ;
#3819 = VECTOR ( 'NONE', #6044, 1000.000000000000000 ) ;
#3820 = COLOUR_RGB ( '',0.7529411764705882248, 0.000000000000000000, 0.000000000000000000 ) ;
#3821 = VECTOR ( 'NONE', #11439, 1000.000000000000114 ) ;
#3822 = EDGE_CURVE ( 'NONE', #5754, #7912, #6118, .T. ) ;
#3823 = CARTESIAN_POINT ( 'NONE',  ( 4.915711135040734980, 5.799999999999999822, 3.499999999999999556 ) ) ;
#3824 = VERTEX_POINT ( 'NONE', #1118 ) ;
#3825 = AXIS2_PLACEMENT_3D ( 'NONE', #11122, #10981, #1313 ) ;
#3826 = DIRECTION ( 'NONE',  ( -0.9848077530122079093, 0.000000000000000000, -0.1736481776669316635 ) ) ;
#3827 = EDGE_LOOP ( 'NONE', ( #10810, #2979, #10070, #8142 ) ) ;
#3828 = AXIS2_PLACEMENT_3D ( 'NONE', #2662, #876, #4423 ) ;
#3829 = EDGE_LOOP ( 'NONE', ( #7431, #3290, #6954, #2851 ) ) ;
#3830 = VECTOR ( 'NONE', #10097, 1000.000000000000000 ) ;
#3831 = EDGE_CURVE ( 'NONE', #393, #2887, #5942, .T. ) ;
#3832 = DIRECTION ( 'NONE',  ( 0.000000000000000000, 1.000000000000000000, 0.000000000000000000 ) ) ;
#3833 = EDGE_CURVE ( 'NONE', #2104, #3049, #5839, .T. ) ;
#3834 = VERTEX_POINT ( 'NONE', #8163 ) ;
#3835 = ADVANCED_FACE ( 'NONE', ( #2245 ), #121, .T. ) ;
#3836 = DIRECTION ( 'NONE',  ( 0.1736481776669298316, 0.000000000000000000, -0.9848077530122082424 ) ) ;
#3837 = DIRECTION ( 'NONE',  ( 0.000000000000000000, 1.000000000000000000, 0.000000000000000000 ) ) ;
#3838 =( NAMED_UNIT ( * ) PLANE_ANGLE_UNIT ( ) SI_UNIT ( $, .RADIAN. ) );
#3839 = CARTESIAN_POINT ( 'NONE',  ( -15.35000000000000320, 0.5000000000000000000, -4.350000000000000533 ) ) ;
#3840 = EDGE_LOOP ( 'NONE', ( #1912, #5017, #5209, #8962 ) ) ;
#3841 = VECTOR ( 'NONE', #1501, 1000.000000000000114 ) ;
#3842 = FACE_OUTER_BOUND ( 'NONE', #8779, .T. ) ;
#3843 = EDGE_CURVE ( 'NONE', #1791, #10382, #9952, .T. ) ;
#3844 = FILL_AREA_STYLE_COLOUR ( '', #10254 ) ;
#3845 = COLOUR_RGB ( '',0.7529411764705882248, 0.000000000000000000, 0.000000000000000000 ) ;
#3846 = DIRECTION ( 'NONE',  ( -0.1736481776669299149, 0.000000000000000000, 0.9848077530122082424 ) ) ;
#3847 = ORIENTED_EDGE ( 'NONE', *, *, #8311, .T. ) ;
#3848 = EDGE_CURVE ( 'NONE', #10138, #2104, #2169, .T. ) ;
#3849 = ORIENTED_EDGE ( 'NONE', *, *, #2911, .F. ) ;
#3850 = EDGE_LOOP ( 'NONE', ( #4848, #897, #3990, #8438 ) ) ;
#3851 = VECTOR ( 'NONE', #11283, 1000.000000000000000 ) ;
#3852 = DIRECTION ( 'NONE',  ( 0.000000000000000000, 0.000000000000000000, -1.000000000000000000 ) ) ;
#3853 = ORIENTED_EDGE ( 'NONE', *, *, #4248, .F. ) ;
#3854 = EDGE_CURVE ( 'NONE', #998, #9015, #5761, .T. ) ;
#3855 = STYLED_ITEM ( 'NONE', ( #10213 ), #10555 ) ;
#3856 = CARTESIAN_POINT ( 'NONE',  ( -13.77940404594980883, 5.799999999999999822, 2.550000000000001155 ) ) ;
#3857 = EDGE_LOOP ( 'NONE', ( #2381, #1925, #10546, #4542 ) ) ;
#3858 = VECTOR ( 'NONE', #7789, 1000.000000000000000 ) ;
#3859 = CARTESIAN_POINT ( 'NONE',  ( 14.99999999999999822, 5.799999999999999822, 3.500000000000001332 ) ) ;
#3860 = LINE ( 'NONE', #6574, #7675 ) ;
#3861 = ADVANCED_FACE ( 'NONE', ( #2225 ), #3660, .T. ) ;
#3862 = STYLED_ITEM ( 'NONE', ( #5197 ), #10001 ) ;
#3863 = PLANE ( 'NONE',  #10845 ) ;
#3864 = VECTOR ( 'NONE', #1784, 1000.000000000000000 ) ;
#3865 = VECTOR ( 'NONE', #3728, 1000.000000000000000 ) ;
#3866 = DIRECTION ( 'NONE',  ( -0.1736481776669316357, 0.000000000000000000, 0.9848077530122077983 ) ) ;
#3867 = ORIENTED_EDGE ( 'NONE', *, *, #1113, .F. ) ;
#3868 = ORIENTED_EDGE ( 'NONE', *, *, #3916, .F. ) ;
#3869 = VERTEX_POINT ( 'NONE', #2293 ) ;
#3870 = VECTOR ( 'NONE', #5021, 1000.000000000000000 ) ;
#3871 = EDGE_LOOP ( 'NONE', ( #2498, #1078, #1453, #796 ) ) ;
#3872 = AXIS2_PLACEMENT_3D ( 'NONE', #1973, #9877, #2565 ) ;
#3873 = CARTESIAN_POINT ( 'NONE',  ( -13.24601492930670155, 1.103909596859301789, -0.4749999999999989231 ) ) ;
#3874 = ORIENTED_EDGE ( 'NONE', *, *, #6979, .F. ) ;
#3875 = LINE ( 'NONE', #9171, #3677 ) ;
#3876 = FACE_OUTER_BOUND ( 'NONE', #9294, .T. ) ;
#3877 = CARTESIAN_POINT ( 'NONE',  ( -5.765711135040744395, 1.103909596859301789, -3.500000000000000444 ) ) ;
#3878 = CARTESIAN_POINT ( 'NONE',  ( 13.55048826559121444, 5.799999999999999822, -0.09999999999999982514 ) ) ;
#3879 = CARTESIAN_POINT ( 'NONE',  ( -2.220595954050198717, 5.799999999999999822, -2.550000000000000711 ) ) ;
#3880 = LINE ( 'NONE', #5305, #30 ) ;
#3881 = DIRECTION ( 'NONE',  ( -0.000000000000000000, 1.000000000000000000, -0.000000000000000000 ) ) ;
#3882 = ORIENTED_EDGE ( 'NONE', *, *, #1089, .F. ) ;
#3883 = ADVANCED_FACE ( 'NONE', ( #2026 ), #6022, .F. ) ;
#3884 = AXIS2_PLACEMENT_3D ( 'NONE', #6147, #8777, #5401 ) ;
#3885 = VERTEX_POINT ( 'NONE', #1433 ) ;
#3886 = ORIENTED_EDGE ( 'NONE', *, *, #11280, .T. ) ;
#3887 = VECTOR ( 'NONE', #8273, 1000.000000000000000 ) ;
#3888 = DIRECTION ( 'NONE',  ( -0.000000000000000000, 1.000000000000000000, -0.000000000000000000 ) ) ;
#3889 = CARTESIAN_POINT ( 'NONE',  ( 6.365222869449519649, 4.799999999999999822, 0.1000000000000000056 ) ) ;
#3890 = DIRECTION ( 'NONE',  ( 3.465154412871613544E-16, -0.000000000000000000, 1.000000000000000000 ) ) ;
#3891 = CARTESIAN_POINT ( 'NONE',  ( -10.58647443902026453, 4.799999999999999822, -0.4750000000000000333 ) ) ;
#3892 = EDGE_LOOP ( 'NONE', ( #4914, #1176, #101, #3922 ) ) ;
#3893 = DIRECTION ( 'NONE',  ( 0.1736481776669307753, -0.000000000000000000, -0.9848077530122080203 ) ) ;
#3894 = EDGE_CURVE ( 'NONE', #10552, #6459, #9987, .T. ) ;
#3895 = ORIENTED_EDGE ( 'NONE', *, *, #6874, .T. ) ;
#3896 = FACE_OUTER_BOUND ( 'NONE', #2635, .T. ) ;
#3897 = CYLINDRICAL_SURFACE ( 'NONE', #1262, 0.2250000000000003664 ) ;
#3898 = FACE_OUTER_BOUND ( 'NONE', #6478, .T. ) ;
#3899 = LINE ( 'NONE', #6457, #4115 ) ;
#3900 = EDGE_CURVE ( 'NONE', #4518, #5559, #2278, .T. ) ;
#3901 = DIRECTION ( 'NONE',  ( 0.000000000000000000, 1.000000000000000000, 0.000000000000000000 ) ) ;
#3902 = VERTEX_POINT ( 'NONE', #3981 ) ;
#3903 = CARTESIAN_POINT ( 'NONE',  ( 6.350000000000001421, 0.5000000000000000000, 4.035000000000000142 ) ) ;
#3904 = ORIENTED_EDGE ( 'NONE', *, *, #7999, .T. ) ;
#3905 = VERTEX_POINT ( 'NONE', #5789 ) ;
#3906 = FACE_OUTER_BOUND ( 'NONE', #906, .T. ) ;
#3907 = DIRECTION ( 'NONE',  ( -0.1736481776669316635, 0.000000000000000000, 0.9848077530122076872 ) ) ;
#3908 = ORIENTED_EDGE ( 'NONE', *, *, #7603, .T. ) ;
#3909 = FILL_AREA_STYLE ('',( #10455 ) ) ;
#3910 = EDGE_CURVE ( 'NONE', #432, #857, #9770, .T. ) ;
#3911 = PLANE ( 'NONE',  #10153 ) ;
#3912 = CARTESIAN_POINT ( 'NONE',  ( 14.99999999999999822, 5.799999999999999822, 3.025000000000000799 ) ) ;
#3913 = CARTESIAN_POINT ( 'NONE',  ( -1.269999999999999352, -15.53639610306789187, -3.810000000000000941 ) ) ;
#3914 = VERTEX_POINT ( 'NONE', #9615 ) ;
#3915 = VECTOR ( 'NONE', #5636, 1000.000000000000000 ) ;
#3916 = EDGE_CURVE ( 'NONE', #5841, #1391, #6041, .T. ) ;
#3917 = CIRCLE ( 'NONE', #6830, 0.4750000000000004774 ) ;
#3918 = MECHANICAL_DESIGN_GEOMETRIC_PRESENTATION_REPRESENTATION (  '', ( #3379 ), #6173 ) ;
#3919 = DIRECTION ( 'NONE',  ( -0.000000000000000000, 1.000000000000000000, -0.000000000000000000 ) ) ;
#3920 = VECTOR ( 'NONE', #3459, 1000.000000000000000 ) ;
#3921 = DIRECTION ( 'NONE',  ( -0.000000000000000000, 1.000000000000000000, -0.000000000000000000 ) ) ;
#3922 = ORIENTED_EDGE ( 'NONE', *, *, #3494, .T. ) ;
#3923 = VERTEX_POINT ( 'NONE', #1642 ) ;
#3924 = VERTEX_POINT ( 'NONE', #3198 ) ;
#3925 = DIRECTION ( 'NONE',  ( 1.000000000000000000, 0.000000000000000000, 0.000000000000000000 ) ) ;
#3926 = DIRECTION ( 'NONE',  ( 0.1736481776669298593, 0.000000000000000000, -0.9848077530122081313 ) ) ;
#3927 = ORIENTED_EDGE ( 'NONE', *, *, #1033, .F. ) ;
#3928 = ADVANCED_FACE ( 'NONE', ( #9810 ), #747, .T. ) ;
#3929 = ADVANCED_FACE ( 'NONE', ( #2110 ), #664, .F. ) ;
#3930 = ORIENTED_EDGE ( 'NONE', *, *, #7001, .F. ) ;
#3931 = VECTOR ( 'NONE', #3907, 1000.000000000000114 ) ;
#3932 = CARTESIAN_POINT ( 'NONE',  ( 4.880136444336628188, 4.799999999999999822, 2.550000000000000711 ) ) ;
#3933 = DIRECTION ( 'NONE',  ( 0.000000000000000000, 1.000000000000000000, 0.000000000000000000 ) ) ;
#3934 = CARTESIAN_POINT ( 'NONE',  ( 14.99999999999999822, 4.799999999999999822, -3.500000000000000444 ) ) ;
#3935 = VECTOR ( 'NONE', #8183, 1000.000000000000114 ) ;
#3936 = CARTESIAN_POINT ( 'NONE',  ( 0.000000000000000000, 4.799999999999999822, 0.000000000000000000 ) ) ;
#3937 = DIRECTION ( 'NONE',  ( -1.000000000000000000, 0.000000000000000000, 4.280484862959055418E-16 ) ) ;
#3938 = ORIENTED_EDGE ( 'NONE', *, *, #2205, .T. ) ;
#3939 = DIRECTION ( 'NONE',  ( -0.9848077530122081313, 0.000000000000000000, -0.1736481776669303034 ) ) ;
#3940 = ORIENTED_EDGE ( 'NONE', *, *, #2870, .F. ) ;
#3941 = EDGE_LOOP ( 'NONE', ( #7087, #6706, #10609, #2281 ) ) ;
#3942 = FACE_OUTER_BOUND ( 'NONE', #8555, .T. ) ;
#3943 = CARTESIAN_POINT ( 'NONE',  ( -2.449511734408785113, 4.799999999999999822, -0.09999999999999982514 ) ) ;
#3944 = VERTEX_POINT ( 'NONE', #7563 ) ;
#3945 = CARTESIAN_POINT ( 'NONE',  ( 5.413525560979735474, 5.799999999999999822, -0.4750000000000000333 ) ) ;
#3946 = STYLED_ITEM ( 'NONE', ( #1514 ), #7419 ) ;
#3947 = DIRECTION ( 'NONE',  ( -0.1736481776669302757, -0.000000000000000000, 0.9848077530122080203 ) ) ;
#3948 = EDGE_CURVE ( 'NONE', #2413, #1404, #6130, .T. ) ;
#3949 = VERTEX_POINT ( 'NONE', #7644 ) ;
#3950 = EDGE_CURVE ( 'NONE', #7640, #3282, #1936, .T. ) ;
#3951 = VECTOR ( 'NONE', #793, 1000.000000000000000 ) ;
#3952 = DIRECTION ( 'NONE',  ( -0.1736481776669316357, 0.000000000000000000, 0.9848077530122076872 ) ) ;
#3953 = CARTESIAN_POINT ( 'NONE',  ( 5.765711135040735513, 4.799999999999999822, 3.499999999999999556 ) ) ;
#3954 = CARTESIAN_POINT ( 'NONE',  ( 6.999999999999997335, 1.103909596859301789, 3.025000000000000799 ) ) ;
#3955 = LINE ( 'NONE', #6589, #4018 ) ;
#3956 = ORIENTED_EDGE ( 'NONE', *, *, #1238, .T. ) ;
#3957 = CARTESIAN_POINT ( 'NONE',  ( -4.880136444336633517, 4.799999999999999822, -2.550000000000000711 ) ) ;
#3958 = VERTEX_POINT ( 'NONE', #4139 ) ;
#3959 = VECTOR ( 'NONE', #1345, 1000.000000000000000 ) ;
#3960 = CARTESIAN_POINT ( 'NONE',  ( 2.586474439020256089, 5.799999999999999822, 0.4750000000000004774 ) ) ;
#3961 = CARTESIAN_POINT ( 'NONE',  ( -6.365222869449524978, 5.799999999999999822, -0.09999999999999982514 ) ) ;
#3962 = AXIS2_PLACEMENT_3D ( 'NONE', #5330, #2857, #6199 ) ;
#3963 = CARTESIAN_POINT ( 'NONE',  ( 3.810000000000000941, -7.450000000000000178, -3.585000000000000853 ) ) ;
#3964 = PLANE ( 'NONE',  #6543 ) ;
#3965 = DIRECTION ( 'NONE',  ( 0.000000000000000000, -1.000000000000000000, -0.000000000000000000 ) ) ;
#3966 = ORIENTED_EDGE ( 'NONE', *, *, #7772, .T. ) ;
#3968 = AXIS2_PLACEMENT_3D ( 'NONE', #5352, #7130, #2575 ) ;
#3967 = PLANE ( 'NONE',  #9598 ) ;
#3969 = DIRECTION ( 'NONE',  ( 1.000000000000000000, 0.000000000000000000, -0.000000000000000000 ) ) ;
#3970 = EDGE_CURVE ( 'NONE', #3686, #8627, #5979, .T. ) ;
#3971 = CARTESIAN_POINT ( 'NONE',  ( 8.000000000000000000, 5.799999999999999822, 0.000000000000000000 ) ) ;
#3972 = AXIS2_PLACEMENT_3D ( 'NONE', #1071, #10908, #2107 ) ;
#3973 = DIRECTION ( 'NONE',  ( -0.9848077530122081313, 0.000000000000000000, -0.1736481776669303034 ) ) ;
#3974 = EDGE_LOOP ( 'NONE', ( #4040, #5167, #2730, #1139 ) ) ;
#3975 = DIRECTION ( 'NONE',  ( 0.000000000000000000, 0.000000000000000000, 1.000000000000000000 ) ) ;
#3976 = VECTOR ( 'NONE', #2715, 1000.000000000000114 ) ;
#3977 = AXIS2_PLACEMENT_3D ( 'NONE', #6604, #10191, #5061 ) ;
#3978 = EDGE_CURVE ( 'NONE', #2585, #2509, #2184, .T. ) ;
#3979 = ADVANCED_FACE ( 'NONE', ( #9684 ), #11082, .T. ) ;
#3980 = VECTOR ( 'NONE', #5334, 1000.000000000000114 ) ;
#3981 = CARTESIAN_POINT ( 'NONE',  ( 2.484777130550477331, 4.799999999999999822, -0.1000000000000000056 ) ) ;
#3982 = CLOSED_SHELL ( 'NONE', ( #165, #82, #6454, #1718 ) ) ;
#3983 = ADVANCED_FACE ( 'NONE', ( #9898 ), #4057, .T. ) ;
#3984 = FACE_OUTER_BOUND ( 'NONE', #7437, .T. ) ;
#3985 = DIRECTION ( 'NONE',  ( 1.000000000000000000, 0.000000000000000000, 0.000000000000000000 ) ) ;
#3986 = ORIENTED_EDGE ( 'NONE', *, *, #7266, .T. ) ;
#3987 = COLOUR_RGB ( '',1.000000000000000000, 1.000000000000000000, 1.000000000000000000 ) ;
#3988 = SURFACE_STYLE_USAGE ( .BOTH. , #6787 ) ;
#3989 = DIRECTION ( 'NONE',  ( -0.1736481776669307753, 0.000000000000000000, 0.9848077530122080203 ) ) ;
#3990 = ORIENTED_EDGE ( 'NONE', *, *, #2577, .T. ) ;
#3991 = EDGE_CURVE ( 'NONE', #10094, #7661, #2206, .T. ) ;
#3992 = DIRECTION ( 'NONE',  ( 0.000000000000000000, 1.000000000000000000, 0.000000000000000000 ) ) ;
#3993 = DIRECTION ( 'NONE',  ( 0.000000000000000000, 1.000000000000000000, 0.000000000000000000 ) ) ;
#3994 = CARTESIAN_POINT ( 'NONE',  ( -3.809999999999999609, -7.450000000000000178, 3.810000000000000053 ) ) ;
#3995 = ORIENTED_EDGE ( 'NONE', *, *, #8611, .T. ) ;
#3996 = LINE ( 'NONE', #5154, #8116 ) ;
#3997 = CARTESIAN_POINT ( 'NONE',  ( -4.712625812663592484, 1.103909596859301789, -3.500000000000000000 ) ) ;
#3998 = VECTOR ( 'NONE', #2858, 1000.000000000000000 ) ;
#3999 = EDGE_CURVE ( 'NONE', #10022, #2439, #9917, .T. ) ;
#4000 = DIRECTION ( 'NONE',  ( 0.1736481776669313026, 0.000000000000000000, -0.9848077530122080203 ) ) ;
#4001 = CIRCLE ( 'NONE', #7900, 0.2249999999999999500 ) ;
#4002 = AXIS2_PLACEMENT_3D ( 'NONE', #7448, #1955, #12 ) ;
#4003 = MANIFOLD_SOLID_BREP ( 'LPattern2[24]', #5102 ) ;
#4004 = DIRECTION ( 'NONE',  ( 0.1736481776669298316, 0.000000000000000000, -0.9848077530122082424 ) ) ;
#4005 = ORIENTED_EDGE ( 'NONE', *, *, #3822, .T. ) ;
#4006 = VECTOR ( 'NONE', #7413, 1000.000000000000114 ) ;
#4007 = ADVANCED_FACE ( 'NONE', ( #2567 ), #2758, .T. ) ;
#4008 = CLOSED_SHELL ( 'NONE', ( #8131, #8592, #716, #7901, #3126, #9424 ) ) ;
#4009 = CIRCLE ( 'NONE', #8285, 0.4750000000000005884 ) ;
#4010 = VERTEX_POINT ( 'NONE', #203 ) ;
#4011 = CARTESIAN_POINT ( 'NONE',  ( 6.999999999999997335, 1.103909596859301789, -3.500000000000000444 ) ) ;
#4012 = ORIENTED_EDGE ( 'NONE', *, *, #4980, .F. ) ;
#4013 = LINE ( 'NONE', #5536, #8057 ) ;
#4014 = CARTESIAN_POINT ( 'NONE',  ( 5.765711135040735513, 1.103909596859301789, 3.499999999999999556 ) ) ;
#4015 = DIRECTION ( 'NONE',  ( -0.000000000000000000, 1.000000000000000000, -0.000000000000000000 ) ) ;
#4016 = DIRECTION ( 'NONE',  ( 1.000000000000000000, 0.000000000000000000, -3.465154412871614037E-16 ) ) ;
#4017 = DIRECTION ( 'NONE',  ( -1.000000000000000000, 0.000000000000000000, 0.000000000000000000 ) ) ;
#4018 = VECTOR ( 'NONE', #8377, 1000.000000000000114 ) ;
#4019 = DIRECTION ( 'NONE',  ( -0.1736481776669307753, 0.000000000000000000, 0.9848077530122080203 ) ) ;
#4020 = LINE ( 'NONE', #10426, #7894 ) ;
#4021 = DIRECTION ( 'NONE',  ( 0.000000000000000000, 1.000000000000000000, 0.000000000000000000 ) ) ;
#4022 = ORIENTED_EDGE ( 'NONE', *, *, #8291, .F. ) ;
#4023 = FACE_OUTER_BOUND ( 'NONE', #9182, .T. ) ;
#4024 = DIRECTION ( 'NONE',  ( -0.1736481776669316635, 0.000000000000000000, 0.9848077530122076872 ) ) ;
#4025 = EDGE_LOOP ( 'NONE', ( #7975, #4905, #296, #2774 ) ) ;
#4026 = VECTOR ( 'NONE', #11441, 1000.000000000000000 ) ;
#4027 = PLANE ( 'NONE',  #5417 ) ;
#4028 = ORIENTED_EDGE ( 'NONE', *, *, #200, .T. ) ;
#4029 = ADVANCED_FACE ( 'NONE', ( #10060 ), #6244, .T. ) ;
#4030 = ADVANCED_FACE ( 'NONE', ( #10226 ), #3470, .T. ) ;
#4031 = ORIENTED_EDGE ( 'NONE', *, *, #972, .T. ) ;
#4032 = AXIS2_PLACEMENT_3D ( 'NONE', #11389, #8671, #8836 ) ;
#4033 = LINE ( 'NONE', #1506, #4212 ) ;
#4034 = DIRECTION ( 'NONE',  ( 0.000000000000000000, 1.000000000000000000, 0.000000000000000000 ) ) ;
#4035 = CARTESIAN_POINT ( 'NONE',  ( 6.400488265591213199, 4.799999999999999822, -0.1000000000000000056 ) ) ;
#4036 = EDGE_CURVE ( 'NONE', #3769, #3292, #10105, .T. ) ;
#4037 = CARTESIAN_POINT ( 'NONE',  ( -6.999999999999999112, 4.799999999999999822, 3.500000000000000444 ) ) ;
#4038 = VECTOR ( 'NONE', #21, 1000.000000000000000 ) ;
#4039 = FACE_OUTER_BOUND ( 'NONE', #11193, .T. ) ;
#4040 = ORIENTED_EDGE ( 'NONE', *, *, #499, .F. ) ;
#4041 = EDGE_CURVE ( 'NONE', #2805, #1649, #2411, .T. ) ;
#4042 = ORIENTED_EDGE ( 'NONE', *, *, #6359, .F. ) ;
#4043 = DIRECTION ( 'NONE',  ( 0.000000000000000000, 0.000000000000000000, -1.000000000000000000 ) ) ;
#4044 = DIRECTION ( 'NONE',  ( 0.000000000000000000, -0.000000000000000000, 1.000000000000000000 ) ) ;
#4045 = DIRECTION ( 'NONE',  ( -0.1736481776669302757, 0.000000000000000000, 0.9848077530122080203 ) ) ;
#4046 = MECHANICAL_DESIGN_GEOMETRIC_PRESENTATION_REPRESENTATION (  '', ( #292 ), #1309 ) ;
#4047 = DIRECTION ( 'NONE',  ( 0.000000000000000000, -0.000000000000000000, 1.000000000000000000 ) ) ;
#4048 = ORIENTED_EDGE ( 'NONE', *, *, #7462, .T. ) ;
#4049 = CARTESIAN_POINT ( 'NONE',  ( -2.449511734408785113, 1.103909596859301789, -0.09999999999999982514 ) ) ;
#4050 = EDGE_CURVE ( 'NONE', #10260, #6896, #10312, .T. ) ;
#4051 = VERTEX_POINT ( 'NONE', #9046 ) ;
#4052 = CARTESIAN_POINT ( 'NONE',  ( 4.712625812663587155, 5.799999999999999822, 3.500000000000000444 ) ) ;
#4053 = FACE_OUTER_BOUND ( 'NONE', #10962, .T. ) ;
#4054 = ADVANCED_FACE ( 'NONE', ( #6396 ), #7359, .T. ) ;
#4055 = LINE ( 'NONE', #9147, #7926 ) ;
#4056 = VECTOR ( 'NONE', #6236, 1000.000000000000000 ) ;
#4057 = PLANE ( 'NONE',  #7843 ) ;
#4058 = EDGE_CURVE ( 'NONE', #1516, #8541, #2369, .T. ) ;
#4059 = VERTEX_POINT ( 'NONE', #9911 ) ;
#4060 = FACE_OUTER_BOUND ( 'NONE', #6196, .T. ) ;
#4061 = CARTESIAN_POINT ( 'NONE',  ( -13.55048826559121622, 5.799999999999999822, 0.1000000000000000056 ) ) ;
#4062 = VERTEX_POINT ( 'NONE', #8188 ) ;
#4063 = LINE ( 'NONE', #7796, #4318 ) ;
#4064 = DIRECTION ( 'NONE',  ( 1.000000000000000000, 0.000000000000000000, -0.000000000000000000 ) ) ;
#4065 = CARTESIAN_POINT ( 'NONE',  ( 3.810000000000000941, -7.450000000000000178, -4.035000000000001030 ) ) ;
#4066 = EDGE_LOOP ( 'NONE', ( #7637, #2694, #1596, #15 ) ) ;
#4067 = SURFACE_STYLE_USAGE ( .BOTH. , #8503 ) ;
#4068 = DIRECTION ( 'NONE',  ( 0.000000000000000000, 0.000000000000000000, 1.000000000000000000 ) ) ;
#4069 = ORIENTED_EDGE ( 'NONE', *, *, #1916, .T. ) ;
#4070 = FACE_OUTER_BOUND ( 'NONE', #4992, .T. ) ;
#4071 = ADVANCED_FACE ( 'NONE', ( #2525 ), #10210, .T. ) ;
#4072 = DIRECTION ( 'NONE',  ( -0.1736481776669299149, 0.000000000000000000, 0.9848077530122082424 ) ) ;
#4073 = VECTOR ( 'NONE', #8062, 1000.000000000000000 ) ;
#4074 = CARTESIAN_POINT ( 'NONE',  ( 6.999999999999997335, 4.799999999999999822, -3.500000000000000444 ) ) ;
#4075 = SURFACE_STYLE_FILL_AREA ( #3281 ) ;
#4076 = DIRECTION ( 'NONE',  ( 0.000000000000000000, 1.000000000000000000, 0.000000000000000000 ) ) ;
#4077 = ORIENTED_EDGE ( 'NONE', *, *, #2347, .F. ) ;
#4078 = EDGE_CURVE ( 'NONE', #8627, #8105, #10433, .T. ) ;
#4079 = FACE_OUTER_BOUND ( 'NONE', #2139, .T. ) ;
#4080 = EDGE_CURVE ( 'NONE', #3609, #11474, #6219, .T. ) ;
#4081 = CARTESIAN_POINT ( 'NONE',  ( 8.000000000000000000, 4.799999999999999822, 0.000000000000000000 ) ) ;
#4082 = PLANE ( 'NONE',  #4896 ) ;
#4083 = UNCERTAINTY_MEASURE_WITH_UNIT (LENGTH_MEASURE( 1.000000000000000082E-05 ), #10721, 'distance_accuracy_value', 'NONE');
#4084 = VERTEX_POINT ( 'NONE', #10898 ) ;
#4085 = DIRECTION ( 'NONE',  ( -0.000000000000000000, 1.000000000000000000, 0.000000000000000000 ) ) ;
#4086 = MANIFOLD_SOLID_BREP ( 'LPattern2[18]', #4008 ) ;
#4087 = ORIENTED_EDGE ( 'NONE', *, *, #10387, .F. ) ;
#4088 = VECTOR ( 'NONE', #6668, 1000.000000000000000 ) ;
#4089 = DIRECTION ( 'NONE',  ( -1.000000000000000000, 0.000000000000000000, -2.072739447398758462E-16 ) ) ;
#4090 = DIRECTION ( 'NONE',  ( 0.9848077530122080203, 0.000000000000000000, 0.1736481776669307475 ) ) ;
#4091 = DIRECTION ( 'NONE',  ( 1.000000000000000000, 0.000000000000000000, -2.072739447398754025E-16 ) ) ;
#4092 = VECTOR ( 'NONE', #6615, 1000.000000000000000 ) ;
#4093 = CARTESIAN_POINT ( 'NONE',  ( 13.41352556097973547, 4.799999999999999822, -0.4750000000000000333 ) ) ;
#4094 = LINE ( 'NONE', #883, #4056 ) ;
#4095 = FACE_OUTER_BOUND ( 'NONE', #1136, .T. ) ;
#4096 = EDGE_CURVE ( 'NONE', #6960, #6850, #10147, .T. ) ;
#4097 = DIRECTION ( 'NONE',  ( 1.000000000000000000, 0.000000000000000000, 0.000000000000000000 ) ) ;
#4098 = VERTEX_POINT ( 'NONE', #1061 ) ;
#4099 = AXIS2_PLACEMENT_3D ( 'NONE', #1069, #5515, #9574 ) ;
#4100 = ADVANCED_FACE ( 'NONE', ( #6445 ), #6883, .F. ) ;
#4101 = AXIS2_PLACEMENT_3D ( 'NONE', #11479, #5181, #850 ) ;
#4102 = FACE_OUTER_BOUND ( 'NONE', #5708, .T. ) ;
#4103 = PLANE ( 'NONE',  #1545 ) ;
#4104 = EDGE_CURVE ( 'NONE', #837, #9870, #10329, .T. ) ;
#4105 = EDGE_CURVE ( 'NONE', #5559, #722, #2625, .T. ) ;
#4106 = EDGE_LOOP ( 'NONE', ( #1021, #8889, #8363, #1293 ) ) ;
#4107 = MANIFOLD_SOLID_BREP ( 'LPattern2[20]', #5184 ) ;
#4108 = VERTEX_POINT ( 'NONE', #606 ) ;
#4109 = FACE_OUTER_BOUND ( 'NONE', #357, .T. ) ;
#4110 = FILL_AREA_STYLE_COLOUR ( '', #1546 ) ;
#4111 = DIRECTION ( 'NONE',  ( 0.000000000000000000, -1.000000000000000000, -0.000000000000000000 ) ) ;
#4112 = AXIS2_PLACEMENT_3D ( 'NONE', #2467, #5176, #8519 ) ;
#4113 = VECTOR ( 'NONE', #9746, 1000.000000000000000 ) ;
#4114 = AXIS2_PLACEMENT_3D ( 'NONE', #5535, #5685, #9290 ) ;
#4115 = VECTOR ( 'NONE', #9968, 1000.000000000000000 ) ;
#4116 = EDGE_LOOP ( 'NONE', ( #8625, #8685, #5370, #1193 ) ) ;
#4117 = DIRECTION ( 'NONE',  ( 0.000000000000000000, -1.000000000000000000, -0.000000000000000000 ) ) ;
#4118 = SURFACE_STYLE_FILL_AREA ( #6356 ) ;
#4119 = EDGE_CURVE ( 'NONE', #10398, #7102, #10533, .T. ) ;
#4120 = VECTOR ( 'NONE', #4983, 1000.000000000000000 ) ;
#4121 = CARTESIAN_POINT ( 'NONE',  ( 15.34999999999999609, 0.5000000000000000000, -4.350000000000000533 ) ) ;
#4122 = DIRECTION ( 'NONE',  ( 0.1736481776669298038, 0.000000000000000000, -0.9848077530122082424 ) ) ;
#4123 = AXIS2_PLACEMENT_3D ( 'NONE', #8449, #6568, #453 ) ;
#4124 = PLANE ( 'NONE',  #5500 ) ;
#4125 = DIRECTION ( 'NONE',  ( -1.000000000000000000, 0.000000000000000000, 0.000000000000000000 ) ) ;
#4126 = ORIENTED_EDGE ( 'NONE', *, *, #6903, .F. ) ;
#4127 = EDGE_CURVE ( 'NONE', #4784, #4666, #10710, .T. ) ;
#4128 = CARTESIAN_POINT ( 'NONE',  ( 6.999999999999997335, 5.799999999999999822, -3.500000000000000444 ) ) ;
#4129 = ORIENTED_EDGE ( 'NONE', *, *, #1858, .F. ) ;
#4130 = ADVANCED_FACE ( 'NONE', ( #6696 ), #9414, .F. ) ;
#4131 = DIRECTION ( 'NONE',  ( -0.1736481776669307753, 0.000000000000000000, 0.9848077530122080203 ) ) ;
#4132 = ADVANCED_FACE ( 'NONE', ( #6976 ), #4082, .T. ) ;
#4133 = VERTEX_POINT ( 'NONE', #1526 ) ;
#4134 = CARTESIAN_POINT ( 'NONE',  ( -0.2205331856370015831, 3.456497115745557291, 1.250705846325504966 ) ) ;
#4135 = VECTOR ( 'NONE', #7567, 1000.000000000000000 ) ;
#4136 = EDGE_CURVE ( 'NONE', #9811, #4663, #2824, .T. ) ;
#4137 = FACE_OUTER_BOUND ( 'NONE', #673, .T. ) ;
#4138 = FACE_OUTER_BOUND ( 'NONE', #866, .T. ) ;
#4139 = CARTESIAN_POINT ( 'NONE',  ( -1.269999999999999352, -7.450000000000000178, -4.035000000000001030 ) ) ;
#4140 = EDGE_LOOP ( 'NONE', ( #7035, #757, #6837, #10361 ) ) ;
#4141 = VECTOR ( 'NONE', #6915, 1000.000000000000000 ) ;
#4142 = FACE_OUTER_BOUND ( 'NONE', #10927, .T. ) ;
#4143 = CARTESIAN_POINT ( 'NONE',  ( 9.850000000000001421, 1.103909596859301789, 3.500000000000000444 ) ) ;
#4144 = DIRECTION ( 'NONE',  ( -0.1736481776669307753, 0.000000000000000000, 0.9848077530122080203 ) ) ;
#4145 = VERTEX_POINT ( 'NONE', #4837 ) ;
#4146 = VERTEX_POINT ( 'NONE', #8603 ) ;
#4147 =( NAMED_UNIT ( * ) PLANE_ANGLE_UNIT ( ) SI_UNIT ( $, .RADIAN. ) );
#4148 = EDGE_CURVE ( 'NONE', #18, #895, #10601, .T. ) ;
#4149 = CARTESIAN_POINT ( 'NONE',  ( 14.36522286944951965, 5.799999999999999822, 0.1000000000000000056 ) ) ;
#4150 = AXIS2_PLACEMENT_3D ( 'NONE', #1347, #6687, #5624 ) ;
#4151 = DIRECTION ( 'NONE',  ( 0.1736481776669312471, 0.000000000000000000, -0.9848077530122079093 ) ) ;
#4152 = CARTESIAN_POINT ( 'NONE',  ( -16.10000000000000142, 5.799999999999999822, 5.099999999999999645 ) ) ;
#4153 = CLOSED_SHELL ( 'NONE', ( #2239, #10360, #7476, #4226, #1908, #7622 ) ) ;
#4154 = PLANE ( 'NONE',  #6981 ) ;
#4155 = CARTESIAN_POINT ( 'NONE',  ( -5.765711135040744395, 5.799999999999999822, -3.500000000000000444 ) ) ;
#4156 = VECTOR ( 'NONE', #9143, 1000.000000000000000 ) ;
#4157 = LINE ( 'NONE', #1515, #3678 ) ;
#4158 = EDGE_LOOP ( 'NONE', ( #3738, #2724, #6468, #5824 ) ) ;
#4159 = FACE_OUTER_BOUND ( 'NONE', #2446, .T. ) ;
#4160 = AXIS2_PLACEMENT_3D ( 'NONE', #11091, #3832, #4734 ) ;
#4161 = LINE ( 'NONE', #4143, #4220 ) ;
#4162 = DIRECTION ( 'NONE',  ( 0.9848077530122079093, -0.000000000000000000, 0.1736481776669313026 ) ) ;
#4163 = ORIENTED_EDGE ( 'NONE', *, *, #2032, .F. ) ;
#4164 = ORIENTED_EDGE ( 'NONE', *, *, #11221, .F. ) ;
#4165 = CARTESIAN_POINT ( 'NONE',  ( 2.484777130550477331, 5.799999999999999822, -0.1000000000000000056 ) ) ;
#4166 = EDGE_CURVE ( 'NONE', #7127, #1516, #10616, .T. ) ;
#4167 = EDGE_LOOP ( 'NONE', ( #9623, #6437, #2152, #5353 ) ) ;
#4168 = VECTOR ( 'NONE', #43, 1000.000000000000000 ) ;
#4169 = PLANE ( 'NONE',  #2656 ) ;
#4170 = ADVANCED_FACE ( 'NONE', ( #10838 ), #11039, .F. ) ;
#4171 = SURFACE_STYLE_USAGE ( .BOTH. , #9501 ) ;
#4172 = CIRCLE ( 'NONE', #9910, 0.4750000000000005884 ) ;
#4173 = DIRECTION ( 'NONE',  ( -1.000000000000000000, 0.000000000000000000, 1.630660900174878325E-16 ) ) ;
#4174 = LINE ( 'NONE', #5858, #8332 ) ;
#4175 = DIRECTION ( 'NONE',  ( -0.9848077530122081313, 0.000000000000000000, -0.1736481776669303034 ) ) ;
#4176 = VERTEX_POINT ( 'NONE', #9342 ) ;
#4177 = CARTESIAN_POINT ( 'NONE',  ( -1.269999999999999352, 0.5000000000000000000, -4.035000000000001030 ) ) ;
#4178 = DIRECTION ( 'NONE',  ( 1.000000000000000000, 0.000000000000000000, -2.072739447398762653E-16 ) ) ;
#4179 = MANIFOLD_SOLID_BREP ( 'LPattern3[2]', #3115 ) ;
#4180 = PRESENTATION_STYLE_ASSIGNMENT (( #4792 ) ) ;
#4181 = DIRECTION ( 'NONE',  ( 0.000000000000000000, 1.000000000000000000, -0.000000000000000000 ) ) ;
#4182 = AXIS2_PLACEMENT_3D ( 'NONE', #3936, #1398, #4851 ) ;
#4183 = EDGE_LOOP ( 'NONE', ( #7331, #3453, #23, #3790 ) ) ;
#4184 = VERTEX_POINT ( 'NONE', #6726 ) ;
#4185 = EDGE_CURVE ( 'NONE', #8083, #5610, #2841, .T. ) ;
#4186 = CARTESIAN_POINT ( 'NONE',  ( -4.915711135040740309, 4.799999999999999822, -3.500000000000000444 ) ) ;
#4187 = ORIENTED_EDGE ( 'NONE', *, *, #5404, .F. ) ;
#4188 = CIRCLE ( 'NONE', #5850, 0.2249999999999999500 ) ;
#4189 = EDGE_CURVE ( 'NONE', #4438, #4816, #2914, .T. ) ;
#4190 = CARTESIAN_POINT ( 'NONE',  ( -10.44951173440878556, 4.799999999999999822, -0.09999999999999982514 ) ) ;
#4191 = DIRECTION ( 'NONE',  ( 0.000000000000000000, 1.000000000000000000, 0.000000000000000000 ) ) ;
#4192 = CARTESIAN_POINT ( 'NONE',  ( -9.850000000000003197, 4.799999999999999822, -3.500000000000000444 ) ) ;
#4193 = DIRECTION ( 'NONE',  ( 0.000000000000000000, 1.000000000000000000, 0.000000000000000000 ) ) ;
#4194 = VECTOR ( 'NONE', #1670, 1000.000000000000000 ) ;
#4195 = LINE ( 'NONE', #4740, #442 ) ;
#4196 = FACE_OUTER_BOUND ( 'NONE', #8192, .T. ) ;
#4197 = VERTEX_POINT ( 'NONE', #3428 ) ;
#4198 = ORIENTED_EDGE ( 'NONE', *, *, #5530, .T. ) ;
#4199 = CARTESIAN_POINT ( 'NONE',  ( -10.48477713055048000, 5.799999999999999822, 0.09999999999999982514 ) ) ;
#4200 = ADVANCED_FACE ( 'NONE', ( #3144 ), #3717, .T. ) ;
#4201 = LINE ( 'NONE', #9603, #8066 ) ;
#4202 = CARTESIAN_POINT ( 'NONE',  ( -14.14999999999999858, 5.799999999999999822, 3.500000000000000444 ) ) ;
#4203 = CARTESIAN_POINT ( 'NONE',  ( 11.28737418733640752, 5.799999999999999822, -3.500000000000000000 ) ) ;
#4204 = CARTESIAN_POINT ( 'NONE',  ( -10.48477713055048000, 4.799999999999999822, 0.09999999999999982514 ) ) ;
#4205 = DIRECTION ( 'NONE',  ( 1.000000000000000000, -0.000000000000000000, -0.000000000000000000 ) ) ;
#4206 = ORIENTED_EDGE ( 'NONE', *, *, #9551, .F. ) ;
#4207 = DIRECTION ( 'NONE',  ( -0.9848077530122080203, 0.000000000000000000, -0.1736481776669307753 ) ) ;
#4208 = ORIENTED_EDGE ( 'NONE', *, *, #5505, .T. ) ;
#4209 = AXIS2_PLACEMENT_3D ( 'NONE', #1191, #10805, #9817 ) ;
#4210 = EDGE_LOOP ( 'NONE', ( #6885, #7509, #7043, #3116 ) ) ;
#4211 = CARTESIAN_POINT ( 'NONE',  ( 12.88013644433662819, 4.799999999999999822, 2.550000000000000711 ) ) ;
#4212 = VECTOR ( 'NONE', #6110, 1000.000000000000000 ) ;
#4213 = VECTOR ( 'NONE', #11042, 999.9999999999998863 ) ;
#4214 = LINE ( 'NONE', #7795, #266 ) ;
#4215 = FILL_AREA_STYLE ('',( #10442 ) ) ;
#4216 = ORIENTED_EDGE ( 'NONE', *, *, #238, .T. ) ;
#4217 = VERTEX_POINT ( 'NONE', #6128 ) ;
#4218 = VECTOR ( 'NONE', #10789, 1000.000000000000000 ) ;
#4219 = CARTESIAN_POINT ( 'NONE',  ( -9.850000000000003197, 4.799999999999999822, -3.500000000000000444 ) ) ;
#4220 = VECTOR ( 'NONE', #10287, 1000.000000000000000 ) ;
#4221 = PLANE ( 'NONE',  #6529 ) ;
#4222 = PLANE ( 'NONE',  #3350 ) ;
#4223 = EDGE_LOOP ( 'NONE', ( #167, #6838, #7009, #2685 ) ) ;
#4224 = ORIENTED_EDGE ( 'NONE', *, *, #4664, .T. ) ;
#4225 = PLANE ( 'NONE',  #4917 ) ;
#4226 = ADVANCED_FACE ( 'NONE', ( #2777 ), #6200, .T. ) ;
#4227 = FILL_AREA_STYLE_COLOUR ( '', #1604 ) ;
#4228 = SURFACE_SIDE_STYLE ('',( #10522 ) ) ;
#4229 = CARTESIAN_POINT ( 'NONE',  ( -13.94691467762285164, 4.799999999999999822, 3.500000000000000444 ) ) ;
#4230 = EDGE_CURVE ( 'NONE', #8997, #7103, #2853, .T. ) ;
#4231 = ORIENTED_EDGE ( 'NONE', *, *, #6928, .F. ) ;
#4232 = EDGE_CURVE ( 'NONE', #9238, #5589, #6780, .T. ) ;
#4233 = CARTESIAN_POINT ( 'NONE',  ( -14.14999999999999858, 5.799999999999999822, 3.500000000000000444 ) ) ;
#4234 = UNCERTAINTY_MEASURE_WITH_UNIT (LENGTH_MEASURE( 1.000000000000000082E-05 ), #1276, 'distance_accuracy_value', 'NONE');
#4235 = VECTOR ( 'NONE', #10224, 1000.000000000000000 ) ;
#4236 = DIRECTION ( 'NONE',  ( -0.1736481776669316357, 0.000000000000000000, 0.9848077530122076872 ) ) ;
#4237 = ORIENTED_EDGE ( 'NONE', *, *, #5788, .T. ) ;
#4238 = DIRECTION ( 'NONE',  ( -0.000000000000000000, 1.000000000000000000, -0.000000000000000000 ) ) ;
#4239 = DIRECTION ( 'NONE',  ( 0.000000000000000000, -0.000000000000000000, 1.000000000000000000 ) ) ;
#4240 = ORIENTED_EDGE ( 'NONE', *, *, #1716, .T. ) ;
#4241 = VERTEX_POINT ( 'NONE', #5177 ) ;
#4242 = EDGE_CURVE ( 'NONE', #857, #432, #10783, .T. ) ;
#4243 = DIRECTION ( 'NONE',  ( 0.000000000000000000, -1.000000000000000000, 0.000000000000000000 ) ) ;
#4244 = AXIS2_PLACEMENT_3D ( 'NONE', #4994, #5643, #9476 ) ;
#4245 = ORIENTED_EDGE ( 'NONE', *, *, #8020, .F. ) ;
#4246 = LINE ( 'NONE', #10734, #4168 ) ;
#4247 =( GEOMETRIC_REPRESENTATION_CONTEXT ( 3 ) GLOBAL_UNCERTAINTY_ASSIGNED_CONTEXT ( ( #3389 ) ) GLOBAL_UNIT_ASSIGNED_CONTEXT ( ( #3531, #5436, #4437 ) ) REPRESENTATION_CONTEXT ( 'NONE', 'WORKASPACE' ) );
#4248 = EDGE_CURVE ( 'NONE', #10260, #837, #10654, .T. ) ;
#4249 = ADVANCED_FACE ( 'NONE', ( #6853 ), #8924, .T. ) ;
#4250 = CARTESIAN_POINT ( 'NONE',  ( 4.880136444336628188, 5.799999999999999822, 2.550000000000000711 ) ) ;
#4251 = CARTESIAN_POINT ( 'NONE',  ( -2.234288864959264931, 5.799999999999999822, 3.499999999999999556 ) ) ;
#4252 = LINE ( 'NONE', #6203, #8117 ) ;
#4253 = CARTESIAN_POINT ( 'NONE',  ( -11.08428886495926591, 1.103909596859301789, 3.499999999999999556 ) ) ;
#4254 = VECTOR ( 'NONE', #2825, 1000.000000000000000 ) ;
#4255 = PLANE ( 'NONE',  #272 ) ;
#4256 = ORIENTED_EDGE ( 'NONE', *, *, #11535, .T. ) ;
#4257 = DIRECTION ( 'NONE',  ( -0.1736481776669316635, 0.000000000000000000, 0.9848077530122076872 ) ) ;
#4258 = LINE ( 'NONE', #10507, #8124 ) ;
#4259 = PLANE ( 'NONE',  #6350 ) ;
#4260 = VECTOR ( 'NONE', #3103, 1000.000000000000000 ) ;
#4261 = CARTESIAN_POINT ( 'NONE',  ( -2.753985070693306003, 5.799999999999999822, 0.4749999999999995892 ) ) ;
#4262 = ORIENTED_EDGE ( 'NONE', *, *, #3916, .T. ) ;
#4263 = EDGE_CURVE ( 'NONE', #4277, #8052, #10673, .T. ) ;
#4264 = ORIENTED_EDGE ( 'NONE', *, *, #9927, .T. ) ;
#4265 = VERTEX_POINT ( 'NONE', #5539 ) ;
#4266 = EDGE_CURVE ( 'NONE', #3914, #5904, #10687, .T. ) ;
#4267 = SURFACE_STYLE_USAGE ( .BOTH. , #9674 ) ;
#4268 =( NAMED_UNIT ( * ) SI_UNIT ( $, .STERADIAN. ) SOLID_ANGLE_UNIT ( ) );
#4269 = CARTESIAN_POINT ( 'NONE',  ( 9.000000000000001776, 4.799999999999999822, 3.500000000000000444 ) ) ;
#4270 = CARTESIAN_POINT ( 'NONE',  ( 14.36522286944951965, 4.799999999999999822, 0.1000000000000000056 ) ) ;
#4271 = ADVANCED_FACE ( 'NONE', ( #6801 ), #10634, .T. ) ;
#4272 = DIRECTION ( 'NONE',  ( 1.000000000000000000, 0.000000000000000000, 0.000000000000000000 ) ) ;
#4273 = VECTOR ( 'NONE', #9792, 1000.000000000000000 ) ;
#4274 = EDGE_CURVE ( 'NONE', #4925, #740, #10729, .T. ) ;
#4275 = VECTOR ( 'NONE', #5494, 1000.000000000000000 ) ;
#4276 = PRESENTATION_LAYER_ASSIGNMENT (  '', '', ( #6376 ) ) ;
#4277 = VERTEX_POINT ( 'NONE', #2629 ) ;
#4278 = DIRECTION ( 'NONE',  ( 0.000000000000000000, -1.000000000000000000, -0.000000000000000000 ) ) ;
#4279 = VECTOR ( 'NONE', #8647, 1000.000000000000000 ) ;
#4280 = CARTESIAN_POINT ( 'NONE',  ( 11.28737418733640752, 4.799999999999999822, -3.500000000000000000 ) ) ;
#4281 = DIRECTION ( 'NONE',  ( -1.000000000000000000, 0.000000000000000000, 0.000000000000000000 ) ) ;
#4282 = CARTESIAN_POINT ( 'NONE',  ( 16.00000000000000000, 4.799999999999999822, 0.000000000000000000 ) ) ;
#4283 = DIRECTION ( 'NONE',  ( 0.000000000000000000, 0.000000000000000000, 1.000000000000000000 ) ) ;
#4284 = ORIENTED_EDGE ( 'NONE', *, *, #8146, .T. ) ;
#4285 = CARTESIAN_POINT ( 'NONE',  ( 10.48477713055047822, 5.799999999999999822, -0.1000000000000000056 ) ) ;
#4286 = ORIENTED_EDGE ( 'NONE', *, *, #10300, .F. ) ;
#4287 = EDGE_LOOP ( 'NONE', ( #7581, #9695, #11038, #9154 ) ) ;
#4288 = LINE ( 'NONE', #5236, #8038 ) ;
#4289 = FACE_OUTER_BOUND ( 'NONE', #4866, .T. ) ;
#4290 = FACE_OUTER_BOUND ( 'NONE', #4333, .T. ) ;
#4291 = VECTOR ( 'NONE', #9662, 1000.000000000000114 ) ;
#4292 = CARTESIAN_POINT ( 'NONE',  ( -6.999999999999999112, 1.103909596859301789, 3.500000000000000444 ) ) ;
#4293 = ORIENTED_EDGE ( 'NONE', *, *, #2838, .F. ) ;
#4294 = ORIENTED_EDGE ( 'NONE', *, *, #10827, .F. ) ;
#4295 = EDGE_CURVE ( 'NONE', #6783, #6945, #6876, .T. ) ;
#4296 = VECTOR ( 'NONE', #1339, 1000.000000000000000 ) ;
#4297 = CARTESIAN_POINT ( 'NONE',  ( -3.809999999999999609, 0.5000000000000000000, -3.810000000000000941 ) ) ;
#4298 = AXIS2_PLACEMENT_3D ( 'NONE', #9876, #10793, #1022 ) ;
#4299 = ADVANCED_FACE ( 'NONE', ( #6758 ), #11321, .F. ) ;
#4300 = FACE_OUTER_BOUND ( 'NONE', #3792, .T. ) ;
#4301 = CARTESIAN_POINT ( 'NONE',  ( 16.00000000000000000, 4.799999999999999822, 0.000000000000000000 ) ) ;
#4302 = VERTEX_POINT ( 'NONE', #6504 ) ;
#4303 = ORIENTED_EDGE ( 'NONE', *, *, #8917, .F. ) ;
#4304 = DIRECTION ( 'NONE',  ( -0.1736481776669302757, 0.000000000000000000, 0.9848077530122080203 ) ) ;
#4305 = CARTESIAN_POINT ( 'NONE',  ( -16.10000000000000142, 0.000000000000000000, -5.100000000000000533 ) ) ;
#4306 = EDGE_LOOP ( 'NONE', ( #6985, #7157, #6662, #410 ) ) ;
#4307 = AXIS2_PLACEMENT_3D ( 'NONE', #7620, #10338, #10085 ) ;
#4308 = FACE_OUTER_BOUND ( 'NONE', #3148, .T. ) ;
#4309 = CARTESIAN_POINT ( 'NONE',  ( 5.246014929306694441, 5.799999999999999822, 0.4749999999999995892 ) ) ;
#4310 = CARTESIAN_POINT ( 'NONE',  ( -4.712625812663592484, 5.799999999999999822, -3.500000000000000000 ) ) ;
#4311 = LINE ( 'NONE', #4840, #4194 ) ;
#4312 = VECTOR ( 'NONE', #1229, 1000.000000000000000 ) ;
#4313 = ORIENTED_EDGE ( 'NONE', *, *, #1527, .T. ) ;
#4314 = EDGE_LOOP ( 'NONE', ( #8938, #8707, #8411, #4783 ) ) ;
#4315 = CARTESIAN_POINT ( 'NONE',  ( -4.880136444336633517, 4.799999999999999822, -2.550000000000000711 ) ) ;
#4316 = VECTOR ( 'NONE', #8721, 1000.000000000000000 ) ;
#4317 = EDGE_CURVE ( 'NONE', #2073, #4084, #3030, .T. ) ;
#4318 = VECTOR ( 'NONE', #8480, 1000.000000000000000 ) ;
#4319 = CARTESIAN_POINT ( 'NONE',  ( 2.234288864959256049, 4.799999999999999822, -3.500000000000000444 ) ) ;
#4320 = CARTESIAN_POINT ( 'NONE',  ( 13.24601492930669444, 4.799999999999999822, 0.4749999999999995892 ) ) ;
#4321 = ORIENTED_EDGE ( 'NONE', *, *, #3141, .T. ) ;
#4322 = ORIENTED_EDGE ( 'NONE', *, *, #10509, .T. ) ;
#4323 = CARTESIAN_POINT ( 'NONE',  ( -15.00000000000000000, 1.103909596859301789, 3.500000000000000444 ) ) ;
#4324 = ADVANCED_FACE ( 'NONE', ( #10818 ), #2468, .F. ) ;
#4325 = ORIENTED_EDGE ( 'NONE', *, *, #10843, .T. ) ;
#4326 = VECTOR ( 'NONE', #3340, 1000.000000000000000 ) ;
#4327 = AXIS2_PLACEMENT_3D ( 'NONE', #5670, #2177, #10151 ) ;
#4328 = FACE_OUTER_BOUND ( 'NONE', #5039, .T. ) ;
#4329 = DIRECTION ( 'NONE',  ( -0.1736481776669316635, 0.000000000000000000, 0.9848077530122076872 ) ) ;
#4330 = VECTOR ( 'NONE', #6117, 1000.000000000000000 ) ;
#4331 = CARTESIAN_POINT ( 'NONE',  ( 0.000000000000000000, 4.799999999999999822, 0.000000000000000000 ) ) ;
#4332 = EDGE_CURVE ( 'NONE', #1579, #8802, #6997, .T. ) ;
#4333 = EDGE_LOOP ( 'NONE', ( #7384, #5178, #4796, #5956 ) ) ;
#4334 = LINE ( 'NONE', #9678, #487 ) ;
#4335 = FACE_OUTER_BOUND ( 'NONE', #9800, .T. ) ;
#4336 = DIRECTION ( 'NONE',  ( 1.000000000000000000, 0.000000000000000000, -2.072739447398754025E-16 ) ) ;
#4337 = EDGE_LOOP ( 'NONE', ( #639, #5141, #6442, #415 ) ) ;
#4338 = ORIENTED_EDGE ( 'NONE', *, *, #2483, .F. ) ;
#4339 = AXIS2_PLACEMENT_3D ( 'NONE', #2920, #5511, #3776 ) ;
#4340 = DIRECTION ( 'NONE',  ( 0.000000000000000000, 1.000000000000000000, 0.000000000000000000 ) ) ;
#4341 = ORIENTED_EDGE ( 'NONE', *, *, #1418, .T. ) ;
#4342 = DIRECTION ( 'NONE',  ( 0.1736481776669298038, 0.000000000000000000, -0.9848077530122082424 ) ) ;
#4343 = CARTESIAN_POINT ( 'NONE',  ( 2.753985070693298898, 5.799999999999999822, -0.4749999999999989231 ) ) ;
#4344 = ADVANCED_FACE ( 'NONE', ( #2740 ), #11138, .T. ) ;
#4345 = CARTESIAN_POINT ( 'NONE',  ( 2.053085322377148803, 1.103909596859301789, 3.500000000000000444 ) ) ;
#4346 = CARTESIAN_POINT ( 'NONE',  ( -2.220595954050198717, 5.799999999999999822, -2.550000000000000711 ) ) ;
#4347 = LINE ( 'NONE', #1083, #3998 ) ;
#4348 = LINE ( 'NONE', #7826, #670 ) ;
#4349 = LINE ( 'NONE', #4640, #4541 ) ;
#4350 = EDGE_LOOP ( 'NONE', ( #207, #196, #4028, #134 ) ) ;
#4351 = LINE ( 'NONE', #5213, #271 ) ;
#4352 = CARTESIAN_POINT ( 'NONE',  ( 5.946914677622842760, 4.799999999999999822, -3.500000000000000444 ) ) ;
#4353 = LINE ( 'NONE', #8585, #4719 ) ;
#4354 = CARTESIAN_POINT ( 'NONE',  ( 13.51522286944952000, 5.799999999999999822, 0.09999999999999982514 ) ) ;
#4355 = DIRECTION ( 'NONE',  ( -0.000000000000000000, 1.000000000000000000, -0.000000000000000000 ) ) ;
#4356 = CARTESIAN_POINT ( 'NONE',  ( 0.000000000000000000, 4.799999999999999822, 0.000000000000000000 ) ) ;
#4357 = ORIENTED_EDGE ( 'NONE', *, *, #3623, .F. ) ;
#4358 =( LENGTH_UNIT ( ) NAMED_UNIT ( * ) SI_UNIT ( .MILLI., .METRE. ) );
#4359 = VERTEX_POINT ( 'NONE', #7705 ) ;
#4360 = VERTEX_POINT ( 'NONE', #4192 ) ;
#4361 = ADVANCED_FACE ( 'NONE', ( #6606 ), #7463, .T. ) ;
#4362 = VECTOR ( 'NONE', #7233, 1000.000000000000000 ) ;
#4363 = LINE ( 'NONE', #7415, #712 ) ;
#4364 = DIRECTION ( 'NONE',  ( 0.000000000000000000, 1.000000000000000000, 0.000000000000000000 ) ) ;
#4365 = ORIENTED_EDGE ( 'NONE', *, *, #6509, .T. ) ;
#4366 = AXIS2_PLACEMENT_3D ( 'NONE', #4356, #651, #735 ) ;
#4367 = LINE ( 'NONE', #5928, #445 ) ;
#4368 = VECTOR ( 'NONE', #2084, 1000.000000000000000 ) ;
#4369 = DIRECTION ( 'NONE',  ( -1.000000000000000000, -0.000000000000000000, -2.072739447398758462E-16 ) ) ;
#4370 = EDGE_CURVE ( 'NONE', #3949, #3769, #10491, .T. ) ;
#4371 = PLANE ( 'NONE',  #3816 ) ;
#4372 = EDGE_CURVE ( 'NONE', #8509, #1059, #2802, .T. ) ;
#4373 = CLOSED_SHELL ( 'NONE', ( #1953, #3308, #4249, #11261, #10682, #9735 ) ) ;
#4374 = VERTEX_POINT ( 'NONE', #1246 ) ;
#4375 = DIRECTION ( 'NONE',  ( 0.000000000000000000, 1.000000000000000000, 0.000000000000000000 ) ) ;
#4376 = PLANE ( 'NONE',  #1772 ) ;
#4377 =( LENGTH_UNIT ( ) NAMED_UNIT ( * ) SI_UNIT ( .MILLI., .METRE. ) );
#4378 = VERTEX_POINT ( 'NONE', #6004 ) ;
#4379 = FACE_OUTER_BOUND ( 'NONE', #6205, .T. ) ;
#4380 = CARTESIAN_POINT ( 'NONE',  ( -9.000000000000003553, 4.799999999999999822, -3.500000000000000444 ) ) ;
#4381 = DIRECTION ( 'NONE',  ( -1.630660900174879311E-16, 0.000000000000000000, -1.000000000000000000 ) ) ;
#4382 = VECTOR ( 'NONE', #8345, 1000.000000000000000 ) ;
#4383 = LINE ( 'NONE', #344, #847 ) ;
#4384 = LINE ( 'NONE', #783, #543 ) ;
#4385 = ORIENTED_EDGE ( 'NONE', *, *, #6351, .F. ) ;
#4386 = DIRECTION ( 'NONE',  ( 1.000000000000000000, 0.000000000000000000, 0.000000000000000000 ) ) ;
#4387 = FACE_OUTER_BOUND ( 'NONE', #798, .T. ) ;
#4388 = EDGE_CURVE ( 'NONE', #7207, #4604, #3474, .T. ) ;
#4389 = ADVANCED_FACE ( 'NONE', ( #11080 ), #2274, .F. ) ;
#4390 = LINE ( 'NONE', #5495, #8279 ) ;
#4391 = AXIS2_PLACEMENT_3D ( 'NONE', #6039, #429, #5961 ) ;
#4392 = CARTESIAN_POINT ( 'NONE',  ( 1.599511734408781694, 5.799999999999999822, 0.09999999999999982514 ) ) ;
#4393 = CARTESIAN_POINT ( 'NONE',  ( 11.28737418733640752, 1.103909596859301789, -3.500000000000000000 ) ) ;
#4394 = AXIS2_PLACEMENT_3D ( 'NONE', #8733, #8106, #10751 ) ;
#4395 = ORIENTED_EDGE ( 'NONE', *, *, #2977, .F. ) ;
#4396 = EDGE_CURVE ( 'NONE', #5093, #9287, #3190, .T. ) ;
#4397 = ORIENTED_EDGE ( 'NONE', *, *, #2911, .T. ) ;
#4398 = EDGE_CURVE ( 'NONE', #9323, #3229, #7136, .T. ) ;
#4399 = ORIENTED_EDGE ( 'NONE', *, *, #6928, .T. ) ;
#4400 = CARTESIAN_POINT ( 'NONE',  ( 13.51522286944952000, 4.799999999999999822, 0.09999999999999982514 ) ) ;
#4401 = CARTESIAN_POINT ( 'NONE',  ( -16.10000000000000142, 0.5000000000000000000, -4.350000000000000533 ) ) ;
#4402 = DIRECTION ( 'NONE',  ( -0.9848077530122081313, 0.000000000000000000, -0.1736481776669303034 ) ) ;
#4403 = EDGE_CURVE ( 'NONE', #314, #744, #7049, .T. ) ;
#4404 = CARTESIAN_POINT ( 'NONE',  ( -4.880136444336633517, 4.799999999999999822, -2.550000000000000711 ) ) ;
#4405 = VECTOR ( 'NONE', #3550, 1000.000000000000000 ) ;
#4406 = LINE ( 'NONE', #5057, #8213 ) ;
#4407 = PLANE ( 'NONE',  #3338 ) ;
#4408 = VERTEX_POINT ( 'NONE', #10255 ) ;
#4409 = DIRECTION ( 'NONE',  ( -0.000000000000000000, 1.000000000000000000, -0.000000000000000000 ) ) ;
#4410 = LINE ( 'NONE', #7623, #831 ) ;
#4411 = LINE ( 'NONE', #426, #591 ) ;
#4412 = CARTESIAN_POINT ( 'NONE',  ( 10.58647443902025564, 5.799999999999999822, 0.4750000000000004774 ) ) ;
#4413 = EDGE_CURVE ( 'NONE', #6315, #9900, #10875, .T. ) ;
#4414 = VERTEX_POINT ( 'NONE', #8636 ) ;
#4415 = ORIENTED_EDGE ( 'NONE', *, *, #2319, .T. ) ;
#4416 = EDGE_CURVE ( 'NONE', #4108, #6447, #10996, .T. ) ;
#4417 = AXIS2_PLACEMENT_3D ( 'NONE', #6490, #7607, #710 ) ;
#4418 = EDGE_LOOP ( 'NONE', ( #11480, #746, #3380, #3813 ) ) ;
#4419 = VECTOR ( 'NONE', #7390, 1000.000000000000114 ) ;
#4420 = FILL_AREA_STYLE_COLOUR ( '', #5664 ) ;
#4421 = SURFACE_STYLE_USAGE ( .BOTH. , #3450 ) ;
#4422 =( NAMED_UNIT ( * ) SI_UNIT ( $, .STERADIAN. ) SOLID_ANGLE_UNIT ( ) );
#4423 = DIRECTION ( 'NONE',  ( 0.1736481776669312749, 0.000000000000000000, -0.9848077530122079093 ) ) ;
#4424 = LINE ( 'NONE', #4821, #8177 ) ;
#4425 = AXIS2_PLACEMENT_3D ( 'NONE', #11539, #7887, #2602 ) ;
#4426 = ORIENTED_EDGE ( 'NONE', *, *, #9055, .T. ) ;
#4427 = CARTESIAN_POINT ( 'NONE',  ( -2.586474439020264526, 5.799999999999999822, -0.4750000000000000333 ) ) ;
#4428 = PRESENTATION_STYLE_ASSIGNMENT (( #11432 ) ) ;
#4429 = CARTESIAN_POINT ( 'NONE',  ( 16.09999999999999787, 0.000000000000000000, 5.099999999999999645 ) ) ;
#4430 = LINE ( 'NONE', #1126, #8298 ) ;
#4431 = PLANE ( 'NONE',  #1918 ) ;
#4432 = CARTESIAN_POINT ( 'NONE',  ( -10.75398507069330556, 4.799999999999999822, 0.4749999999999995892 ) ) ;
#4433 = CARTESIAN_POINT ( 'NONE',  ( 2.484777130550477331, 5.799999999999999822, -0.1000000000000000056 ) ) ;
#4434 = ORIENTED_EDGE ( 'NONE', *, *, #10538, .T. ) ;
#4435 = CARTESIAN_POINT ( 'NONE',  ( 11.28737418733640752, 4.799999999999999822, -3.500000000000000000 ) ) ;
#4436 = ORIENTED_EDGE ( 'NONE', *, *, #2664, .T. ) ;
#4437 =( NAMED_UNIT ( * ) SI_UNIT ( $, .STERADIAN. ) SOLID_ANGLE_UNIT ( ) );
#4438 = VERTEX_POINT ( 'NONE', #11064 ) ;
#4439 = AXIS2_PLACEMENT_3D ( 'NONE', #1152, #10771, #2108 ) ;
#4440 = ADVANCED_FACE ( 'NONE', ( #7248 ), #3016, .F. ) ;
#4441 = VECTOR ( 'NONE', #6991, 1000.000000000000114 ) ;
#4442 = VECTOR ( 'NONE', #6188, 1000.000000000000000 ) ;
#4443 = PRESENTATION_STYLE_ASSIGNMENT (( #10104 ) ) ;
#4444 = ORIENTED_EDGE ( 'NONE', *, *, #7733, .F. ) ;
#4445 = LINE ( 'NONE', #7545, #789 ) ;
#4446 = VECTOR ( 'NONE', #5362, 1000.000000000000114 ) ;
#4447 = CARTESIAN_POINT ( 'NONE',  ( 14.14999999999999680, 4.799999999999999822, -3.500000000000000444 ) ) ;
#4448 = DIRECTION ( 'NONE',  ( 0.1736481776669307475, 0.000000000000000000, -0.9848077530122080203 ) ) ;
#4449 = AXIS2_PLACEMENT_3D ( 'NONE', #5234, #6106, #10365 ) ;
#4450 = ORIENTED_EDGE ( 'NONE', *, *, #3443, .F. ) ;
#4451 = VERTEX_POINT ( 'NONE', #11201 ) ;
#4452 = DIRECTION ( 'NONE',  ( 0.000000000000000000, 1.000000000000000000, 0.000000000000000000 ) ) ;
#4453 = PLANE ( 'NONE',  #345 ) ;
#4454 = DIRECTION ( 'NONE',  ( -0.9848077530122080203, 0.000000000000000000, -0.1736481776669307475 ) ) ;
#4455 = CARTESIAN_POINT ( 'NONE',  ( -2.234288864959264931, 4.799999999999999822, 3.499999999999999556 ) ) ;
#4456 = ORIENTED_EDGE ( 'NONE', *, *, #1482, .F. ) ;
#4457 = CARTESIAN_POINT ( 'NONE',  ( 1.850000000000000977, 5.799999999999999822, 3.500000000000000444 ) ) ;
#4458 = EDGE_CURVE ( 'NONE', #6447, #2287, #3398, .T. ) ;
#4459 = CARTESIAN_POINT ( 'NONE',  ( -6.349999999999999645, 0.5000000000000000000, 3.810000000000000053 ) ) ;
#4460 = CIRCLE ( 'NONE', #2885, 0.4750000000000005884 ) ;
#4461 = FACE_OUTER_BOUND ( 'NONE', #7755, .T. ) ;
#4462 = VERTEX_POINT ( 'NONE', #8295 ) ;
#4463 = CARTESIAN_POINT ( 'NONE',  ( 16.00000000000000000, 4.799999999999999822, 0.000000000000000000 ) ) ;
#4464 = EDGE_CURVE ( 'NONE', #1499, #5519, #7211, .T. ) ;
#4465 = DIRECTION ( 'NONE',  ( -1.000000000000000000, 0.000000000000000000, 0.000000000000000000 ) ) ;
#4466 = PLANE ( 'NONE',  #721 ) ;
#4467 = VERTEX_POINT ( 'NONE', #5043 ) ;
#4468 = ORIENTED_EDGE ( 'NONE', *, *, #1842, .T. ) ;
#4469 = CARTESIAN_POINT ( 'NONE',  ( 12.71262581266358715, 5.799999999999999822, 3.500000000000000444 ) ) ;
#4470 = CARTESIAN_POINT ( 'NONE',  ( 3.810000000000000941, -15.53639610306789187, 4.035000000000000142 ) ) ;
#4471 = EDGE_CURVE ( 'NONE', #2593, #8688, #11065, .T. ) ;
#4472 = EDGE_LOOP ( 'NONE', ( #10308, #2129, #5631, #2692 ) ) ;
#4473 = DIRECTION ( 'NONE',  ( 0.000000000000000000, 0.000000000000000000, 1.000000000000000000 ) ) ;
#4474 = EDGE_CURVE ( 'NONE', #2652, #1270, #11121, .T. ) ;
#4475 = DIRECTION ( 'NONE',  ( 1.000000000000000000, -0.000000000000000000, -0.000000000000000000 ) ) ;
#4476 = FACE_OUTER_BOUND ( 'NONE', #10524, .T. ) ;
#4477 = CARTESIAN_POINT ( 'NONE',  ( 15.34999999999999609, 0.5000000000000000000, -5.100000000000000533 ) ) ;
#4478 =( NAMED_UNIT ( * ) SI_UNIT ( $, .STERADIAN. ) SOLID_ANGLE_UNIT ( ) );
#4479 = LINE ( 'NONE', #4380, #771 ) ;
#4480 = LINE ( 'NONE', #4412, #8081 ) ;
#4481 = AXIS2_PLACEMENT_3D ( 'NONE', #11371, #9692, #4510 ) ;
#4482 = CARTESIAN_POINT ( 'NONE',  ( 13.94691467762284276, 4.799999999999999822, -3.500000000000000444 ) ) ;
#4483 = ORIENTED_EDGE ( 'NONE', *, *, #218, .T. ) ;
#4484 = CARTESIAN_POINT ( 'NONE',  ( 0.2205331856370010557, 5.799999999999999822, -1.250705846325504966 ) ) ;
#4485 = DIRECTION ( 'NONE',  ( 0.000000000000000000, 1.000000000000000000, 0.000000000000000000 ) ) ;
#4486 = ADVANCED_FACE ( 'NONE', ( #10926 ), #2201, .F. ) ;
#4487 = FACE_OUTER_BOUND ( 'NONE', #1275, .T. ) ;
#4488 = PLANE ( 'NONE',  #7475 ) ;
#4489 = EDGE_LOOP ( 'NONE', ( #9378, #2269, #2672, #2729 ) ) ;
#4490 = EDGE_LOOP ( 'NONE', ( #10866, #3084, #6076, #3317 ) ) ;
#4491 = ORIENTED_EDGE ( 'NONE', *, *, #1392, .F. ) ;
#4492 = EDGE_LOOP ( 'NONE', ( #6480, #9492, #5100, #1029 ) ) ;
#4493 = VECTOR ( 'NONE', #240, 1000.000000000000114 ) ;
#4494 = CARTESIAN_POINT ( 'NONE',  ( -13.55048826559121622, 5.799999999999999822, 0.1000000000000000056 ) ) ;
#4495 = PLANE ( 'NONE',  #148 ) ;
#4496 = SURFACE_STYLE_USAGE ( .BOTH. , #3662 ) ;
#4497 = FACE_OUTER_BOUND ( 'NONE', #7842, .T. ) ;
#4498 = FACE_OUTER_BOUND ( 'NONE', #6622, .T. ) ;
#4499 = VECTOR ( 'NONE', #7556, 1000.000000000000000 ) ;
#4500 = EDGE_LOOP ( 'NONE', ( #7503, #7835, #10330, #3664 ) ) ;
#4501 = CARTESIAN_POINT ( 'NONE',  ( 0.000000000000000000, 0.000000000000000000, 0.000000000000000000 ) ) ;
#4502 = LINE ( 'NONE', #7004, #833 ) ;
#4503 = CARTESIAN_POINT ( 'NONE',  ( 16.09999999999999787, 5.799999999999999822, -5.100000000000000533 ) ) ;
#4504 = CARTESIAN_POINT ( 'NONE',  ( 13.55048826559121444, 1.103909596859301789, -0.09999999999999982514 ) ) ;
#4505 = DIRECTION ( 'NONE',  ( 0.000000000000000000, -1.000000000000000000, -0.000000000000000000 ) ) ;
#4506 = VERTEX_POINT ( 'NONE', #7133 ) ;
#4507 = ORIENTED_EDGE ( 'NONE', *, *, #2213, .F. ) ;
#4508 = ORIENTED_EDGE ( 'NONE', *, *, #11423, .T. ) ;
#4509 = AXIS2_PLACEMENT_3D ( 'NONE', #6597, #1259, #8306 ) ;
#4510 = DIRECTION ( 'NONE',  ( 0.1736481776669298871, 0.000000000000000000, -0.9848077530122082424 ) ) ;
#4511 = VERTEX_POINT ( 'NONE', #725 ) ;
#4512 = VECTOR ( 'NONE', #7175, 1000.000000000000000 ) ;
#4513 = EDGE_CURVE ( 'NONE', #958, #8974, #7340, .T. ) ;
#4514 = EDGE_CURVE ( 'NONE', #5470, #3807, #7167, .T. ) ;
#4515 = FACE_OUTER_BOUND ( 'NONE', #8825, .T. ) ;
#4516 = VECTOR ( 'NONE', #3650, 1000.000000000000000 ) ;
#4517 = DIRECTION ( 'NONE',  ( 0.1736481776669298871, 0.000000000000000000, -0.9848077530122082424 ) ) ;
#4518 = VERTEX_POINT ( 'NONE', #9595 ) ;
#4519 = LINE ( 'NONE', #1416, #8513 ) ;
#4520 = MANIFOLD_SOLID_BREP ( 'LPattern3[5]', #4566 ) ;
#4521 = LINE ( 'NONE', #7344, #742 ) ;
#4522 = CARTESIAN_POINT ( 'NONE',  ( 2.484777130550477331, 4.799999999999999822, -0.1000000000000000056 ) ) ;
#4523 = ORIENTED_EDGE ( 'NONE', *, *, #2766, .F. ) ;
#4524 =( GEOMETRIC_REPRESENTATION_CONTEXT ( 3 ) GLOBAL_UNCERTAINTY_ASSIGNED_CONTEXT ( ( #8557 ) ) GLOBAL_UNIT_ASSIGNED_CONTEXT ( ( #10307, #9261, #4923 ) ) REPRESENTATION_CONTEXT ( 'NONE', 'WORKASPACE' ) );
#4525 = ORIENTED_EDGE ( 'NONE', *, *, #10370, .T. ) ;
#4527 = ORIENTED_EDGE ( 'NONE', *, *, #1392, .T. ) ;
#4526 =( NAMED_UNIT ( * ) PLANE_ANGLE_UNIT ( ) SI_UNIT ( $, .RADIAN. ) );
#4528 = PLANE ( 'NONE',  #7727 ) ;
#4529 = PLANE ( 'NONE',  #162 ) ;
#4530 = ORIENTED_EDGE ( 'NONE', *, *, #5373, .F. ) ;
#4531 = EDGE_CURVE ( 'NONE', #3174, #3028, #3220, .T. ) ;
#4532 = PRESENTATION_STYLE_ASSIGNMENT (( #1173 ) ) ;
#4533 = PLANE ( 'NONE',  #8053 ) ;
#4534 = AXIS2_PLACEMENT_3D ( 'NONE', #4584, #7204, #1043 ) ;
#4535 = ADVANCED_FACE ( 'NONE', ( #3342 ), #5285, .T. ) ;
#4536 = MECHANICAL_DESIGN_GEOMETRIC_PRESENTATION_REPRESENTATION (  '', ( #9314 ), #11220 ) ;
#4537 = CARTESIAN_POINT ( 'NONE',  ( 9.599511734408782360, 1.103909596859301789, 0.09999999999999982514 ) ) ;
#4538 = LINE ( 'NONE', #11116, #4382 ) ;
#4539 = EDGE_CURVE ( 'NONE', #2805, #3218, #11099, .T. ) ;
#4540 = LINE ( 'NONE', #2025, #810 ) ;
#4541 = VECTOR ( 'NONE', #6369, 1000.000000000000000 ) ;
#4542 = ORIENTED_EDGE ( 'NONE', *, *, #350, .T. ) ;
#4543 = ORIENTED_EDGE ( 'NONE', *, *, #2868, .F. ) ;
#4544 = DIRECTION ( 'NONE',  ( 0.000000000000000000, 1.000000000000000000, 0.000000000000000000 ) ) ;
#4545 = VECTOR ( 'NONE', #1774, 1000.000000000000000 ) ;
#4546 = DIRECTION ( 'NONE',  ( -0.1736481776669302757, 0.000000000000000000, 0.9848077530122080203 ) ) ;
#4547 = DIRECTION ( 'NONE',  ( -1.000000000000000000, -0.000000000000000000, -2.072739447398754025E-16 ) ) ;
#4548 = ORIENTED_EDGE ( 'NONE', *, *, #5129, .F. ) ;
#4549 = ORIENTED_EDGE ( 'NONE', *, *, #2889, .F. ) ;
#4550 = VERTEX_POINT ( 'NONE', #7064 ) ;
#4551 = DIRECTION ( 'NONE',  ( 2.072739447398754025E-16, 0.000000000000000000, 1.000000000000000000 ) ) ;
#4552 = EDGE_CURVE ( 'NONE', #5714, #5036, #7280, .T. ) ;
#4553 = SURFACE_STYLE_USAGE ( .BOTH. , #5543 ) ;
#4554 = CARTESIAN_POINT ( 'NONE',  ( 3.119863555663366483, 4.799999999999999822, -2.550000000000000711 ) ) ;
#4555 = CARTESIAN_POINT ( 'NONE',  ( -13.41352556097974436, 1.103909596859301789, 0.4750000000000004774 ) ) ;
#4556 = CARTESIAN_POINT ( 'NONE',  ( 16.09999999999999787, 5.799999999999999822, 5.099999999999999645 ) ) ;
#4557 = FACE_OUTER_BOUND ( 'NONE', #4859, .T. ) ;
#4558 = LINE ( 'NONE', #2218, #755 ) ;
#4559 = VERTEX_POINT ( 'NONE', #797 ) ;
#4560 = ORIENTED_EDGE ( 'NONE', *, *, #5328, .T. ) ;
#4561 = EDGE_CURVE ( 'NONE', #597, #516, #7119, .T. ) ;
#4562 = DIRECTION ( 'NONE',  ( 0.1736481776669307753, 0.000000000000000000, -0.9848077530122080203 ) ) ;
#4563 = AXIS2_PLACEMENT_3D ( 'NONE', #8427, #2087, #6462 ) ;
#4564 = PRESENTATION_STYLE_ASSIGNMENT (( #4067 ) ) ;
#4565 = DIRECTION ( 'NONE',  ( 2.072739447398754025E-16, 0.000000000000000000, 1.000000000000000000 ) ) ;
#4566 = CLOSED_SHELL ( 'NONE', ( #6507, #5822, #9962, #206 ) ) ;
#4567 = CARTESIAN_POINT ( 'NONE',  ( 12.91571113504073587, 5.799999999999999822, 3.499999999999999556 ) ) ;
#4568 = EDGE_LOOP ( 'NONE', ( #10243, #1607, #6618, #6416 ) ) ;
#4569 = ORIENTED_EDGE ( 'NONE', *, *, #8939, .F. ) ;
#4570 = AXIS2_PLACEMENT_3D ( 'NONE', #50, #5640, #1851 ) ;
#4571 = VECTOR ( 'NONE', #8695, 1000.000000000000114 ) ;
#4572 = DIRECTION ( 'NONE',  ( 0.000000000000000000, 1.000000000000000000, 0.000000000000000000 ) ) ;
#4573 = DIRECTION ( 'NONE',  ( 0.1736481776669313026, 0.000000000000000000, -0.9848077530122079093 ) ) ;
#4574 = CARTESIAN_POINT ( 'NONE',  ( -1.000000000000002665, 4.799999999999999822, 3.025000000000000799 ) ) ;
#4575 = VECTOR ( 'NONE', #9060, 1000.000000000000000 ) ;
#4576 = FACE_OUTER_BOUND ( 'NONE', #7260, .T. ) ;
#4577 = VERTEX_POINT ( 'NONE', #2735 ) ;
#4578 = ORIENTED_EDGE ( 'NONE', *, *, #9788, .F. ) ;
#4579 = DIRECTION ( 'NONE',  ( 0.000000000000000000, 0.000000000000000000, 1.000000000000000000 ) ) ;
#4580 = VECTOR ( 'NONE', #3390, 1000.000000000000000 ) ;
#4581 = ADVANCED_FACE ( 'NONE', ( #3492 ), #7869, .F. ) ;
#4582 = DIRECTION ( 'NONE',  ( 0.1736481776669313026, -0.000000000000000000, -0.9848077530122079093 ) ) ;
#4583 = VECTOR ( 'NONE', #8886, 1000.000000000000000 ) ;
#4584 = CARTESIAN_POINT ( 'NONE',  ( -9.850000000000003197, 1.103909596859301789, -3.500000000000000444 ) ) ;
#4585 = PLANE ( 'NONE',  #6781 ) ;
#4586 = ORIENTED_EDGE ( 'NONE', *, *, #8917, .T. ) ;
#4587 = CLOSED_SHELL ( 'NONE', ( #2375, #11352, #4960, #8654, #9011, #4271 ) ) ;
#4588 = EDGE_LOOP ( 'NONE', ( #6773, #2161, #3387, #7402 ) ) ;
#4589 = FILL_AREA_STYLE_COLOUR ( '', #2669 ) ;
#4590 = MANIFOLD_SOLID_BREP ( 'LPattern2[1]', #9390 ) ;
#4591 = DIRECTION ( 'NONE',  ( 0.1736481776669313026, -0.000000000000000000, -0.9848077530122079093 ) ) ;
#4592 = LINE ( 'NONE', #10093, #4493 ) ;
#4593 = STYLED_ITEM ( 'NONE', ( #3454 ), #6365 ) ;
#4594 = COLOUR_RGB ( '',0.7921568627450980005, 0.8196078431372548767, 0.9333333333333333481 ) ;
#4595 = AXIS2_PLACEMENT_3D ( 'NONE', #1162, #6278, #232 ) ;
#4596 = DIRECTION ( 'NONE',  ( 1.000000000000000000, 0.000000000000000000, -2.072739447398754025E-16 ) ) ;
#4597 = EDGE_CURVE ( 'NONE', #7047, #1001, #7412, .T. ) ;
#4598 = ORIENTED_EDGE ( 'NONE', *, *, #11301, .F. ) ;
#4599 = ORIENTED_EDGE ( 'NONE', *, *, #9041, .T. ) ;
#4600 = LINE ( 'NONE', #1528, #590 ) ;
#4601 = DIRECTION ( 'NONE',  ( 0.000000000000000000, 0.000000000000000000, -1.000000000000000000 ) ) ;
#4602 = EDGE_CURVE ( 'NONE', #8498, #5419, #7651, .T. ) ;
#4603 = ORIENTED_EDGE ( 'NONE', *, *, #6187, .T. ) ;
#4604 = VERTEX_POINT ( 'NONE', #10500 ) ;
#4606 = ORIENTED_EDGE ( 'NONE', *, *, #9497, .F. ) ;
#4605 = CARTESIAN_POINT ( 'NONE',  ( -16.10000000000000142, 0.000000000000000000, -5.100000000000000533 ) ) ;
#4607 = CARTESIAN_POINT ( 'NONE',  ( -3.809999999999999609, -15.53639610306789187, -4.035000000000001030 ) ) ;
#4608 = DIRECTION ( 'NONE',  ( -0.000000000000000000, 1.000000000000000000, 0.000000000000000000 ) ) ;
#4609 = DIRECTION ( 'NONE',  ( 1.000000000000000000, 0.000000000000000000, 0.000000000000000000 ) ) ;
#4610 = EDGE_CURVE ( 'NONE', #7882, #4098, #3581, .T. ) ;
#4611 = PLANE ( 'NONE',  #10302 ) ;
#4612 = VECTOR ( 'NONE', #80, 1000.000000000000000 ) ;
#4613 = ORIENTED_EDGE ( 'NONE', *, *, #7069, .T. ) ;
#4614 = ORIENTED_EDGE ( 'NONE', *, *, #1916, .F. ) ;
#4615 = EDGE_CURVE ( 'NONE', #1791, #9793, #7734, .T. ) ;
#4616 = VECTOR ( 'NONE', #7142, 1000.000000000000000 ) ;
#4617 = CARTESIAN_POINT ( 'NONE',  ( -11.11986355566337181, 5.799999999999999822, 2.550000000000000711 ) ) ;
#4618 = CARTESIAN_POINT ( 'NONE',  ( -11.11986355566337181, 5.799999999999999822, 2.550000000000000711 ) ) ;
#4619 = VERTEX_POINT ( 'NONE', #4270 ) ;
#4620 = ORIENTED_EDGE ( 'NONE', *, *, #10584, .T. ) ;
#4621 = ORIENTED_EDGE ( 'NONE', *, *, #2347, .T. ) ;
#4622 = CARTESIAN_POINT ( 'NONE',  ( 24.00000000000000000, 4.799999999999999822, 0.000000000000000000 ) ) ;
#4623 = DIRECTION ( 'NONE',  ( 1.000000000000000000, 0.000000000000000000, -2.072739447398762653E-16 ) ) ;
#4624 = CARTESIAN_POINT ( 'NONE',  ( 6.999999999999997335, 5.799999999999999822, 3.025000000000000799 ) ) ;
#4625 = AXIS2_PLACEMENT_3D ( 'NONE', #1650, #8583, #2609 ) ;
#4626 = DIRECTION ( 'NONE',  ( -4.280484862959055418E-16, 0.000000000000000000, -1.000000000000000000 ) ) ;
#4627 = FACE_OUTER_BOUND ( 'NONE', #7643, .T. ) ;
#4628 = ADVANCED_FACE ( 'NONE', ( #63 ), #11429, .F. ) ;
#4629 = CARTESIAN_POINT ( 'NONE',  ( 13.76571113504073551, 5.799999999999999822, 3.499999999999999556 ) ) ;
#4630 = CARTESIAN_POINT ( 'NONE',  ( -13.55048826559121622, 4.799999999999999822, 0.1000000000000000056 ) ) ;
#4631 = CARTESIAN_POINT ( 'NONE',  ( -2.586474439020264526, 5.799999999999999822, -0.4750000000000000333 ) ) ;
#4632 = LINE ( 'NONE', #2699, #4575 ) ;
#4633 = CARTESIAN_POINT ( 'NONE',  ( 6.350000000000001421, -7.450000000000000178, -4.035000000000001030 ) ) ;
#4634 = ORIENTED_EDGE ( 'NONE', *, *, #4552, .F. ) ;
#4635 = ORIENTED_EDGE ( 'NONE', *, *, #5585, .T. ) ;
#4636 = CARTESIAN_POINT ( 'NONE',  ( 11.11986355566336648, 4.799999999999999822, -2.550000000000000711 ) ) ;
#4637 = CARTESIAN_POINT ( 'NONE',  ( 6.365222869449519649, 4.799999999999999822, 0.1000000000000000056 ) ) ;
#4638 = VECTOR ( 'NONE', #6757, 1000.000000000000000 ) ;
#4639 = LINE ( 'NONE', #11232, #8537 ) ;
#4640 = CARTESIAN_POINT ( 'NONE',  ( -13.41352556097974436, 4.799999999999999822, 0.4750000000000004774 ) ) ;
#4641 = EDGE_CURVE ( 'NONE', #3491, #9811, #3600, .T. ) ;
#4642 = EDGE_CURVE ( 'NONE', #1344, #8283, #3561, .T. ) ;
#4643 = VERTEX_POINT ( 'NONE', #4061 ) ;
#4644 = DIRECTION ( 'NONE',  ( 0.000000000000000000, -0.000000000000000000, -1.000000000000000000 ) ) ;
#4645 = ORIENTED_EDGE ( 'NONE', *, *, #10610, .T. ) ;
#4646 = ORIENTED_EDGE ( 'NONE', *, *, #9074, .T. ) ;
#4647 = VECTOR ( 'NONE', #1602, 1000.000000000000000 ) ;
#4648 = CARTESIAN_POINT ( 'NONE',  ( -5.765711135040744395, 4.799999999999999822, -3.500000000000000444 ) ) ;
#4649 = DIRECTION ( 'NONE',  ( -1.000000000000000000, -0.000000000000000000, -2.072739447398758462E-16 ) ) ;
#4650 = CARTESIAN_POINT ( 'NONE',  ( -5.765711135040744395, 4.799999999999999822, -3.500000000000000444 ) ) ;
#4651 = VECTOR ( 'NONE', #3171, 1000.000000000000000 ) ;
#4652 = VECTOR ( 'NONE', #10157, 1000.000000000000000 ) ;
#4653 = ORIENTED_EDGE ( 'NONE', *, *, #6034, .F. ) ;
#4654 = VERTEX_POINT ( 'NONE', #4982 ) ;
#4655 = DIRECTION ( 'NONE',  ( 0.000000000000000000, 0.000000000000000000, 1.000000000000000000 ) ) ;
#4656 = PRESENTATION_STYLE_ASSIGNMENT (( #9370 ) ) ;
#4657 = DIRECTION ( 'NONE',  ( 0.1736481776669298871, 0.000000000000000000, -0.9848077530122082424 ) ) ;
#4658 = LINE ( 'NONE', #2510, #8380 ) ;
#4659 = AXIS2_PLACEMENT_3D ( 'NONE', #1044, #7269, #2828 ) ;
#4660 = FILL_AREA_STYLE_COLOUR ( '', #1117 ) ;
#4661 = AXIS2_PLACEMENT_3D ( 'NONE', #183, #10809, #8166 ) ;
#4662 = DIRECTION ( 'NONE',  ( -0.1736481776669302757, 0.000000000000000000, 0.9848077530122080203 ) ) ;
#4663 = VERTEX_POINT ( 'NONE', #1274 ) ;
#4664 = EDGE_CURVE ( 'NONE', #3421, #3064, #11488, .T. ) ;
#4665 = EDGE_LOOP ( 'NONE', ( #5277, #1814, #1465, #853 ) ) ;
#4666 = VERTEX_POINT ( 'NONE', #495 ) ;
#4667 = ORIENTED_EDGE ( 'NONE', *, *, #869, .T. ) ;
#4668 = PLANE ( 'NONE',  #4563 ) ;
#4669 = CARTESIAN_POINT ( 'NONE',  ( -10.75398507069330556, 5.799999999999999822, 0.4749999999999995892 ) ) ;
#4670 = DIRECTION ( 'NONE',  ( 2.072739447398754025E-16, 0.000000000000000000, -1.000000000000000000 ) ) ;
#4671 = LINE ( 'NONE', #3804, #728 ) ;
#4672 = AXIS2_PLACEMENT_3D ( 'NONE', #4081, #8343, #10141 ) ;
#4673 = LINE ( 'NONE', #1463, #8570 ) ;
#4674 = DIRECTION ( 'NONE',  ( 0.000000000000000000, 0.000000000000000000, 1.000000000000000000 ) ) ;
#4675 = VERTEX_POINT ( 'NONE', #7408 ) ;
#4676 = ORIENTED_EDGE ( 'NONE', *, *, #5521, .F. ) ;
#4677 = ADVANCED_FACE ( 'NONE', ( #3543 ), #11017, .T. ) ;
#4678 = VECTOR ( 'NONE', #7944, 1000.000000000000000 ) ;
#4679 = EDGE_CURVE ( 'NONE', #9036, #4705, #7692, .T. ) ;
#4680 = AXIS2_PLACEMENT_3D ( 'NONE', #3994, #6623, #4068 ) ;
#4681 = ORIENTED_EDGE ( 'NONE', *, *, #1544, .T. ) ;
#4682 = ORIENTED_EDGE ( 'NONE', *, *, #8846, .F. ) ;
#4683 = ORIENTED_EDGE ( 'NONE', *, *, #4416, .T. ) ;
#4684 = ORIENTED_EDGE ( 'NONE', *, *, #1777, .T. ) ;
#4685 = EDGE_CURVE ( 'NONE', #7685, #10446, #10, .T. ) ;
#4686 = CARTESIAN_POINT ( 'NONE',  ( 10.75398507069330023, 5.799999999999999822, -0.4749999999999988676 ) ) ;
#4687 = CARTESIAN_POINT ( 'NONE',  ( -2.449511734408785113, 4.799999999999999822, -0.09999999999999982514 ) ) ;
#4688 = DIRECTION ( 'NONE',  ( 0.000000000000000000, 1.000000000000000000, -0.000000000000000000 ) ) ;
#4689 = DIRECTION ( 'NONE',  ( 0.1736481776669313026, 0.000000000000000000, -0.9848077530122079093 ) ) ;
#4690 = LINE ( 'NONE', #3368, #8397 ) ;
#4691 = CARTESIAN_POINT ( 'NONE',  ( 13.77940404594980173, 4.799999999999999822, -2.550000000000000711 ) ) ;
#4692 = FACE_OUTER_BOUND ( 'NONE', #10343, .T. ) ;
#4693 = LINE ( 'NONE', #9853, #4442 ) ;
#4694 = ORIENTED_EDGE ( 'NONE', *, *, #2167, .F. ) ;
#4695 = ORIENTED_EDGE ( 'NONE', *, *, #2306, .T. ) ;
#4696 = FACE_OUTER_BOUND ( 'NONE', #5336, .T. ) ;
#4697 = LINE ( 'NONE', #508, #8575 ) ;
#4698 = DIRECTION ( 'NONE',  ( 1.000000000000000000, 0.000000000000000000, -0.000000000000000000 ) ) ;
#4699 = CARTESIAN_POINT ( 'NONE',  ( 5.413525560979735474, 5.799999999999999822, -0.4750000000000000333 ) ) ;
#4700 = ORIENTED_EDGE ( 'NONE', *, *, #4372, .F. ) ;
#4701 = ORIENTED_EDGE ( 'NONE', *, *, #11369, .F. ) ;
#4702 = ORIENTED_EDGE ( 'NONE', *, *, #100, .F. ) ;
#4703 = CARTESIAN_POINT ( 'NONE',  ( -2.753985070693306003, 5.799999999999999822, 0.4749999999999995892 ) ) ;
#4704 = DIRECTION ( 'NONE',  ( 0.000000000000000000, 0.000000000000000000, -1.000000000000000000 ) ) ;
#4705 = VERTEX_POINT ( 'NONE', #3903 ) ;
#4706 = DIRECTION ( 'NONE',  ( -0.000000000000000000, 1.000000000000000000, -0.000000000000000000 ) ) ;
#4707 = EDGE_CURVE ( 'NONE', #10849, #8234, #7511, .T. ) ;
#4708 = PRESENTATION_LAYER_ASSIGNMENT (  '', '', ( #9717 ) ) ;
#4709 = VECTOR ( 'NONE', #6133, 1000.000000000000000 ) ;
#4710 = SURFACE_SIDE_STYLE ('',( #8486 ) ) ;
#4711 = CARTESIAN_POINT ( 'NONE',  ( -2.220595954050198717, 1.103909596859301789, -2.550000000000000711 ) ) ;
#4712 = SURFACE_STYLE_FILL_AREA ( #5639 ) ;
#4713 = DIRECTION ( 'NONE',  ( 1.000000000000000000, -0.000000000000000000, -0.000000000000000000 ) ) ;
#4714 = CARTESIAN_POINT ( 'NONE',  ( -10.05308532237715724, 5.799999999999999822, -3.500000000000000444 ) ) ;
#4715 = ORIENTED_EDGE ( 'NONE', *, *, #1932, .T. ) ;
#4716 = ORIENTED_EDGE ( 'NONE', *, *, #1370, .F. ) ;
#4717 = DIRECTION ( 'NONE',  ( 0.1736481776669307475, 0.000000000000000000, -0.9848077530122080203 ) ) ;
#4718 = CARTESIAN_POINT ( 'NONE',  ( 14.14999999999999680, 5.799999999999999822, -3.500000000000000444 ) ) ;
#4719 = VECTOR ( 'NONE', #11166, 999.9999999999998863 ) ;
#4720 = CARTESIAN_POINT ( 'NONE',  ( -5.946914677622851642, 5.799999999999999822, 3.500000000000000444 ) ) ;
#4721 = MECHANICAL_DESIGN_GEOMETRIC_PRESENTATION_REPRESENTATION (  '', ( #9486 ), #6262 ) ;
#4722 = AXIS2_PLACEMENT_3D ( 'NONE', #4463, #8054, #7231 ) ;
#4723 = VERTEX_POINT ( 'NONE', #10284 ) ;
#4724 = DIRECTION ( 'NONE',  ( 0.000000000000000000, 0.000000000000000000, -1.000000000000000000 ) ) ;
#4725 = ORIENTED_EDGE ( 'NONE', *, *, #9616, .F. ) ;
#4726 = EDGE_LOOP ( 'NONE', ( #10223, #2778 ) ) ;
#4727 = ORIENTED_EDGE ( 'NONE', *, *, #242, .F. ) ;
#4728 = LINE ( 'NONE', #1251, #560 ) ;
#4729 = EDGE_CURVE ( 'NONE', #2655, #1058, #3655, .T. ) ;
#4730 = ADVANCED_FACE ( 'NONE', ( #11353 ), #8408, .F. ) ;
#4731 = CARTESIAN_POINT ( 'NONE',  ( -2.484777130550480884, 5.799999999999999822, 0.09999999999999982514 ) ) ;
#4732 = DIRECTION ( 'NONE',  ( 0.000000000000000000, 0.000000000000000000, -1.000000000000000000 ) ) ;
#4733 = PRESENTATION_STYLE_ASSIGNMENT (( #8536 ) ) ;
#4734 = DIRECTION ( 'NONE',  ( 0.000000000000000000, -0.000000000000000000, 1.000000000000000000 ) ) ;
#4735 = EDGE_LOOP ( 'NONE', ( #10356, #2052, #11098, #10817 ) ) ;
#4736 = EDGE_LOOP ( 'NONE', ( #8063, #9235 ) ) ;
#4737 = DIRECTION ( 'NONE',  ( 0.000000000000000000, -1.000000000000000000, 0.000000000000000000 ) ) ;
#4738 = CARTESIAN_POINT ( 'NONE',  ( 2.586474439020256089, 4.799999999999999822, 0.4750000000000004774 ) ) ;
#4739 = FACE_OUTER_BOUND ( 'NONE', #1522, .T. ) ;
#4740 = CARTESIAN_POINT ( 'NONE',  ( 9.634777130550475022, 1.103909596859301789, -0.09999999999999982514 ) ) ;
#4741 = PLANE ( 'NONE',  #6065 ) ;
#4742 = DIRECTION ( 'NONE',  ( 0.000000000000000000, 0.000000000000000000, -1.000000000000000000 ) ) ;
#4743 = DIRECTION ( 'NONE',  ( 0.000000000000000000, 1.000000000000000000, 0.000000000000000000 ) ) ;
#4744 = ORIENTED_EDGE ( 'NONE', *, *, #4729, .F. ) ;
#4745 = ORIENTED_EDGE ( 'NONE', *, *, #4388, .F. ) ;
#4746 = AXIS2_PLACEMENT_3D ( 'NONE', #4152, #2153, #8415 ) ;
#4747 = CLOSED_SHELL ( 'NONE', ( #3734, #1565, #2840, #10957 ) ) ;
#4748 = EDGE_LOOP ( 'NONE', ( #2434, #10619, #1377, #5452 ) ) ;
#4749 = EDGE_CURVE ( 'NONE', #4378, #8419, #7798, .T. ) ;
#4750 = CARTESIAN_POINT ( 'NONE',  ( -6.999999999999999112, 4.799999999999999822, 3.500000000000000444 ) ) ;
#4751 = DIRECTION ( 'NONE',  ( 0.9848077530122080203, -0.000000000000000000, 0.1736481776669313026 ) ) ;
#4752 = DIRECTION ( 'NONE',  ( 0.000000000000000000, 0.000000000000000000, 1.000000000000000000 ) ) ;
#4753 = EDGE_CURVE ( 'NONE', #3526, #6561, #11312, .T. ) ;
#4754 = COLOUR_RGB ( '',0.7529411764705882248, 0.000000000000000000, 0.000000000000000000 ) ;
#4755 = AXIS2_PLACEMENT_3D ( 'NONE', #372, #4452, #1307 ) ;
#4756 = DIRECTION ( 'NONE',  ( 0.1736481776669313026, 0.000000000000000000, -0.9848077530122079093 ) ) ;
#4757 = ORIENTED_EDGE ( 'NONE', *, *, #6625, .T. ) ;
#4758 = ORIENTED_EDGE ( 'NONE', *, *, #655, .T. ) ;
#4759 = CARTESIAN_POINT ( 'NONE',  ( -13.51522286944952356, 5.799999999999999822, -0.1000000000000000056 ) ) ;
#4760 = SURFACE_STYLE_FILL_AREA ( #3178 ) ;
#4761 = SURFACE_STYLE_FILL_AREA ( #5798 ) ;
#4762 = ORIENTED_EDGE ( 'NONE', *, *, #3500, .F. ) ;
#4763 = ORIENTED_EDGE ( 'NONE', *, *, #7473, .T. ) ;
#4765 = EDGE_LOOP ( 'NONE', ( #9174, #7596, #5255, #925 ) ) ;
#4764 = PLANE ( 'NONE',  #4755 ) ;
#4766 = ORIENTED_EDGE ( 'NONE', *, *, #2817, .F. ) ;
#4767 = PLANE ( 'NONE',  #5387 ) ;
#4768 = CARTESIAN_POINT ( 'NONE',  ( -2.234288864959264931, 4.799999999999999822, 3.499999999999999556 ) ) ;
#4769 = CARTESIAN_POINT ( 'NONE',  ( 10.48477713055047822, 5.799999999999999822, -0.1000000000000000056 ) ) ;
#4770 = CARTESIAN_POINT ( 'NONE',  ( 2.234288864959256049, 4.799999999999999822, -3.500000000000000444 ) ) ;
#4771 = CARTESIAN_POINT ( 'NONE',  ( 10.44951173440878378, 4.799999999999999822, 0.1000000000000000056 ) ) ;
#4772 = CARTESIAN_POINT ( 'NONE',  ( 1.270000000000000240, -15.53639610306789187, 3.584999999999999964 ) ) ;
#4773 = LINE ( 'NONE', #10992, #4362 ) ;
#4774 = SURFACE_STYLE_FILL_AREA ( #9805 ) ;
#4775 = ORIENTED_EDGE ( 'NONE', *, *, #7863, .T. ) ;
#4776 = VERTEX_POINT ( 'NONE', #7486 ) ;
#4777 = ADVANCED_FACE ( 'NONE', ( #7471 ), #10880, .F. ) ;
#4778 = LINE ( 'NONE', #907, #9026 ) ;
#4779 = CARTESIAN_POINT ( 'NONE',  ( 9.000000000000001776, 4.799999999999999822, 3.500000000000000444 ) ) ;
#4780 = DIRECTION ( 'NONE',  ( 2.072739447398754025E-16, 0.000000000000000000, -1.000000000000000000 ) ) ;
#4781 = CARTESIAN_POINT ( 'NONE',  ( -1.000000000000002665, 5.799999999999999822, 3.025000000000000799 ) ) ;
#4782 = VERTEX_POINT ( 'NONE', #11086 ) ;
#4783 = ORIENTED_EDGE ( 'NONE', *, *, #3512, .F. ) ;
#4784 = VERTEX_POINT ( 'NONE', #182 ) ;
#4785 = FILL_AREA_STYLE ('',( #2198 ) ) ;
#4786 = ORIENTED_EDGE ( 'NONE', *, *, #4263, .F. ) ;
#4787 = DIRECTION ( 'NONE',  ( -1.630660900174878325E-16, 0.000000000000000000, -1.000000000000000000 ) ) ;
#4788 = EDGE_CURVE ( 'NONE', #6177, #5499, #11293, .T. ) ;
#4789 = DIRECTION ( 'NONE',  ( 0.000000000000000000, -1.000000000000000000, 0.000000000000000000 ) ) ;
#4790 = VECTOR ( 'NONE', #133, 1000.000000000000114 ) ;
#4791 = DIRECTION ( 'NONE',  ( -0.9848077530122079093, 0.000000000000000000, -0.1736481776669316635 ) ) ;
#4792 = SURFACE_STYLE_USAGE ( .BOTH. , #5134 ) ;
#4793 = LINE ( 'NONE', #5477, #4814 ) ;
#4794 = CARTESIAN_POINT ( 'NONE',  ( -11.11986355566337181, 4.799999999999999822, 2.550000000000000711 ) ) ;
#4795 = ORIENTED_EDGE ( 'NONE', *, *, #5226, .T. ) ;
#4796 = ORIENTED_EDGE ( 'NONE', *, *, #2254, .T. ) ;
#4797 = DIRECTION ( 'NONE',  ( 1.000000000000000000, 0.000000000000000000, -2.072739447398762653E-16 ) ) ;
#4798 = CARTESIAN_POINT ( 'NONE',  ( -9.634777130550480351, 1.103909596859301789, 0.1000000000000000056 ) ) ;
#4799 = CARTESIAN_POINT ( 'NONE',  ( 12.88013644433662819, 5.799999999999999822, 2.550000000000000711 ) ) ;
#4800 = CLOSED_SHELL ( 'NONE', ( #4029, #6132, #5579, #5964 ) ) ;
#4801 = AXIS2_PLACEMENT_3D ( 'NONE', #8115, #10760, #7960 ) ;
#4802 = CARTESIAN_POINT ( 'NONE',  ( 13.24601492930669444, 5.799999999999999822, 0.4749999999999995892 ) ) ;
#4803 = ORIENTED_EDGE ( 'NONE', *, *, #1456, .T. ) ;
#4804 = EDGE_LOOP ( 'NONE', ( #9102, #9178, #8322, #4803 ) ) ;
#4805 = ORIENTED_EDGE ( 'NONE', *, *, #5968, .T. ) ;
#4806 = EDGE_CURVE ( 'NONE', #3824, #3057, #3875, .T. ) ;
#4807 = DIRECTION ( 'NONE',  ( 0.1736481776669298316, 0.000000000000000000, -0.9848077530122082424 ) ) ;
#4808 = AXIS2_PLACEMENT_3D ( 'NONE', #9847, #5379, #2611 ) ;
#4809 = DIRECTION ( 'NONE',  ( -0.000000000000000000, 1.000000000000000000, -0.000000000000000000 ) ) ;
#4810 = AXIS2_PLACEMENT_3D ( 'NONE', #1575, #1436, #5069 ) ;
#4811 = FILL_AREA_STYLE_COLOUR ( '', #3644 ) ;
#4812 = VECTOR ( 'NONE', #7271, 1000.000000000000000 ) ;
#4813 = EDGE_CURVE ( 'NONE', #4891, #4577, #11329, .T. ) ;
#4814 = VECTOR ( 'NONE', #7048, 1000.000000000000000 ) ;
#4815 = DIRECTION ( 'NONE',  ( 0.000000000000000000, 0.000000000000000000, 1.000000000000000000 ) ) ;
#4816 = VERTEX_POINT ( 'NONE', #10033 ) ;
#4817 = ORIENTED_EDGE ( 'NONE', *, *, #7086, .F. ) ;
#4818 =( LENGTH_UNIT ( ) NAMED_UNIT ( * ) SI_UNIT ( .MILLI., .METRE. ) );
#4819 = VECTOR ( 'NONE', #8089, 1000.000000000000000 ) ;
#4820 = CARTESIAN_POINT ( 'NONE',  ( 14.36522286944951965, 4.799999999999999822, 0.1000000000000000056 ) ) ;
#4821 = CARTESIAN_POINT ( 'NONE',  ( -5.246014929306701546, 5.799999999999999822, -0.4749999999999989231 ) ) ;
#4822 = CARTESIAN_POINT ( 'NONE',  ( 0.000000000000000000, 0.000000000000000000, 0.000000000000000000 ) ) ;
#4823 = DIRECTION ( 'NONE',  ( -0.000000000000000000, 1.000000000000000000, -0.000000000000000000 ) ) ;
#4824 = ORIENTED_EDGE ( 'NONE', *, *, #4403, .T. ) ;
#4825 = ORIENTED_EDGE ( 'NONE', *, *, #802, .F. ) ;
#4826 = VERTEX_POINT ( 'NONE', #2070 ) ;
#4827 = ORIENTED_EDGE ( 'NONE', *, *, #3034, .T. ) ;
#4828 = EDGE_CURVE ( 'NONE', #10281, #2955, #7587, .T. ) ;
#4829 = CARTESIAN_POINT ( 'NONE',  ( 14.36522286944951965, 5.799999999999999822, 0.1000000000000000056 ) ) ;
#4830 = CARTESIAN_POINT ( 'NONE',  ( 10.58647443902025564, 4.799999999999999822, 0.4750000000000004774 ) ) ;
#4831 = DIRECTION ( 'NONE',  ( 1.000000000000000000, 0.000000000000000000, 0.000000000000000000 ) ) ;
#4832 = DIRECTION ( 'NONE',  ( 0.000000000000000000, 0.000000000000000000, 1.000000000000000000 ) ) ;
#4833 = ADVANCED_FACE ( 'NONE', ( #3896 ), #9245, .F. ) ;
#4834 = EDGE_CURVE ( 'NONE', #10757, #10583, #11509, .T. ) ;
#4835 = LINE ( 'NONE', #8034, #1085 ) ;
#4836 = FACE_OUTER_BOUND ( 'NONE', #569, .T. ) ;
#4837 = CARTESIAN_POINT ( 'NONE',  ( 13.51522286944952000, 5.799999999999999822, 0.09999999999999982514 ) ) ;
#4838 = ORIENTED_EDGE ( 'NONE', *, *, #9857, .T. ) ;
#4839 = ORIENTED_EDGE ( 'NONE', *, *, #5345, .T. ) ;
#4840 = CARTESIAN_POINT ( 'NONE',  ( -15.35000000000000320, 0.000000000000000000, 5.100000000000000533 ) ) ;
#4841 = EDGE_CURVE ( 'NONE', #9439, #10386, #3775, .T. ) ;
#4842 = FACE_OUTER_BOUND ( 'NONE', #5058, .T. ) ;
#4843 = AXIS2_PLACEMENT_3D ( 'NONE', #3306, #4181, #9582 ) ;
#4844 = FACE_BOUND ( 'NONE', #10990, .T. ) ;
#4845 = DIRECTION ( 'NONE',  ( -1.630660900174879311E-16, 0.000000000000000000, -1.000000000000000000 ) ) ;
#4846 = ORIENTED_EDGE ( 'NONE', *, *, #7056, .T. ) ;
#4847 = ORIENTED_EDGE ( 'NONE', *, *, #4119, .F. ) ;
#4848 = ORIENTED_EDGE ( 'NONE', *, *, #3112, .F. ) ;
#4849 = ORIENTED_EDGE ( 'NONE', *, *, #6070, .T. ) ;
#4850 = DIRECTION ( 'NONE',  ( 1.000000000000000000, 0.000000000000000000, 0.000000000000000000 ) ) ;
#4851 = DIRECTION ( 'NONE',  ( 0.000000000000000000, 0.000000000000000000, -1.000000000000000000 ) ) ;
#4852 = CARTESIAN_POINT ( 'NONE',  ( 5.946914677622842760, 4.799999999999999822, -3.500000000000000444 ) ) ;
#4853 = DIRECTION ( 'NONE',  ( 0.000000000000000000, 0.000000000000000000, -1.000000000000000000 ) ) ;
#4854 = CARTESIAN_POINT ( 'NONE',  ( -11.28737418733641285, 4.799999999999999822, 3.500000000000000444 ) ) ;
#4855 = FACE_OUTER_BOUND ( 'NONE', #5525, .T. ) ;
#4856 = LINE ( 'NONE', #6287, #1111 ) ;
#4857 = LINE ( 'NONE', #5780, #1088 ) ;
#4858 = ORIENTED_EDGE ( 'NONE', *, *, #14, .F. ) ;
#4859 = EDGE_LOOP ( 'NONE', ( #5168, #4682, #2633, #2480 ) ) ;
#4860 = VECTOR ( 'NONE', #7839, 1000.000000000000114 ) ;
#4861 = FACE_BOUND ( 'NONE', #6328, .T. ) ;
#4862 = CARTESIAN_POINT ( 'NONE',  ( -6.149999999999999467, 1.103909596859301789, 3.500000000000000444 ) ) ;
#4863 = EDGE_CURVE ( 'NONE', #1644, #1178, #11531, .T. ) ;
#4864 = AXIS2_PLACEMENT_3D ( 'NONE', #355, #9337, #6548 ) ;
#4865 = DIRECTION ( 'NONE',  ( -1.000000000000000000, 0.000000000000000000, 1.630660900174878325E-16 ) ) ;
#4866 = EDGE_LOOP ( 'NONE', ( #9185, #416 ) ) ;
#4867 = ORIENTED_EDGE ( 'NONE', *, *, #9369, .F. ) ;
#4868 = VERTEX_POINT ( 'NONE', #6030 ) ;
#4869 = PLANE ( 'NONE',  #3736 ) ;
#4870 = DIRECTION ( 'NONE',  ( 0.000000000000000000, 1.000000000000000000, 0.000000000000000000 ) ) ;
#4871 = ORIENTED_EDGE ( 'NONE', *, *, #9240, .T. ) ;
#4872 = DIRECTION ( 'NONE',  ( 0.000000000000000000, 1.000000000000000000, 0.000000000000000000 ) ) ;
#4873 = DIRECTION ( 'NONE',  ( 2.072739447398762653E-16, 0.000000000000000000, 1.000000000000000000 ) ) ;
#4874 = CARTESIAN_POINT ( 'NONE',  ( -1.269999999999999352, -7.450000000000000178, 3.810000000000000053 ) ) ;
#4875 = CARTESIAN_POINT ( 'NONE',  ( -2.234288864959264931, 4.799999999999999822, 3.500000000000000000 ) ) ;
#4876 = AXIS2_PLACEMENT_3D ( 'NONE', #2859, #1242, #5608 ) ;
#4877 = VECTOR ( 'NONE', #1758, 1000.000000000000000 ) ;
#4878 = AXIS2_PLACEMENT_3D ( 'NONE', #3095, #4873, #6671 ) ;
#4879 = DIRECTION ( 'NONE',  ( -1.000000000000000000, 0.000000000000000000, 1.630660900174878325E-16 ) ) ;
#4880 = ORIENTED_EDGE ( 'NONE', *, *, #523, .F. ) ;
#4881 = EDGE_LOOP ( 'NONE', ( #5380, #8959 ) ) ;
#4882 = CARTESIAN_POINT ( 'NONE',  ( -3.119863555663371812, 5.799999999999999822, 2.550000000000000711 ) ) ;
#4883 = PLANE ( 'NONE',  #5552 ) ;
#4884 = LINE ( 'NONE', #8410, #8954 ) ;
#4885 = ADVANCED_FACE ( 'NONE', ( #3818 ), #7714, .T. ) ;
#4886 = FACE_BOUND ( 'NONE', #9739, .T. ) ;
#4887 = CARTESIAN_POINT ( 'NONE',  ( 1.270000000000000240, -7.450000000000000178, 3.584999999999999964 ) ) ;
#4888 = ADVANCED_FACE ( 'NONE', ( #25 ), #5067, .F. ) ;
#4889 = EDGE_CURVE ( 'NONE', #9119, #3627, #11451, .T. ) ;
#4890 = DIRECTION ( 'NONE',  ( 0.000000000000000000, 1.000000000000000000, 0.000000000000000000 ) ) ;
#4891 = VERTEX_POINT ( 'NONE', #666 ) ;
#4892 = CARTESIAN_POINT ( 'NONE',  ( -13.77940404594980883, 4.799999999999999822, 2.550000000000001155 ) ) ;
#4893 = ORIENTED_EDGE ( 'NONE', *, *, #9014, .T. ) ;
#4894 = CARTESIAN_POINT ( 'NONE',  ( -16.10000000000000142, 5.799999999999999822, 5.099999999999999645 ) ) ;
#4895 = EDGE_LOOP ( 'NONE', ( #2834, #1838, #425, #4578 ) ) ;
#4896 = AXIS2_PLACEMENT_3D ( 'NONE', #521, #4162, #4756 ) ;
#4897 = EDGE_LOOP ( 'NONE', ( #8566, #4912, #8710, #1098 ) ) ;
#4898 = DIRECTION ( 'NONE',  ( 0.000000000000000000, -1.000000000000000000, 0.000000000000000000 ) ) ;
#4899 = VECTOR ( 'NONE', #10854, 1000.000000000000000 ) ;
#4900 = CIRCLE ( 'NONE', #1685, 0.2249999999999999500 ) ;
#4901 = LINE ( 'NONE', #2286, #8841 ) ;
#4902 = DIRECTION ( 'NONE',  ( 0.000000000000000000, -1.000000000000000000, -0.000000000000000000 ) ) ;
#4903 = AXIS2_PLACEMENT_3D ( 'NONE', #3046, #6872, #3479 ) ;
#4904 = EDGE_LOOP ( 'NONE', ( #3518, #10313 ) ) ;
#4905 = ORIENTED_EDGE ( 'NONE', *, *, #7192, .T. ) ;
#4906 = FACE_OUTER_BOUND ( 'NONE', #83, .T. ) ;
#4907 = DIRECTION ( 'NONE',  ( 0.000000000000000000, 1.000000000000000000, 0.000000000000000000 ) ) ;
#4908 = EDGE_CURVE ( 'NONE', #890, #2743, #3617, .T. ) ;
#4909 = CARTESIAN_POINT ( 'NONE',  ( 13.41352556097973547, 4.799999999999999822, -0.4749999999999999778 ) ) ;
#4910 = DIRECTION ( 'NONE',  ( -1.000000000000000000, 0.000000000000000000, 1.630660900174879311E-16 ) ) ;
#4911 = ORIENTED_EDGE ( 'NONE', *, *, #2766, .T. ) ;
#4912 = ORIENTED_EDGE ( 'NONE', *, *, #11015, .F. ) ;
#4913 = EDGE_CURVE ( 'NONE', #11459, #6406, #3636, .T. ) ;
#4914 = ORIENTED_EDGE ( 'NONE', *, *, #2968, .T. ) ;
#4915 = ORIENTED_EDGE ( 'NONE', *, *, #3034, .F. ) ;
#4916 = ADVANCED_FACE ( 'NONE', ( #3527 ), #5151, .T. ) ;
#4917 = AXIS2_PLACEMENT_3D ( 'NONE', #2376, #8749, #5076 ) ;
#4918 = DIRECTION ( 'NONE',  ( -0.000000000000000000, 1.000000000000000000, -0.000000000000000000 ) ) ;
#4919 =( NAMED_UNIT ( * ) SI_UNIT ( $, .STERADIAN. ) SOLID_ANGLE_UNIT ( ) );
#4920 = DIRECTION ( 'NONE',  ( -1.000000000000000000, 0.000000000000000000, -2.072739447398754025E-16 ) ) ;
#4921 = VECTOR ( 'NONE', #1688, 1000.000000000000000 ) ;
#4922 = LINE ( 'NONE', #4482, #8876 ) ;
#4923 =( NAMED_UNIT ( * ) SI_UNIT ( $, .STERADIAN. ) SOLID_ANGLE_UNIT ( ) );
#4924 = DIRECTION ( 'NONE',  ( -0.1736481776669312749, 0.000000000000000000, 0.9848077530122079093 ) ) ;
#4925 = VERTEX_POINT ( 'NONE', #8741 ) ;
#4926 = LINE ( 'NONE', #8321, #5094 ) ;
#4927 = DIRECTION ( 'NONE',  ( 0.000000000000000000, -0.000000000000000000, -1.000000000000000000 ) ) ;
#4928 = VECTOR ( 'NONE', #6869, 1000.000000000000114 ) ;
#4929 = EDGE_LOOP ( 'NONE', ( #10399, #1076, #76, #4702 ) ) ;
#4930 = ORIENTED_EDGE ( 'NONE', *, *, #2088, .F. ) ;
#4932 = ORIENTED_EDGE ( 'NONE', *, *, #2126, .F. ) ;
#4931 = DIRECTION ( 'NONE',  ( 1.000000000000000000, 0.000000000000000000, -0.000000000000000000 ) ) ;
#4933 = ORIENTED_EDGE ( 'NONE', *, *, #2533, .F. ) ;
#4934 = DIRECTION ( 'NONE',  ( 0.000000000000000000, 0.000000000000000000, 1.000000000000000000 ) ) ;
#4935 = CARTESIAN_POINT ( 'NONE',  ( 0.000000000000000000, 5.799999999999999822, 0.000000000000000000 ) ) ;
#4936 = ADVANCED_FACE ( 'NONE', ( #7535 ), #11377, .T. ) ;
#4937 = CARTESIAN_POINT ( 'NONE',  ( 24.00000000000000000, 5.799999999999999822, 0.000000000000000000 ) ) ;
#4938 = DIRECTION ( 'NONE',  ( 0.000000000000000000, -1.000000000000000000, -0.000000000000000000 ) ) ;
#4939 =( NAMED_UNIT ( * ) SI_UNIT ( $, .STERADIAN. ) SOLID_ANGLE_UNIT ( ) );
#4940 = ADVANCED_FACE ( 'NONE', ( #11239 ), #9291, .T. ) ;
#4941 = DIRECTION ( 'NONE',  ( 0.1736481776669307753, 0.000000000000000000, -0.9848077530122080203 ) ) ;
#4942 = CARTESIAN_POINT ( 'NONE',  ( 0.000000000000000000, 5.799999999999999822, 0.000000000000000000 ) ) ;
#4943 = FACE_OUTER_BOUND ( 'NONE', #7857, .T. ) ;
#4944 = LINE ( 'NONE', #11007, #1164 ) ;
#4945 = ORIENTED_EDGE ( 'NONE', *, *, #4413, .T. ) ;
#4946 = CIRCLE ( 'NONE', #8165, 0.4750000000000005884 ) ;
#4947 = FACE_BOUND ( 'NONE', #4306, .T. ) ;
#4948 = AXIS2_PLACEMENT_3D ( 'NONE', #9605, #4047, #9685 ) ;
#4949 = CARTESIAN_POINT ( 'NONE',  ( -13.55048826559121622, 4.799999999999999822, 0.1000000000000000056 ) ) ;
#4950 = VERTEX_POINT ( 'NONE', #9219 ) ;
#4951 = EDGE_CURVE ( 'NONE', #4197, #5559, #7397, .T. ) ;
#4952 = ORIENTED_EDGE ( 'NONE', *, *, #359, .F. ) ;
#4953 = EDGE_CURVE ( 'NONE', #8264, #9741, #11257, .T. ) ;
#4954 = EDGE_LOOP ( 'NONE', ( #3056, #4839, #9352, #8179 ) ) ;
#4955 = DIRECTION ( 'NONE',  ( -0.1736481776669302757, 0.000000000000000000, 0.9848077530122080203 ) ) ;
#4956 = DIRECTION ( 'NONE',  ( 1.000000000000000000, 0.000000000000000000, 0.000000000000000000 ) ) ;
#4957 = VERTEX_POINT ( 'NONE', #312 ) ;
#4958 = DIRECTION ( 'NONE',  ( -0.000000000000000000, -1.000000000000000000, -0.000000000000000000 ) ) ;
#4959 = DIRECTION ( 'NONE',  ( 0.9848077530122080203, -0.000000000000000000, 0.1736481776669307753 ) ) ;
#4960 = ADVANCED_FACE ( 'NONE', ( #7432 ), #11135, .T. ) ;
#4961 = CARTESIAN_POINT ( 'NONE',  ( 6.999999999999997335, 4.799999999999999822, 3.025000000000000799 ) ) ;
#4962 = LINE ( 'NONE', #9671, #4921 ) ;
#4963 = SURFACE_SIDE_STYLE ('',( #7129 ) ) ;
#4964 = CARTESIAN_POINT ( 'NONE',  ( -5.946914677622851642, 5.799999999999999822, 3.500000000000000444 ) ) ;
#4965 = ORIENTED_EDGE ( 'NONE', *, *, #250, .T. ) ;
#4966 = UNCERTAINTY_MEASURE_WITH_UNIT (LENGTH_MEASURE( 1.000000000000000082E-05 ), #7548, 'distance_accuracy_value', 'NONE');
#4967 = DIRECTION ( 'NONE',  ( 0.000000000000000000, 1.000000000000000000, 0.000000000000000000 ) ) ;
#4969 = AXIS2_PLACEMENT_3D ( 'NONE', #3145, #9563, #4927 ) ;
#4968 = DIRECTION ( 'NONE',  ( -0.1736481776669307753, 0.000000000000000000, 0.9848077530122080203 ) ) ;
#4970 = LINE ( 'NONE', #1039, #8759 ) ;
#4971 = SURFACE_SIDE_STYLE ('',( #826 ) ) ;
#4972 = EDGE_CURVE ( 'NONE', #5610, #1739, #11373, .T. ) ;
#4973 = AXIS2_PLACEMENT_3D ( 'NONE', #1460, #6816, #4017 ) ;
#4974 = ORIENTED_EDGE ( 'NONE', *, *, #5505, .F. ) ;
#4975 = ORIENTED_EDGE ( 'NONE', *, *, #9986, .T. ) ;
#4976 = VERTEX_POINT ( 'NONE', #10855 ) ;
#4977 = AXIS2_PLACEMENT_3D ( 'NONE', #2261, #10326, #4853 ) ;
#4978 = ORIENTED_EDGE ( 'NONE', *, *, #9113, .T. ) ;
#4979 = EDGE_CURVE ( 'NONE', #7168, #3057, #11430, .T. ) ;
#4980 = EDGE_CURVE ( 'NONE', #8601, #4957, #7858, .T. ) ;
#4981 = CARTESIAN_POINT ( 'NONE',  ( 8.000000000000000000, 5.799999999999999822, 0.000000000000000000 ) ) ;
#4982 = CARTESIAN_POINT ( 'NONE',  ( 14.99999999999999822, 4.799999999999999822, -3.500000000000000444 ) ) ;
#4983 = DIRECTION ( 'NONE',  ( 1.000000000000000000, 0.000000000000000000, -2.072739447398754025E-16 ) ) ;
#4984 = FACE_OUTER_BOUND ( 'NONE', #4736, .T. ) ;
#4985 = CARTESIAN_POINT ( 'NONE',  ( -9.000000000000003553, 4.799999999999999822, -3.500000000000000444 ) ) ;
#4986 = ORIENTED_EDGE ( 'NONE', *, *, #3243, .T. ) ;
#4987 = EDGE_CURVE ( 'NONE', #10730, #4217, #8175, .T. ) ;
#4988 = VECTOR ( 'NONE', #7936, 1000.000000000000000 ) ;
#4989 = ADVANCED_FACE ( 'NONE', ( #4109 ), #5840, .T. ) ;
#4990 = CARTESIAN_POINT ( 'NONE',  ( 5.779404045949801727, 4.799999999999999822, -2.550000000000000711 ) ) ;
#4991 = FACE_BOUND ( 'NONE', #2835, .T. ) ;
#4992 = EDGE_LOOP ( 'NONE', ( #5367, #8579 ) ) ;
#4993 = ADVANCED_FACE ( 'NONE', ( #302 ), #6501, .T. ) ;
#4994 = CARTESIAN_POINT ( 'NONE',  ( -13.24601492930670155, 4.799999999999999822, -0.4749999999999989231 ) ) ;
#4995 = CARTESIAN_POINT ( 'NONE',  ( 6.999999999999997335, 1.103909596859301789, 2.550000000000000266 ) ) ;
#4996 = ORIENTED_EDGE ( 'NONE', *, *, #11036, .T. ) ;
#4997 = ORIENTED_EDGE ( 'NONE', *, *, #4513, .T. ) ;
#4998 = EDGE_CURVE ( 'NONE', #4550, #9884, #4013, .T. ) ;
#4999 = ORIENTED_EDGE ( 'NONE', *, *, #5393, .F. ) ;
#5000 = ORIENTED_EDGE ( 'NONE', *, *, #6112, .T. ) ;
#5001 = PLANE ( 'NONE',  #1942 ) ;
#5002 = EDGE_CURVE ( 'NONE', #8726, #7666, #141, .T. ) ;
#5003 = AXIS2_PLACEMENT_3D ( 'NONE', #4459, #5384, #8050 ) ;
#5004 = PLANE ( 'NONE',  #8504 ) ;
#5005 = VECTOR ( 'NONE', #8021, 1000.000000000000000 ) ;
#5006 = CARTESIAN_POINT ( 'NONE',  ( -1.634777130550480573, 4.799999999999999822, 0.1000000000000000056 ) ) ;
#5007 = FACE_OUTER_BOUND ( 'NONE', #8878, .T. ) ;
#5008 = LINE ( 'NONE', #8305, #1185 ) ;
#5009 = DIRECTION ( 'NONE',  ( -0.000000000000000000, 1.000000000000000000, -0.000000000000000000 ) ) ;
#5010 = CARTESIAN_POINT ( 'NONE',  ( -5.515222869449522669, 4.799999999999999822, -0.1000000000000000056 ) ) ;
#5011 = ORIENTED_EDGE ( 'NONE', *, *, #10784, .F. ) ;
#5012 = LINE ( 'NONE', #7197, #8880 ) ;
#5013 = CARTESIAN_POINT ( 'NONE',  ( -1.599511734408786801, 4.799999999999999822, -0.1000000000000000056 ) ) ;
#5014 = EDGE_LOOP ( 'NONE', ( #11540, #7502, #5018, #9160 ) ) ;
#5015 = ORIENTED_EDGE ( 'NONE', *, *, #3300, .F. ) ;
#5016 = ORIENTED_EDGE ( 'NONE', *, *, #669, .T. ) ;
#5017 = ORIENTED_EDGE ( 'NONE', *, *, #11198, .T. ) ;
#5018 = ORIENTED_EDGE ( 'NONE', *, *, #8896, .F. ) ;
#5019 = ADVANCED_FACE ( 'NONE', ( #7890 ), #2939, .F. ) ;
#5020 = CARTESIAN_POINT ( 'NONE',  ( -3.809999999999999609, -15.53639610306789187, 3.810000000000000053 ) ) ;
#5021 = DIRECTION ( 'NONE',  ( -1.000000000000000000, 0.000000000000000000, 1.630660900174879311E-16 ) ) ;
#5022 = CARTESIAN_POINT ( 'NONE',  ( 1.270000000000000240, -15.53639610306789187, -3.810000000000000941 ) ) ;
#5023 = FACE_OUTER_BOUND ( 'NONE', #161, .T. ) ;
#5024 = DIRECTION ( 'NONE',  ( 1.000000000000000000, 0.000000000000000000, -2.072739447398762653E-16 ) ) ;
#5025 = AXIS2_PLACEMENT_3D ( 'NONE', #4331, #1680, #6975 ) ;
#5026 = CARTESIAN_POINT ( 'NONE',  ( 10.48477713055047822, 5.799999999999999822, -0.1000000000000000056 ) ) ;
#5027 = DIRECTION ( 'NONE',  ( -1.000000000000000000, -0.000000000000000000, -2.072739447398754025E-16 ) ) ;
#5028 = LINE ( 'NONE', #9901, #4790 ) ;
#5029 = FACE_OUTER_BOUND ( 'NONE', #8725, .T. ) ;
#5030 = ORIENTED_EDGE ( 'NONE', *, *, #8451, .F. ) ;
#5031 = LINE ( 'NONE', #8008, #9045 ) ;
#5032 = DIRECTION ( 'NONE',  ( 0.000000000000000000, -1.000000000000000000, -0.000000000000000000 ) ) ;
#5033 = ORIENTED_EDGE ( 'NONE', *, *, #1777, .F. ) ;
#5034 = MANIFOLD_SOLID_BREP ( 'Boss-Extrude2[7]', #1641 ) ;
#5035 = CARTESIAN_POINT ( 'NONE',  ( -13.51522286944952356, 4.799999999999999822, -0.1000000000000000056 ) ) ;
#5036 = VERTEX_POINT ( 'NONE', #4703 ) ;
#5037 = ORIENTED_EDGE ( 'NONE', *, *, #7670, .T. ) ;
#5038 = AXIS2_PLACEMENT_3D ( 'NONE', #9617, #5953, #9466 ) ;
#5039 = EDGE_LOOP ( 'NONE', ( #7684, #2596, #9361, #10517 ) ) ;
#5040 = CARTESIAN_POINT ( 'NONE',  ( -3.084288864959265020, 1.103909596859301789, 3.499999999999999556 ) ) ;
#5041 = DIRECTION ( 'NONE',  ( 0.9848077530122079093, -0.000000000000000000, 0.1736481776669313026 ) ) ;
#5042 = ORIENTED_EDGE ( 'NONE', *, *, #8929, .F. ) ;
#5043 = CARTESIAN_POINT ( 'NONE',  ( -12.88013644433663352, 4.799999999999999822, -2.550000000000000711 ) ) ;
#5044 = ADVANCED_FACE ( 'NONE', ( #4308 ), #4869, .T. ) ;
#5045 = SURFACE_SIDE_STYLE ('',( #4760 ) ) ;
#5046 = PLANE ( 'NONE',  #8807 ) ;
#5047 = EDGE_CURVE ( 'NONE', #7436, #8256, #4033, .T. ) ;
#5048 = VECTOR ( 'NONE', #3881, 1000.000000000000000 ) ;
#5049 = DIRECTION ( 'NONE',  ( -0.000000000000000000, 1.000000000000000000, -0.000000000000000000 ) ) ;
#5050 = CARTESIAN_POINT ( 'NONE',  ( -5.246014929306701546, 4.799999999999999822, -0.4749999999999989231 ) ) ;
#5051 = FACE_OUTER_BOUND ( 'NONE', #2886, .T. ) ;
#5052 = ORIENTED_EDGE ( 'NONE', *, *, #10251, .T. ) ;
#5053 = DIRECTION ( 'NONE',  ( 0.000000000000000000, 0.000000000000000000, 1.000000000000000000 ) ) ;
#5054 = CARTESIAN_POINT ( 'NONE',  ( -1.850000000000002753, 5.799999999999999822, -3.500000000000000444 ) ) ;
#5055 = VECTOR ( 'NONE', #11299, 1000.000000000000000 ) ;
#5056 = FACE_BOUND ( 'NONE', #1277, .T. ) ;
#5057 = CARTESIAN_POINT ( 'NONE',  ( -9.850000000000003197, 5.799999999999999822, -3.500000000000000444 ) ) ;
#5058 = EDGE_LOOP ( 'NONE', ( #7566, #10850, #2760, #7608 ) ) ;
#5059 = EDGE_CURVE ( 'NONE', #4241, #9964, #478, .T. ) ;
#5060 = ORIENTED_EDGE ( 'NONE', *, *, #3900, .F. ) ;
#5061 = DIRECTION ( 'NONE',  ( 1.000000000000000000, 0.000000000000000000, -3.465154412871613544E-16 ) ) ;
#5062 = VERTEX_POINT ( 'NONE', #8499 ) ;
#5063 = ORIENTED_EDGE ( 'NONE', *, *, #11463, .T. ) ;
#5064 = EDGE_LOOP ( 'NONE', ( #10536, #10768, #6959, #9758 ) ) ;
#5065 = CARTESIAN_POINT ( 'NONE',  ( -14.40048826559121942, 5.799999999999999822, 0.09999999999999982514 ) ) ;
#5066 = EDGE_CURVE ( 'NONE', #3421, #9646, #438, .T. ) ;
#5067 = PLANE ( 'NONE',  #5038 ) ;
#5068 = ADVANCED_FACE ( 'NONE', ( #336 ), #400, .T. ) ;
#5069 = DIRECTION ( 'NONE',  ( 1.000000000000000000, 0.000000000000000000, -3.465154412871614037E-16 ) ) ;
#5070 = LINE ( 'NONE', #10999, #5048 ) ;
#5071 = COLOUR_RGB ( '',0.7529411764705882248, 0.000000000000000000, 0.000000000000000000 ) ;
#5072 = EDGE_CURVE ( 'NONE', #8303, #8286, #7907, .T. ) ;
#5073 = ORIENTED_EDGE ( 'NONE', *, *, #5521, .T. ) ;
#5074 = CIRCLE ( 'NONE', #5793, 0.2250000000000003664 ) ;
#5075 = STYLED_ITEM ( 'NONE', ( #7038 ), #2289 ) ;
#5076 = DIRECTION ( 'NONE',  ( 0.000000000000000000, 0.000000000000000000, -1.000000000000000000 ) ) ;
#5077 = FACE_BOUND ( 'NONE', #9937, .T. ) ;
#5078 = EDGE_LOOP ( 'NONE', ( #2515, #6374, #6608, #5989 ) ) ;
#5079 =( LENGTH_UNIT ( ) NAMED_UNIT ( * ) SI_UNIT ( .MILLI., .METRE. ) );
#5080 = CARTESIAN_POINT ( 'NONE',  ( -1.269999999999999352, -7.450000000000000178, 3.584999999999999964 ) ) ;
#5081 = CARTESIAN_POINT ( 'NONE',  ( 14.99999999999999822, 5.799999999999999822, -3.500000000000000444 ) ) ;
#5082 = ORIENTED_EDGE ( 'NONE', *, *, #678, .T. ) ;
#5083 = ORIENTED_EDGE ( 'NONE', *, *, #5386, .F. ) ;
#5084 =( LENGTH_UNIT ( ) NAMED_UNIT ( * ) SI_UNIT ( .MILLI., .METRE. ) );
#5085 = ORIENTED_EDGE ( 'NONE', *, *, #3278, .F. ) ;
#5086 = ORIENTED_EDGE ( 'NONE', *, *, #705, .F. ) ;
#5087 = DIRECTION ( 'NONE',  ( 0.000000000000000000, 0.000000000000000000, 1.000000000000000000 ) ) ;
#5088 = CARTESIAN_POINT ( 'NONE',  ( 3.287374187336407516, 4.799999999999999822, -3.500000000000000000 ) ) ;
#5089 = DIRECTION ( 'NONE',  ( 0.000000000000000000, -0.000000000000000000, 1.000000000000000000 ) ) ;
#5090 = VECTOR ( 'NONE', #791, 1000.000000000000114 ) ;
#5091 = DIRECTION ( 'NONE',  ( -1.000000000000000000, 0.000000000000000000, 1.630660900174879311E-16 ) ) ;
#5092 = CARTESIAN_POINT ( 'NONE',  ( 13.76571113504073551, 4.799999999999999822, 3.499999999999999556 ) ) ;
#5093 = VERTEX_POINT ( 'NONE', #7021 ) ;
#5094 = VECTOR ( 'NONE', #2552, 1000.000000000000000 ) ;
#5095 = ADVANCED_FACE ( 'NONE', ( #4053 ), #752, .T. ) ;
#5096 = FACE_BOUND ( 'NONE', #551, .T. ) ;
#5097 = DIRECTION ( 'NONE',  ( 0.1736481776669307753, 0.000000000000000000, -0.9848077530122080203 ) ) ;
#5098 = ORIENTED_EDGE ( 'NONE', *, *, #8896, .T. ) ;
#5099 = ADVANCED_FACE ( 'NONE', ( #7925 ), #4222, .T. ) ;
#5100 = ORIENTED_EDGE ( 'NONE', *, *, #10567, .T. ) ;
#5101 = ORIENTED_EDGE ( 'NONE', *, *, #930, .T. ) ;
#5102 = CLOSED_SHELL ( 'NONE', ( #4071, #4940, #7241, #6320 ) ) ;
#5103 = ORIENTED_EDGE ( 'NONE', *, *, #5066, .F. ) ;
#5104 = DIRECTION ( 'NONE',  ( 0.000000000000000000, 0.000000000000000000, -1.000000000000000000 ) ) ;
#5105 = DIRECTION ( 'NONE',  ( 0.000000000000000000, -0.000000000000000000, 1.000000000000000000 ) ) ;
#5106 = DIRECTION ( 'NONE',  ( 0.000000000000000000, 0.000000000000000000, -1.000000000000000000 ) ) ;
#5107 = CARTESIAN_POINT ( 'NONE',  ( -10.58647443902026453, 1.103909596859301789, -0.4750000000000000333 ) ) ;
#5108 =( GEOMETRIC_REPRESENTATION_CONTEXT ( 3 ) GLOBAL_UNCERTAINTY_ASSIGNED_CONTEXT ( ( #7819 ) ) GLOBAL_UNIT_ASSIGNED_CONTEXT ( ( #10350, #10184, #649 ) ) REPRESENTATION_CONTEXT ( 'NONE', 'WORKASPACE' ) );
#5109 = DIRECTION ( 'NONE',  ( 0.000000000000000000, -0.000000000000000000, 1.000000000000000000 ) ) ;
#5110 = LINE ( 'NONE', #7612, #9076 ) ;
#5111 = EDGE_CURVE ( 'NONE', #5610, #7698, #3996, .T. ) ;
#5112 = LINE ( 'NONE', #8620, #5135 ) ;
#5113 = EDGE_LOOP ( 'NONE', ( #7032, #6966, #11466, #10971 ) ) ;
#5114 = LINE ( 'NONE', #4469, #8990 ) ;
#5115 = FACE_BOUND ( 'NONE', #7385, .T. ) ;
#5116 = ORIENTED_EDGE ( 'NONE', *, *, #4189, .T. ) ;
#5117 = EDGE_LOOP ( 'NONE', ( #7744, #147, #7500, #578 ) ) ;
#5118 = ORIENTED_EDGE ( 'NONE', *, *, #9597, .F. ) ;
#5119 = VERTEX_POINT ( 'NONE', #6704 ) ;
#5120 = DIRECTION ( 'NONE',  ( 0.000000000000000000, 1.000000000000000000, 0.000000000000000000 ) ) ;
#5121 = DIRECTION ( 'NONE',  ( -0.000000000000000000, 1.000000000000000000, -0.000000000000000000 ) ) ;
#5122 = ORIENTED_EDGE ( 'NONE', *, *, #8012, .F. ) ;
#5123 = ADVANCED_FACE ( 'NONE', ( #4070 ), #3411, .T. ) ;
#5124 = CARTESIAN_POINT ( 'NONE',  ( 14.99999999999999822, 5.799999999999999822, 3.025000000000000799 ) ) ;
#5125 = UNCERTAINTY_MEASURE_WITH_UNIT (LENGTH_MEASURE( 1.000000000000000082E-05 ), #8951, 'distance_accuracy_value', 'NONE');
#5126 = PLANE ( 'NONE',  #6646 ) ;
#5127 = STYLED_ITEM ( 'NONE', ( #9149 ), #3594 ) ;
#5128 = CARTESIAN_POINT ( 'NONE',  ( 4.880136444336628188, 5.799999999999999822, 2.550000000000000711 ) ) ;
#5129 = EDGE_CURVE ( 'NONE', #8016, #8459, #4288, .T. ) ;
#5130 = CARTESIAN_POINT ( 'NONE',  ( -14.40048826559121942, 5.799999999999999822, 0.09999999999999982514 ) ) ;
#5131 = FACE_OUTER_BOUND ( 'NONE', #5183, .T. ) ;
#5132 = CARTESIAN_POINT ( 'NONE',  ( 5.550488265591215331, 5.799999999999999822, -0.09999999999999982514 ) ) ;
#5133 = MECHANICAL_DESIGN_GEOMETRIC_PRESENTATION_REPRESENTATION (  '', ( #7072 ), #10428 ) ;
#5134 = SURFACE_SIDE_STYLE ('',( #193 ) ) ;
#5135 = VECTOR ( 'NONE', #1537, 1000.000000000000000 ) ;
#5136 = EDGE_LOOP ( 'NONE', ( #6303, #3536, #7544, #2569 ) ) ;
#5137 = EDGE_CURVE ( 'NONE', #8214, #7618, #282, .T. ) ;
#5138 = DIRECTION ( 'NONE',  ( -0.1736481776669307753, 0.000000000000000000, 0.9848077530122080203 ) ) ;
#5139 = VECTOR ( 'NONE', #2120, 1000.000000000000000 ) ;
#5140 = FACE_BOUND ( 'NONE', #4490, .T. ) ;
#5141 = ORIENTED_EDGE ( 'NONE', *, *, #869, .F. ) ;
#5142 = ORIENTED_EDGE ( 'NONE', *, *, #6146, .F. ) ;
#5143 = ORIENTED_EDGE ( 'NONE', *, *, #7138, .F. ) ;
#5144 = CARTESIAN_POINT ( 'NONE',  ( 10.23428886495925560, 4.799999999999999822, -3.500000000000000444 ) ) ;
#5145 = EDGE_LOOP ( 'NONE', ( #4434, #1421, #5541, #5227 ) ) ;
#5146 = ORIENTED_EDGE ( 'NONE', *, *, #2483, .T. ) ;
#5147 = ADVANCED_FACE ( 'NONE', ( #7946 ), #8666, .F. ) ;
#5148 = EDGE_CURVE ( 'NONE', #6850, #6960, #243, .T. ) ;
#5149 = LINE ( 'NONE', #4427, #9058 ) ;
#5150 = CARTESIAN_POINT ( 'NONE',  ( -16.10000000000000142, 0.000000000000000000, 5.099999999999999645 ) ) ;
#5151 = PLANE ( 'NONE',  #9225 ) ;
#5152 = DIRECTION ( 'NONE',  ( 0.000000000000000000, -0.000000000000000000, 1.000000000000000000 ) ) ;
#5153 = LINE ( 'NONE', #8890, #1144 ) ;
#5154 = CARTESIAN_POINT ( 'NONE',  ( 10.23428886495925560, 4.799999999999999822, -3.500000000000000444 ) ) ;
#5155 = VERTEX_POINT ( 'NONE', #8827 ) ;
#5156 = VECTOR ( 'NONE', #2821, 1000.000000000000000 ) ;
#5157 =( NAMED_UNIT ( * ) PLANE_ANGLE_UNIT ( ) SI_UNIT ( $, .RADIAN. ) );
#5158 = ORIENTED_EDGE ( 'NONE', *, *, #10278, .F. ) ;
#5159 = EDGE_CURVE ( 'NONE', #4511, #1166, #8078, .T. ) ;
#5160 = FILL_AREA_STYLE ('',( #4227 ) ) ;
#5161 = AXIS2_PLACEMENT_3D ( 'NONE', #3649, #10102, #6364 ) ;
#5162 = SURFACE_STYLE_USAGE ( .BOTH. , #9478 ) ;
#5163 = PLANE ( 'NONE',  #4746 ) ;
#5164 = ORIENTED_EDGE ( 'NONE', *, *, #6375, .T. ) ;
#5165 = ORIENTED_EDGE ( 'NONE', *, *, #11217, .F. ) ;
#5166 = PLANE ( 'NONE',  #1808 ) ;
#5167 = ORIENTED_EDGE ( 'NONE', *, *, #4080, .T. ) ;
#5168 = ORIENTED_EDGE ( 'NONE', *, *, #7131, .T. ) ;
#5169 = CARTESIAN_POINT ( 'NONE',  ( -1.000000000000002665, 4.799999999999999822, 2.550000000000000266 ) ) ;
#5170 = DIRECTION ( 'NONE',  ( -0.000000000000000000, -1.000000000000000000, -0.000000000000000000 ) ) ;
#5171 = CARTESIAN_POINT ( 'NONE',  ( -5.413525560979744355, 4.799999999999999822, 0.4750000000000004774 ) ) ;
#5172 = AXIS2_PLACEMENT_3D ( 'NONE', #5359, #1041, #4655 ) ;
#5173 = ADVANCED_FACE ( 'NONE', ( #8000 ), #382, .T. ) ;
#5174 = FACE_OUTER_BOUND ( 'NONE', #9273, .T. ) ;
#5175 = VECTOR ( 'NONE', #10015, 1000.000000000000114 ) ;
#5176 = DIRECTION ( 'NONE',  ( -1.000000000000000000, 0.000000000000000000, 0.000000000000000000 ) ) ;
#5177 = CARTESIAN_POINT ( 'NONE',  ( -6.349999999999999645, -7.450000000000000178, -4.035000000000001030 ) ) ;
#5178 = ORIENTED_EDGE ( 'NONE', *, *, #5386, .T. ) ;
#5179 = VECTOR ( 'NONE', #5465, 1000.000000000000114 ) ;
#5180 = VECTOR ( 'NONE', #3436, 999.9999999999998863 ) ;
#5181 = DIRECTION ( 'NONE',  ( 0.000000000000000000, 0.000000000000000000, 1.000000000000000000 ) ) ;
#5182 = ORIENTED_EDGE ( 'NONE', *, *, #5245, .F. ) ;
#5183 = EDGE_LOOP ( 'NONE', ( #9254, #9313, #8867, #9106 ) ) ;
#5184 = CLOSED_SHELL ( 'NONE', ( #6412, #1279, #9760, #7677, #5302, #9404 ) ) ;
#5185 = ORIENTED_EDGE ( 'NONE', *, *, #7306, .F. ) ;
#5186 = EDGE_LOOP ( 'NONE', ( #3431, #3088 ) ) ;
#5187 = DIRECTION ( 'NONE',  ( -1.000000000000000000, 0.000000000000000000, 1.630660900174878325E-16 ) ) ;
#5188 = CARTESIAN_POINT ( 'NONE',  ( -2.220595954050198717, 4.799999999999999822, -2.550000000000000711 ) ) ;
#5189 = CARTESIAN_POINT ( 'NONE',  ( 2.753985070693298898, 4.799999999999999822, -0.4749999999999989231 ) ) ;
#5190 = DIRECTION ( 'NONE',  ( 0.000000000000000000, 1.000000000000000000, 0.000000000000000000 ) ) ;
#5191 = VECTOR ( 'NONE', #3522, 1000.000000000000000 ) ;
#5192 = DIRECTION ( 'NONE',  ( 0.000000000000000000, 0.000000000000000000, -1.000000000000000000 ) ) ;
#5193 = DIRECTION ( 'NONE',  ( 0.000000000000000000, -0.000000000000000000, 1.000000000000000000 ) ) ;
#5194 = CARTESIAN_POINT ( 'NONE',  ( 2.753985070693298898, 1.103909596859301789, -0.4749999999999989231 ) ) ;
#5195 = CARTESIAN_POINT ( 'NONE',  ( -10.48477713055048000, 5.799999999999999822, 0.09999999999999982514 ) ) ;
#5196 = LINE ( 'NONE', #3456, #9020 ) ;
#5197 = PRESENTATION_STYLE_ASSIGNMENT (( #7394 ) ) ;
#5198 = STYLED_ITEM ( 'NONE', ( #11023 ), #6525 ) ;
#5199 = ORIENTED_EDGE ( 'NONE', *, *, #10195, .T. ) ;
#5200 =( GEOMETRIC_REPRESENTATION_CONTEXT ( 3 ) GLOBAL_UNCERTAINTY_ASSIGNED_CONTEXT ( ( #2545 ) ) GLOBAL_UNIT_ASSIGNED_CONTEXT ( ( #6349, #2630, #8208 ) ) REPRESENTATION_CONTEXT ( 'NONE', 'WORKASPACE' ) );
#5201 = VECTOR ( 'NONE', #7110, 1000.000000000000114 ) ;
#5202 = EDGE_CURVE ( 'NONE', #4146, #935, #4246, .T. ) ;
#5203 = ORIENTED_EDGE ( 'NONE', *, *, #5349, .F. ) ;
#5204 = ADVANCED_FACE ( 'NONE', ( #459 ), #2074, .F. ) ;
#5205 = CARTESIAN_POINT ( 'NONE',  ( -3.084288864959265020, 4.799999999999999822, 3.499999999999999556 ) ) ;
#5206 = ORIENTED_EDGE ( 'NONE', *, *, #6933, .T. ) ;
#5207 = ORIENTED_EDGE ( 'NONE', *, *, #5263, .F. ) ;
#5208 = EDGE_CURVE ( 'NONE', #4241, #5770, #4188, .T. ) ;
#5209 = ORIENTED_EDGE ( 'NONE', *, *, #11424, .T. ) ;
#5210 = ORIENTED_EDGE ( 'NONE', *, *, #11070, .F. ) ;
#5211 = FILL_AREA_STYLE ('',( #1619 ) ) ;
#5212 = CARTESIAN_POINT ( 'NONE',  ( -10.75398507069330556, 4.799999999999999822, 0.4749999999999995892 ) ) ;
#5213 = CARTESIAN_POINT ( 'NONE',  ( -10.58647443902026453, 5.799999999999999822, -0.4750000000000000333 ) ) ;
#5214 = EDGE_CURVE ( 'NONE', #10321, #680, #8193, .T. ) ;
#5215 = CARTESIAN_POINT ( 'NONE',  ( 14.99999999999999822, 4.799999999999999822, -3.500000000000000444 ) ) ;
#5216 = CARTESIAN_POINT ( 'NONE',  ( -6.365222869449524978, 4.799999999999999822, -0.09999999999999982514 ) ) ;
#5217 = LINE ( 'NONE', #1005, #8674 ) ;
#5218 = CARTESIAN_POINT ( 'NONE',  ( -2.484777130550480884, 4.799999999999999822, 0.09999999999999982514 ) ) ;
#5219 = FACE_OUTER_BOUND ( 'NONE', #2362, .T. ) ;
#5220 = EDGE_LOOP ( 'NONE', ( #6352, #10503, #10674, #5967 ) ) ;
#5221 = CARTESIAN_POINT ( 'NONE',  ( 2.753985070693298898, 4.799999999999999822, -0.4749999999999989231 ) ) ;
#5222 = DIRECTION ( 'NONE',  ( 0.000000000000000000, 0.000000000000000000, 1.000000000000000000 ) ) ;
#5223 = VECTOR ( 'NONE', #1992, 1000.000000000000000 ) ;
#5224 = FACE_OUTER_BOUND ( 'NONE', #8638, .T. ) ;
#5225 = ORIENTED_EDGE ( 'NONE', *, *, #2870, .T. ) ;
#5226 = EDGE_CURVE ( 'NONE', #10757, #6331, #123, .T. ) ;
#5227 = ORIENTED_EDGE ( 'NONE', *, *, #164, .T. ) ;
#5228 = DIRECTION ( 'NONE',  ( -0.1736481776669316635, 0.000000000000000000, 0.9848077530122076872 ) ) ;
#5229 = ORIENTED_EDGE ( 'NONE', *, *, #6028, .F. ) ;
#5230 = ORIENTED_EDGE ( 'NONE', *, *, #119, .F. ) ;
#5231 = ORIENTED_EDGE ( 'NONE', *, *, #6660, .F. ) ;
#5232 = ADVANCED_FACE ( 'NONE', ( #8098 ), #5281, .T. ) ;
#5233 = DIRECTION ( 'NONE',  ( 0.000000000000000000, 1.000000000000000000, 0.000000000000000000 ) ) ;
#5234 = CARTESIAN_POINT ( 'NONE',  ( 0.000000000000000000, 4.799999999999999822, 0.000000000000000000 ) ) ;
#5235 = LINE ( 'NONE', #7321, #1567 ) ;
#5236 = CARTESIAN_POINT ( 'NONE',  ( -1.850000000000002753, 4.799999999999999822, -3.500000000000000444 ) ) ;
#5237 = ORIENTED_EDGE ( 'NONE', *, *, #6761, .F. ) ;
#5238 = CIRCLE ( 'NONE', #4661, 0.4750000000000005884 ) ;
#5239 = VERTEX_POINT ( 'NONE', #9727 ) ;
#5240 = CARTESIAN_POINT ( 'NONE',  ( -16.10000000000000142, 0.5000000000000000000, -4.350000000000000533 ) ) ;
#5241 = PLANE ( 'NONE',  #2529 ) ;
#5242 = ORIENTED_EDGE ( 'NONE', *, *, #11031, .T. ) ;
#5243 = EDGE_CURVE ( 'NONE', #11530, #5368, #7837, .T. ) ;
#5244 = VERTEX_POINT ( 'NONE', #7113 ) ;
#5245 = EDGE_CURVE ( 'NONE', #10989, #3006, #420, .T. ) ;
#5246 = CARTESIAN_POINT ( 'NONE',  ( 16.09999999999999787, 0.000000000000000000, -4.350000000000000533 ) ) ;
#5247 = VERTEX_POINT ( 'NONE', #9653 ) ;
#5248 = ORIENTED_EDGE ( 'NONE', *, *, #4908, .T. ) ;
#5249 = ADVANCED_FACE ( 'NONE', ( #4627 ), #6282, .F. ) ;
#5250 = CARTESIAN_POINT ( 'NONE',  ( -4.712625812663592484, 5.799999999999999822, -3.500000000000000000 ) ) ;
#5251 = PLANE ( 'NONE',  #9487 ) ;
#5252 = LINE ( 'NONE', #11074, #5374 ) ;
#5253 = DIRECTION ( 'NONE',  ( -1.000000000000000000, 0.000000000000000000, 4.280484862959055418E-16 ) ) ;
#5254 = DIRECTION ( 'NONE',  ( 2.072739447398754025E-16, -0.000000000000000000, 1.000000000000000000 ) ) ;
#5255 = ORIENTED_EDGE ( 'NONE', *, *, #7827, .T. ) ;
#5256 = LINE ( 'NONE', #8528, #5180 ) ;
#5257 = ORIENTED_EDGE ( 'NONE', *, *, #11481, .T. ) ;
#5258 = EDGE_CURVE ( 'NONE', #3885, #6198, #4690, .T. ) ;
#5259 = AXIS2_PLACEMENT_3D ( 'NONE', #5669, #375, #77 ) ;
#5260 = ORIENTED_EDGE ( 'NONE', *, *, #517, .T. ) ;
#5261 = ORIENTED_EDGE ( 'NONE', *, *, #5066, .T. ) ;
#5262 = ORIENTED_EDGE ( 'NONE', *, *, #2272, .F. ) ;
#5263 = EDGE_CURVE ( 'NONE', #2196, #115, #8630, .T. ) ;
#5264 = CARTESIAN_POINT ( 'NONE',  ( 2.586474439020256089, 4.799999999999999822, 0.4750000000000004774 ) ) ;
#5265 = CARTESIAN_POINT ( 'NONE',  ( 13.55048826559121444, 4.799999999999999822, -0.09999999999999982514 ) ) ;
#5266 = CARTESIAN_POINT ( 'NONE',  ( -2.586474439020264526, 5.799999999999999822, -0.4750000000000000333 ) ) ;
#5267 = CARTESIAN_POINT ( 'NONE',  ( 9.634777130550475022, 5.799999999999999822, -0.09999999999999982514 ) ) ;
#5268 = PLANE ( 'NONE',  #120 ) ;
#5269 = CARTESIAN_POINT ( 'NONE',  ( -5.779404045949807944, 5.799999999999999822, 2.550000000000001155 ) ) ;
#5270 = ADVANCED_FACE ( 'NONE', ( #8442 ), #22, .F. ) ;
#5271 = DIRECTION ( 'NONE',  ( 0.000000000000000000, -1.000000000000000000, -0.000000000000000000 ) ) ;
#5272 = LINE ( 'NONE', #11505, #5704 ) ;
#5273 = VECTOR ( 'NONE', #4713, 1000.000000000000000 ) ;
#5274 = VERTEX_POINT ( 'NONE', #2560 ) ;
#5275 = LINE ( 'NONE', #5409, #1445 ) ;
#5276 = ORIENTED_EDGE ( 'NONE', *, *, #5245, .T. ) ;
#5277 = ORIENTED_EDGE ( 'NONE', *, *, #9586, .F. ) ;
#5278 = ORIENTED_EDGE ( 'NONE', *, *, #1756, .F. ) ;
#5279 = EDGE_CURVE ( 'NONE', #4414, #4559, #8228, .T. ) ;
#5280 = DIRECTION ( 'NONE',  ( 0.000000000000000000, -0.000000000000000000, -1.000000000000000000 ) ) ;
#5281 = PLANE ( 'NONE',  #3884 ) ;
#5282 = AXIS2_PLACEMENT_3D ( 'NONE', #3597, #4505, #5430 ) ;
#5283 = ORIENTED_EDGE ( 'NONE', *, *, #9573, .T. ) ;
#5284 = CARTESIAN_POINT ( 'NONE',  ( -13.77940404594980883, 1.103909596859301789, 2.550000000000001155 ) ) ;
#5285 = PLANE ( 'NONE',  #2244 ) ;
#5286 = CARTESIAN_POINT ( 'NONE',  ( 3.119863555663366483, 5.799999999999999822, -2.550000000000000711 ) ) ;
#5287 = EDGE_CURVE ( 'NONE', #1870, #11056, #750, .T. ) ;
#5288 =( GEOMETRIC_REPRESENTATION_CONTEXT ( 3 ) GLOBAL_UNCERTAINTY_ASSIGNED_CONTEXT ( ( #8712 ) ) GLOBAL_UNIT_ASSIGNED_CONTEXT ( ( #5366, #6018, #6240 ) ) REPRESENTATION_CONTEXT ( 'NONE', 'WORKASPACE' ) );
#5289 = PLANE ( 'NONE',  #11398 ) ;
#5290 = DIRECTION ( 'NONE',  ( 0.000000000000000000, 1.000000000000000000, 0.000000000000000000 ) ) ;
#5291 = DIRECTION ( 'NONE',  ( -1.000000000000000000, -0.000000000000000000, -2.072739447398758462E-16 ) ) ;
#5292 = SURFACE_STYLE_FILL_AREA ( #3244 ) ;
#5293 = PLANE ( 'NONE',  #8370 ) ;
#5294 = CARTESIAN_POINT ( 'NONE',  ( -5.550488265591217107, 5.799999999999999822, 0.1000000000000000056 ) ) ;
#5295 = SURFACE_STYLE_FILL_AREA ( #6513 ) ;
#5296 = ORIENTED_EDGE ( 'NONE', *, *, #8629, .T. ) ;
#5297 = CARTESIAN_POINT ( 'NONE',  ( 10.75398507069329845, 4.799999999999999822, -0.4749999999999989231 ) ) ;
#5298 = CARTESIAN_POINT ( 'NONE',  ( 9.599511734408782360, 4.799999999999999822, 0.09999999999999982514 ) ) ;
#5299 = LINE ( 'NONE', #3227, #9193 ) ;
#5300 = APPLICATION_CONTEXT ( 'automotive_design' ) ;
#5301 = VERTEX_POINT ( 'NONE', #619 ) ;
#5302 = ADVANCED_FACE ( 'NONE', ( #4379 ), #932, .T. ) ;
#5303 = EDGE_LOOP ( 'NONE', ( #1927, #5319, #8847, #1138 ) ) ;
#5304 = ORIENTED_EDGE ( 'NONE', *, *, #6779, .T. ) ;
#5305 = CARTESIAN_POINT ( 'NONE',  ( -5.765711135040744395, 4.799999999999999822, -3.500000000000000444 ) ) ;
#5306 = ORIENTED_EDGE ( 'NONE', *, *, #6146, .T. ) ;
#5307 = DIRECTION ( 'NONE',  ( 0.000000000000000000, 1.000000000000000000, 0.000000000000000000 ) ) ;
#5308 = EDGE_CURVE ( 'NONE', #6850, #8726, #8349, .T. ) ;
#5309 = AXIS2_PLACEMENT_3D ( 'NONE', #2260, #6894, #10480 ) ;
#5310 = DIRECTION ( 'NONE',  ( -1.000000000000000000, 0.000000000000000000, 1.630660900174878325E-16 ) ) ;
#5311 = VECTOR ( 'NONE', #8223, 999.9999999999998863 ) ;
#5312 = DIRECTION ( 'NONE',  ( 0.000000000000000000, 0.000000000000000000, 1.000000000000000000 ) ) ;
#5313 = ORIENTED_EDGE ( 'NONE', *, *, #6218, .T. ) ;
#5314 = FACE_OUTER_BOUND ( 'NONE', #8904, .T. ) ;
#5315 = VERTEX_POINT ( 'NONE', #6890 ) ;
#5316 = SURFACE_STYLE_USAGE ( .BOTH. , #2693 ) ;
#5317 = CARTESIAN_POINT ( 'NONE',  ( -14.40048826559121942, 5.799999999999999822, 0.09999999999999982514 ) ) ;
#5318 =( NAMED_UNIT ( * ) PLANE_ANGLE_UNIT ( ) SI_UNIT ( $, .RADIAN. ) );
#5319 = ORIENTED_EDGE ( 'NONE', *, *, #6375, .F. ) ;
#5320 = ORIENTED_EDGE ( 'NONE', *, *, #10719, .F. ) ;
#5321 = AXIS2_PLACEMENT_3D ( 'NONE', #1363, #4902, #2228 ) ;
#5322 = DIRECTION ( 'NONE',  ( 1.000000000000000000, 0.000000000000000000, -0.000000000000000000 ) ) ;
#5323 = AXIS2_PLACEMENT_3D ( 'NONE', #9065, #6270, #1002 ) ;
#5324 = VERTEX_POINT ( 'NONE', #1531 ) ;
#5325 = ADVANCED_FACE ( 'NONE', ( #690 ), #2404, .T. ) ;
#5326 = CARTESIAN_POINT ( 'NONE',  ( 13.94691467762284276, 4.799999999999999822, -3.500000000000000444 ) ) ;
#5327 = PLANE ( 'NONE',  #2689 ) ;
#5328 = EDGE_CURVE ( 'NONE', #3213, #4145, #767, .T. ) ;
#5329 = FACE_OUTER_BOUND ( 'NONE', #8206, .T. ) ;
#5330 = CARTESIAN_POINT ( 'NONE',  ( 12.70000000000000107, -7.450000000000000178, 0.000000000000000000 ) ) ;
#5331 = DIRECTION ( 'NONE',  ( 1.000000000000000000, 0.000000000000000000, -2.072739447398754025E-16 ) ) ;
#5332 = LINE ( 'NONE', #992, #1676 ) ;
#5333 = ORIENTED_EDGE ( 'NONE', *, *, #10049, .F. ) ;
#5334 = DIRECTION ( 'NONE',  ( 0.1736481776669307753, 0.000000000000000000, -0.9848077530122080203 ) ) ;
#5335 = ORIENTED_EDGE ( 'NONE', *, *, #5002, .T. ) ;
#5336 = EDGE_LOOP ( 'NONE', ( #331, #4763, #5283, #898 ) ) ;
#5337 = CLOSED_SHELL ( 'NONE', ( #3539, #5625, #5992, #638, #838, #4535 ) ) ;
#5338 = CARTESIAN_POINT ( 'NONE',  ( -13.24601492930670155, 5.799999999999999822, -0.4749999999999989231 ) ) ;
#5339 =( GEOMETRIC_REPRESENTATION_CONTEXT ( 3 ) GLOBAL_UNCERTAINTY_ASSIGNED_CONTEXT ( ( #8391 ) ) GLOBAL_UNIT_ASSIGNED_CONTEXT ( ( #1343, #9227, #9156 ) ) REPRESENTATION_CONTEXT ( 'NONE', 'WORKASPACE' ) );
#5340 = ADVANCED_FACE ( 'NONE', ( #844 ), #4169, .F. ) ;
#5341 = CARTESIAN_POINT ( 'NONE',  ( -5.946914677622851642, 4.799999999999999822, 3.500000000000000444 ) ) ;
#5342 = PLANE ( 'NONE',  #8828 ) ;
#5343 = CARTESIAN_POINT ( 'NONE',  ( -1.269999999999999352, -15.53639610306789187, 3.584999999999999964 ) ) ;
#5344 = CARTESIAN_POINT ( 'NONE',  ( -3.809999999999999609, -7.450000000000000178, 4.035000000000000142 ) ) ;
#5345 = EDGE_CURVE ( 'NONE', #315, #7519, #539, .T. ) ;
#5346 = CARTESIAN_POINT ( 'NONE',  ( 9.599511734408782360, 5.799999999999999822, 0.09999999999999982514 ) ) ;
#5347 = DIRECTION ( 'NONE',  ( 1.000000000000000000, 0.000000000000000000, -3.465154412871614037E-16 ) ) ;
#5348 = VECTOR ( 'NONE', #2210, 1000.000000000000000 ) ;
#5349 = EDGE_CURVE ( 'NONE', #3553, #1499, #8207, .T. ) ;
#5350 = VECTOR ( 'NONE', #7161, 1000.000000000000000 ) ;
#5351 = ORIENTED_EDGE ( 'NONE', *, *, #9616, .T. ) ;
#5352 = CARTESIAN_POINT ( 'NONE',  ( -0.2205331856370015831, 4.799999999999999822, 1.250705846325504966 ) ) ;
#5353 = ORIENTED_EDGE ( 'NONE', *, *, #8614, .T. ) ;
#5354 = ORIENTED_EDGE ( 'NONE', *, *, #4729, .T. ) ;
#5355 = SURFACE_SIDE_STYLE ('',( #5292 ) ) ;
#5356 = VERTEX_POINT ( 'NONE', #3568 ) ;
#5357 = FILL_AREA_STYLE ('',( #5424 ) ) ;
#5358 = DIRECTION ( 'NONE',  ( -0.1736481776669302757, -0.000000000000000000, 0.9848077530122080203 ) ) ;
#5359 = CARTESIAN_POINT ( 'NONE',  ( -9.000000000000003553, 4.799999999999999822, 3.025000000000000799 ) ) ;
#5360 = ADVANCED_FACE ( 'NONE', ( #709 ), #2479, .F. ) ;
#5361 = DIRECTION ( 'NONE',  ( 0.000000000000000000, 1.000000000000000000, 0.000000000000000000 ) ) ;
#5362 = DIRECTION ( 'NONE',  ( -0.1736481776669302757, 0.000000000000000000, 0.9848077530122080203 ) ) ;
#5363 = FACE_OUTER_BOUND ( 'NONE', #5117, .T. ) ;
#5364 = CARTESIAN_POINT ( 'NONE',  ( -12.71262581266359248, 5.799999999999999822, -3.500000000000000000 ) ) ;
#5365 = DIRECTION ( 'NONE',  ( -1.000000000000000000, 0.000000000000000000, 4.280484862959055418E-16 ) ) ;
#5366 =( LENGTH_UNIT ( ) NAMED_UNIT ( * ) SI_UNIT ( .MILLI., .METRE. ) );
#5367 = ORIENTED_EDGE ( 'NONE', *, *, #10251, .F. ) ;
#5368 = VERTEX_POINT ( 'NONE', #6508 ) ;
#5369 = CARTESIAN_POINT ( 'NONE',  ( -6.999999999999999112, 5.799999999999999822, 3.500000000000000444 ) ) ;
#5370 = ORIENTED_EDGE ( 'NONE', *, *, #7257, .T. ) ;
#5371 = ORIENTED_EDGE ( 'NONE', *, *, #11369, .T. ) ;
#5372 = CARTESIAN_POINT ( 'NONE',  ( 24.00000000000000000, 5.799999999999999822, 0.000000000000000000 ) ) ;
#5373 = EDGE_CURVE ( 'NONE', #268, #8994, #8420, .T. ) ;
#5374 = VECTOR ( 'NONE', #3026, 1000.000000000000114 ) ;
#5375 = DIRECTION ( 'NONE',  ( -1.000000000000000000, 0.000000000000000000, 1.630660900174878325E-16 ) ) ;
#5376 = EDGE_CURVE ( 'NONE', #1223, #10127, #4671, .T. ) ;
#5377 = CIRCLE ( 'NONE', #9969, 0.2249999999999999500 ) ;
#5378 = ORIENTED_EDGE ( 'NONE', *, *, #9248, .T. ) ;
#5379 = DIRECTION ( 'NONE',  ( 0.000000000000000000, 1.000000000000000000, 0.000000000000000000 ) ) ;
#5380 = ORIENTED_EDGE ( 'NONE', *, *, #3140, .F. ) ;
#5381 = LINE ( 'NONE', #8602, #1753 ) ;
#5382 = CARTESIAN_POINT ( 'NONE',  ( 10.05308532237714836, 4.799999999999999822, 3.500000000000000444 ) ) ;
#5383 = ORIENTED_EDGE ( 'NONE', *, *, #1322, .F. ) ;
#5384 = DIRECTION ( 'NONE',  ( 0.000000000000000000, -1.000000000000000000, 0.000000000000000000 ) ) ;
#5385 = CARTESIAN_POINT ( 'NONE',  ( 13.77940404594980173, 4.799999999999999822, -2.550000000000000711 ) ) ;
#5386 = EDGE_CURVE ( 'NONE', #4360, #6211, #4592, .T. ) ;
#5387 = AXIS2_PLACEMENT_3D ( 'NONE', #1224, #1947, #2106 ) ;
#5388 = LINE ( 'NONE', #4556, #9224 ) ;
#5389 = CARTESIAN_POINT ( 'NONE',  ( 3.084288864959259691, 4.799999999999999822, -3.500000000000000444 ) ) ;
#5390 = CARTESIAN_POINT ( 'NONE',  ( 9.599511734408782360, 4.799999999999999822, 0.09999999999999982514 ) ) ;
#5391 =( GEOMETRIC_REPRESENTATION_CONTEXT ( 3 ) GLOBAL_UNCERTAINTY_ASSIGNED_CONTEXT ( ( #4966 ) ) GLOBAL_UNIT_ASSIGNED_CONTEXT ( ( #7548, #6836, #8803 ) ) REPRESENTATION_CONTEXT ( 'NONE', 'WORKASPACE' ) );
#5392 = EDGE_CURVE ( 'NONE', #9070, #1882, #901, .T. ) ;
#5393 = EDGE_CURVE ( 'NONE', #5738, #3077, #4728, .T. ) ;
#5394 = SURFACE_STYLE_FILL_AREA ( #5160 ) ;
#5395 = CARTESIAN_POINT ( 'NONE',  ( 13.51522286944952000, 4.799999999999999822, 0.09999999999999982514 ) ) ;
#5396 = ORIENTED_EDGE ( 'NONE', *, *, #586, .F. ) ;
#5397 = FACE_OUTER_BOUND ( 'NONE', #4418, .T. ) ;
#5398 = ORIENTED_EDGE ( 'NONE', *, *, #70, .F. ) ;
#5399 = EDGE_LOOP ( 'NONE', ( #1755, #9626, #5335, #9631 ) ) ;
#5400 = CLOSED_SHELL ( 'NONE', ( #2599, #8853, #3705, #2521 ) ) ;
#5401 = DIRECTION ( 'NONE',  ( 1.000000000000000000, 0.000000000000000000, -0.000000000000000000 ) ) ;
#5402 = DIRECTION ( 'NONE',  ( 0.9848077530122080203, 0.000000000000000000, 0.1736481776669307475 ) ) ;
#5403 = CARTESIAN_POINT ( 'NONE',  ( 5.550488265591215331, 5.799999999999999822, -0.09999999999999982514 ) ) ;
#5404 = EDGE_CURVE ( 'NONE', #4559, #7640, #518, .T. ) ;
#5405 = CARTESIAN_POINT ( 'NONE',  ( -15.35000000000000320, 0.5000000000000000000, 5.100000000000000533 ) ) ;
#5406 = ORIENTED_EDGE ( 'NONE', *, *, #3013, .F. ) ;
#5407 = DIRECTION ( 'NONE',  ( -1.000000000000000000, 0.000000000000000000, 1.630660900174879311E-16 ) ) ;
#5408 = UNCERTAINTY_MEASURE_WITH_UNIT (LENGTH_MEASURE( 1.000000000000000082E-05 ), #9262, 'distance_accuracy_value', 'NONE');
#5409 = CARTESIAN_POINT ( 'NONE',  ( 9.850000000000001421, 5.799999999999999822, 3.500000000000000444 ) ) ;
#5410 = CARTESIAN_POINT ( 'NONE',  ( -10.23428886495926449, 4.799999999999999822, 3.499999999999999556 ) ) ;
#5411 = DIRECTION ( 'NONE',  ( 1.000000000000000000, 0.000000000000000000, 0.000000000000000000 ) ) ;
#5412 = LINE ( 'NONE', #7245, #5311 ) ;
#5413 = EDGE_CURVE ( 'NONE', #4360, #10201, #8287, .T. ) ;
#5414 = VECTOR ( 'NONE', #2767, 1000.000000000000114 ) ;
#5415 = ORIENTED_EDGE ( 'NONE', *, *, #1923, .F. ) ;
#5416 = EDGE_CURVE ( 'NONE', #9088, #3136, #882, .T. ) ;
#5417 = AXIS2_PLACEMENT_3D ( 'NONE', #4942, #5833, #6746 ) ;
#5418 = LINE ( 'NONE', #3562, #9284 ) ;
#5419 = VERTEX_POINT ( 'NONE', #7242 ) ;
#5420 = FACE_OUTER_BOUND ( 'NONE', #10711, .T. ) ;
#5421 = CARTESIAN_POINT ( 'NONE',  ( -15.35000000000000320, 0.5000000000000000000, 4.350000000000000533 ) ) ;
#5422 = DIRECTION ( 'NONE',  ( -0.9848077530122079093, 0.000000000000000000, -0.1736481776669316635 ) ) ;
#5423 = ORIENTED_EDGE ( 'NONE', *, *, #135, .T. ) ;
#5424 = FILL_AREA_STYLE_COLOUR ( '', #7358 ) ;
#5425 = CARTESIAN_POINT ( 'NONE',  ( 13.94691467762284276, 5.799999999999999822, -3.500000000000000444 ) ) ;
#5426 = CARTESIAN_POINT ( 'NONE',  ( -1.000000000000002665, 5.799999999999999822, -3.500000000000000444 ) ) ;
#5427 = ORIENTED_EDGE ( 'NONE', *, *, #5680, .T. ) ;
#5428 = AXIS2_PLACEMENT_3D ( 'NONE', #6, #10071, #3866 ) ;
#5429 = PLANE ( 'NONE',  #11084 ) ;
#5430 = DIRECTION ( 'NONE',  ( 0.000000000000000000, 0.000000000000000000, -1.000000000000000000 ) ) ;
#5431 = LINE ( 'NONE', #3778, #1585 ) ;
#5432 = ORIENTED_EDGE ( 'NONE', *, *, #369, .F. ) ;
#5433 = LINE ( 'NONE', #11242, #9308 ) ;
#5434 = ORIENTED_EDGE ( 'NONE', *, *, #3688, .T. ) ;
#5435 = EDGE_CURVE ( 'NONE', #9495, #7903, #667, .T. ) ;
#5436 =( NAMED_UNIT ( * ) PLANE_ANGLE_UNIT ( ) SI_UNIT ( $, .RADIAN. ) );
#5437 = PRESENTATION_LAYER_ASSIGNMENT (  '', '', ( #3862 ) ) ;
#5438 = ORIENTED_EDGE ( 'NONE', *, *, #8432, .T. ) ;
#5439 = ORIENTED_EDGE ( 'NONE', *, *, #3024, .T. ) ;
#5440 = FILL_AREA_STYLE ('',( #142 ) ) ;
#5441 = MANIFOLD_SOLID_BREP ( 'LPattern3[6]', #1961 ) ;
#5442 = ADVANCED_FACE ( 'NONE', ( #8312 ), #8271, .T. ) ;
#5443 = CARTESIAN_POINT ( 'NONE',  ( -1.269999999999999352, -7.450000000000000178, -3.810000000000000941 ) ) ;
#5444 =( GEOMETRIC_REPRESENTATION_CONTEXT ( 3 ) GLOBAL_UNCERTAINTY_ASSIGNED_CONTEXT ( ( #5125 ) ) GLOBAL_UNIT_ASSIGNED_CONTEXT ( ( #8951, #10807, #4422 ) ) REPRESENTATION_CONTEXT ( 'NONE', 'WORKASPACE' ) );
#5445 = MECHANICAL_DESIGN_GEOMETRIC_PRESENTATION_REPRESENTATION (  '', ( #2809 ), #5200 ) ;
#5446 = LINE ( 'NONE', #8195, #9322 ) ;
#5447 = EDGE_LOOP ( 'NONE', ( #10390, #6105, #4757, #9959 ) ) ;
#5448 = PLANE ( 'NONE',  #7301 ) ;
#5449 = SURFACE_STYLE_USAGE ( .BOTH. , #4228 ) ;
#5450 = CARTESIAN_POINT ( 'NONE',  ( 0.000000000000000000, 4.799999999999999822, 0.000000000000000000 ) ) ;
#5451 = CIRCLE ( 'NONE', #9173, 0.2249999999999999500 ) ;
#5452 = ORIENTED_EDGE ( 'NONE', *, *, #7443, .T. ) ;
#5453 = LINE ( 'NONE', #3288, #5733 ) ;
#5454 = EDGE_CURVE ( 'NONE', #2380, #653, #604, .T. ) ;
#5455 = EDGE_LOOP ( 'NONE', ( #7423, #7561 ) ) ;
#5456 = DIRECTION ( 'NONE',  ( 2.072739447398754025E-16, 0.000000000000000000, -1.000000000000000000 ) ) ;
#5457 = ORIENTED_EDGE ( 'NONE', *, *, #5467, .F. ) ;
#5458 = DIRECTION ( 'NONE',  ( 0.000000000000000000, 0.000000000000000000, 1.000000000000000000 ) ) ;
#5459 = DIRECTION ( 'NONE',  ( 0.000000000000000000, -0.000000000000000000, 1.000000000000000000 ) ) ;
#5460 = LINE ( 'NONE', #3891, #9190 ) ;
#5461 = CARTESIAN_POINT ( 'NONE',  ( 5.246014929306694441, 5.799999999999999822, 0.4749999999999995892 ) ) ;
#5462 = DIRECTION ( 'NONE',  ( 2.072739447398754025E-16, 0.000000000000000000, -1.000000000000000000 ) ) ;
#5463 = AXIS2_PLACEMENT_3D ( 'NONE', #5827, #7770, #4019 ) ;
#5464 = LINE ( 'NONE', #1148, #5414 ) ;
#5465 = DIRECTION ( 'NONE',  ( -0.1736481776669302757, 0.000000000000000000, 0.9848077530122080203 ) ) ;
#5466 = ORIENTED_EDGE ( 'NONE', *, *, #3205, .T. ) ;
#5467 = EDGE_CURVE ( 'NONE', #1273, #5714, #8329, .T. ) ;
#5468 = LINE ( 'NONE', #2109, #1572 ) ;
#5469 = ORIENTED_EDGE ( 'NONE', *, *, #5603, .F. ) ;
#5470 = VERTEX_POINT ( 'NONE', #4875 ) ;
#5471 =( LENGTH_UNIT ( ) NAMED_UNIT ( * ) SI_UNIT ( .MILLI., .METRE. ) );
#5472 = CARTESIAN_POINT ( 'NONE',  ( 8.000000000000000000, 5.799999999999999822, 0.000000000000000000 ) ) ;
#5473 = CARTESIAN_POINT ( 'NONE',  ( 13.24601492930669444, 4.799999999999999822, 0.4749999999999995892 ) ) ;
#5474 = DIRECTION ( 'NONE',  ( 0.1736481776669312471, 0.000000000000000000, -0.9848077530122079093 ) ) ;
#5475 = ORIENTED_EDGE ( 'NONE', *, *, #9835, .F. ) ;
#5476 = AXIS2_PLACEMENT_3D ( 'NONE', #2451, #904, #8832 ) ;
#5477 = CARTESIAN_POINT ( 'NONE',  ( 9.000000000000001776, 4.799999999999999822, 3.500000000000000444 ) ) ;
#5478 = CARTESIAN_POINT ( 'NONE',  ( 13.76571113504073551, 4.799999999999999822, 3.499999999999999556 ) ) ;
#5479 = CARTESIAN_POINT ( 'NONE',  ( 12.71262581266358715, 5.799999999999999822, 3.500000000000000444 ) ) ;
#5480 = DIRECTION ( 'NONE',  ( 0.9848077530122081313, 0.000000000000000000, 0.1736481776669298316 ) ) ;
#5481 = VECTOR ( 'NONE', #9157, 1000.000000000000000 ) ;
#5482 = LINE ( 'NONE', #8118, #9177 ) ;
#5483 = ORIENTED_EDGE ( 'NONE', *, *, #8251, .T. ) ;
#5484 = FACE_OUTER_BOUND ( 'NONE', #1308, .T. ) ;
#5485 = VERTEX_POINT ( 'NONE', #3021 ) ;
#5486 = LINE ( 'NONE', #159, #9362 ) ;
#5487 = CARTESIAN_POINT ( 'NONE',  ( -10.48477713055048000, 5.799999999999999822, 0.09999999999999982514 ) ) ;
#5488 = VERTEX_POINT ( 'NONE', #1097 ) ;
#5489 = ADVANCED_FACE ( 'NONE', ( #3984 ), #2204, .F. ) ;
#5490 = DIRECTION ( 'NONE',  ( 0.000000000000000000, -0.000000000000000000, -1.000000000000000000 ) ) ;
#5491 = CARTESIAN_POINT ( 'NONE',  ( 6.350000000000001421, -15.53639610306789187, -4.035000000000001030 ) ) ;
#5492 = EDGE_LOOP ( 'NONE', ( #7797, #6999, #3570, #3501 ) ) ;
#5493 = CARTESIAN_POINT ( 'NONE',  ( 10.44951173440878378, 4.799999999999999822, 0.1000000000000000056 ) ) ;
#5494 = DIRECTION ( 'NONE',  ( -0.000000000000000000, 1.000000000000000000, -0.000000000000000000 ) ) ;
#5495 = CARTESIAN_POINT ( 'NONE',  ( 14.36522286944951965, 5.799999999999999822, 0.1000000000000000056 ) ) ;
#5496 = COLOUR_RGB ( '',0.7921568627450980005, 0.8196078431372548767, 0.9333333333333333481 ) ;
#5497 = CARTESIAN_POINT ( 'NONE',  ( 24.00000000000000000, 4.799999999999999822, 0.000000000000000000 ) ) ;
#5498 = LINE ( 'NONE', #4607, #1532 ) ;
#5499 = VERTEX_POINT ( 'NONE', #3100 ) ;
#5500 = AXIS2_PLACEMENT_3D ( 'NONE', #5698, #6013, #11209 ) ;
#5501 = FACE_OUTER_BOUND ( 'NONE', #8282, .T. ) ;
#5502 = ORIENTED_EDGE ( 'NONE', *, *, #892, .T. ) ;
#5503 = FILL_AREA_STYLE ('',( #4589 ) ) ;
#5504 = VERTEX_POINT ( 'NONE', #8382 ) ;
#5505 = EDGE_CURVE ( 'NONE', #4051, #6531, #191, .T. ) ;
#5506 = EDGE_CURVE ( 'NONE', #2516, #2593, #368, .T. ) ;
#5507 = ORIENTED_EDGE ( 'NONE', *, *, #1505, .T. ) ;
#5508 = DIRECTION ( 'NONE',  ( 0.000000000000000000, -1.000000000000000000, 0.000000000000000000 ) ) ;
#5509 = CARTESIAN_POINT ( 'NONE',  ( 13.55048826559121444, 4.799999999999999822, -0.09999999999999982514 ) ) ;
#5510 = LINE ( 'NONE', #7992, #1689 ) ;
#5511 = DIRECTION ( 'NONE',  ( 0.9848077530122081313, 0.000000000000000000, 0.1736481776669298316 ) ) ;
#5512 = LINE ( 'NONE', #8072, #1713 ) ;
#5513 = VERTEX_POINT ( 'NONE', #7549 ) ;
#5514 = AXIS2_PLACEMENT_3D ( 'NONE', #8463, #11269, #7861 ) ;
#5515 = DIRECTION ( 'NONE',  ( 0.9848077530122079093, 0.000000000000000000, 0.1736481776669312749 ) ) ;
#5516 = DIRECTION ( 'NONE',  ( 0.000000000000000000, 0.000000000000000000, 1.000000000000000000 ) ) ;
#5517 = CARTESIAN_POINT ( 'NONE',  ( 5.765711135040735513, 4.799999999999999822, 3.499999999999999556 ) ) ;
#5518 = VECTOR ( 'NONE', #392, 1000.000000000000000 ) ;
#5519 = VERTEX_POINT ( 'NONE', #9371 ) ;
#5520 = ORIENTED_EDGE ( 'NONE', *, *, #6202, .T. ) ;
#5521 = EDGE_CURVE ( 'NONE', #9566, #6383, #388, .T. ) ;
#5522 = MANIFOLD_SOLID_BREP ( 'Boss-Extrude2[1]', #11050 ) ;
#5523 = PLANE ( 'NONE',  #8065 ) ;
#5524 = AXIS2_PLACEMENT_3D ( 'NONE', #11519, #9825, #3754 ) ;
#5525 = EDGE_LOOP ( 'NONE', ( #10639, #587, #2058, #4313 ) ) ;
#5526 = PRESENTATION_LAYER_ASSIGNMENT (  '', '', ( #658 ) ) ;
#5527 = DIRECTION ( 'NONE',  ( 0.000000000000000000, 0.000000000000000000, -1.000000000000000000 ) ) ;
#5528 = EDGE_CURVE ( 'NONE', #5155, #681, #4258, .T. ) ;
#5529 = ORIENTED_EDGE ( 'NONE', *, *, #10120, .T. ) ;
#5530 = EDGE_CURVE ( 'NONE', #5470, #7457, #309, .T. ) ;
#5531 = ADVANCED_FACE ( 'NONE', ( #176 ), #5046, .T. ) ;
#5532 = VECTOR ( 'NONE', #2054, 1000.000000000000000 ) ;
#5533 = CARTESIAN_POINT ( 'NONE',  ( 5.413525560979735474, 4.799999999999999822, -0.4749999999999999778 ) ) ;
#5534 = CARTESIAN_POINT ( 'NONE',  ( -16.10000000000000142, 5.799999999999999822, 5.099999999999999645 ) ) ;
#5535 = CARTESIAN_POINT ( 'NONE',  ( 16.00000000000000000, 4.799999999999999822, 0.000000000000000000 ) ) ;
#5536 = CARTESIAN_POINT ( 'NONE',  ( -16.10000000000000142, 0.5000000000000004441, 5.099999999999999645 ) ) ;
#5537 = DIRECTION ( 'NONE',  ( 1.000000000000000000, 0.000000000000000000, -2.072739447398754025E-16 ) ) ;
#5538 = ORIENTED_EDGE ( 'NONE', *, *, #811, .T. ) ;
#5539 = CARTESIAN_POINT ( 'NONE',  ( -6.999999999999999112, 5.799999999999999822, 3.500000000000000444 ) ) ;
#5540 = ORIENTED_EDGE ( 'NONE', *, *, #10385, .T. ) ;
#5541 = ORIENTED_EDGE ( 'NONE', *, *, #1327, .F. ) ;
#5542 = EDGE_LOOP ( 'NONE', ( #4164, #5103 ) ) ;
#5543 = SURFACE_SIDE_STYLE ('',( #4118 ) ) ;
#5544 = DIRECTION ( 'NONE',  ( -1.000000000000000000, 0.000000000000000000, 4.280484862959055418E-16 ) ) ;
#5545 = CARTESIAN_POINT ( 'NONE',  ( 4.712625812663587155, 5.799999999999999822, 3.500000000000000444 ) ) ;
#5546 = CARTESIAN_POINT ( 'NONE',  ( -6.149999999999999467, 4.799999999999999822, 3.500000000000000444 ) ) ;
#5547 = VERTEX_POINT ( 'NONE', #5128 ) ;
#5548 = CARTESIAN_POINT ( 'NONE',  ( 13.77940404594980173, 5.799999999999999822, -2.550000000000000711 ) ) ;
#5549 = CARTESIAN_POINT ( 'NONE',  ( -10.48477713055048000, 4.799999999999999822, 0.09999999999999982514 ) ) ;
#5550 = EDGE_CURVE ( 'NONE', #10441, #3508, #209, .T. ) ;
#5551 = CARTESIAN_POINT ( 'NONE',  ( -13.51522286944952356, 4.799999999999999822, -0.1000000000000000056 ) ) ;
#5552 = AXIS2_PLACEMENT_3D ( 'NONE', #4637, #10269, #2951 ) ;
#5553 = DIRECTION ( 'NONE',  ( 0.1736481776669298316, 0.000000000000000000, -0.9848077530122081313 ) ) ;
#5554 = CYLINDRICAL_SURFACE ( 'NONE', #5172, 0.4750000000000005884 ) ;
#5555 = LINE ( 'NONE', #7832, #9640 ) ;
#5556 = VECTOR ( 'NONE', #589, 1000.000000000000000 ) ;
#5557 = ORIENTED_EDGE ( 'NONE', *, *, #1456, .F. ) ;
#5558 = VECTOR ( 'NONE', #5907, 1000.000000000000000 ) ;
#5559 = VERTEX_POINT ( 'NONE', #9445 ) ;
#5560 = CARTESIAN_POINT ( 'NONE',  ( 1.270000000000000240, -15.53639610306789187, 3.810000000000000053 ) ) ;
#5561 = VERTEX_POINT ( 'NONE', #4199 ) ;
#5562 = CARTESIAN_POINT ( 'NONE',  ( -3.119863555663371812, 4.799999999999999822, 2.550000000000000711 ) ) ;
#5563 = DIRECTION ( 'NONE',  ( 0.1736481776669307753, 0.000000000000000000, -0.9848077530122080203 ) ) ;
#5564 = EDGE_LOOP ( 'NONE', ( #9044, #7721, #11401, #1371 ) ) ;
#5565 = CARTESIAN_POINT ( 'NONE',  ( 13.94691467762284276, 5.799999999999999822, -3.500000000000000444 ) ) ;
#5566 = CARTESIAN_POINT ( 'NONE',  ( -9.634777130550480351, 4.799999999999999822, 0.1000000000000000056 ) ) ;
#5567 = DIRECTION ( 'NONE',  ( 0.000000000000000000, -1.000000000000000000, 0.000000000000000000 ) ) ;
#5568 = LINE ( 'NONE', #7585, #1878 ) ;
#5569 = PLANE ( 'NONE',  #3545 ) ;
#5570 = SURFACE_STYLE_USAGE ( .BOTH. , #2905 ) ;
#5571 = VECTOR ( 'NONE', #2211, 1000.000000000000114 ) ;
#5572 = EDGE_LOOP ( 'NONE', ( #698, #8457, #449, #1209 ) ) ;
#5573 = CARTESIAN_POINT ( 'NONE',  ( -10.75398507069330556, 4.799999999999999822, 0.4749999999999995892 ) ) ;
#5574 = FACE_OUTER_BOUND ( 'NONE', #933, .T. ) ;
#5575 = EDGE_LOOP ( 'NONE', ( #1850, #6558, #9798, #2534 ) ) ;
#5576 = CARTESIAN_POINT ( 'NONE',  ( -12.91571113504074120, 4.799999999999999822, -3.500000000000000444 ) ) ;
#5577 = VERTEX_POINT ( 'NONE', #2277 ) ;
#5578 = ORIENTED_EDGE ( 'NONE', *, *, #5797, .T. ) ;
#5579 = ADVANCED_FACE ( 'NONE', ( #466 ), #7911, .T. ) ;
#5580 = STYLED_ITEM ( 'NONE', ( #8017 ), #5034 ) ;
#5581 = ORIENTED_EDGE ( 'NONE', *, *, #6570, .F. ) ;
#5582 = DIRECTION ( 'NONE',  ( 0.9848077530122082424, -0.000000000000000000, 0.1736481776669298038 ) ) ;
#5583 = FACE_OUTER_BOUND ( 'NONE', #6590, .T. ) ;
#5584 = LINE ( 'NONE', #2461, #1915 ) ;
#5585 = EDGE_CURVE ( 'NONE', #5791, #11449, #8181, .T. ) ;
#5586 = CARTESIAN_POINT ( 'NONE',  ( 24.00000000000000000, 4.799999999999999822, 0.000000000000000000 ) ) ;
#5587 = LINE ( 'NONE', #2875, #9622 ) ;
#5588 = AXIS2_PLACEMENT_3D ( 'NONE', #10970, #10309, #3217 ) ;
#5589 = VERTEX_POINT ( 'NONE', #7628 ) ;
#5590 = CARTESIAN_POINT ( 'NONE',  ( -2.234288864959264931, 5.799999999999999822, 3.499999999999999556 ) ) ;
#5591 = CARTESIAN_POINT ( 'NONE',  ( 12.91571113504073587, 1.103909596859301789, 3.499999999999999556 ) ) ;
#5592 = CARTESIAN_POINT ( 'NONE',  ( -3.809999999999999609, -7.450000000000000178, 3.810000000000000053 ) ) ;
#5593 = DIRECTION ( 'NONE',  ( -0.000000000000000000, 1.000000000000000000, -0.000000000000000000 ) ) ;
#5594 = CIRCLE ( 'NONE', #95, 0.2249999999999999500 ) ;
#5595 = ORIENTED_EDGE ( 'NONE', *, *, #1703, .T. ) ;
#5596 = ORIENTED_EDGE ( 'NONE', *, *, #10249, .T. ) ;
#5597 = EDGE_CURVE ( 'NONE', #4133, #4359, #427, .T. ) ;
#5598 = DIRECTION ( 'NONE',  ( 0.000000000000000000, 0.000000000000000000, -1.000000000000000000 ) ) ;
#5599 = ORIENTED_EDGE ( 'NONE', *, *, #8290, .T. ) ;
#5600 = ADVANCED_FACE ( 'NONE', ( #4159 ), #5289, .T. ) ;
#5601 = PLANE ( 'NONE',  #4417 ) ;
#5602 = ORIENTED_EDGE ( 'NONE', *, *, #10290, .T. ) ;
#5603 = EDGE_CURVE ( 'NONE', #9405, #3923, #7971, .T. ) ;
#5604 = FACE_OUTER_BOUND ( 'NONE', #201, .T. ) ;
#5605 = DIRECTION ( 'NONE',  ( -0.1736481776669302757, -0.000000000000000000, 0.9848077530122080203 ) ) ;
#5606 = EDGE_CURVE ( 'NONE', #1298, #5706, #8005, .T. ) ;
#5607 = VECTOR ( 'NONE', #6813, 1000.000000000000000 ) ;
#5608 = DIRECTION ( 'NONE',  ( 0.000000000000000000, 0.000000000000000000, -1.000000000000000000 ) ) ;
#5609 = CARTESIAN_POINT ( 'NONE',  ( 16.09999999999999787, 0.5000000000000000000, 4.349999999999998757 ) ) ;
#5610 = VERTEX_POINT ( 'NONE', #9522 ) ;
#5611 = DIRECTION ( 'NONE',  ( -0.000000000000000000, 1.000000000000000000, -0.000000000000000000 ) ) ;
#5612 = PRESENTATION_LAYER_ASSIGNMENT (  '', '', ( #10371 ) ) ;
#5613 = CARTESIAN_POINT ( 'NONE',  ( 2.053085322377148803, 5.799999999999999822, 3.500000000000000444 ) ) ;
#5614 = ORIENTED_EDGE ( 'NONE', *, *, #9742, .F. ) ;
#5615 = LINE ( 'NONE', #2393, #1871 ) ;
#5616 = ORIENTED_EDGE ( 'NONE', *, *, #3412, .F. ) ;
#5617 = CARTESIAN_POINT ( 'NONE',  ( -5.413525560979744355, 4.799999999999999822, 0.4750000000000004774 ) ) ;
#5618 = CARTESIAN_POINT ( 'NONE',  ( 0.000000000000000000, 5.799999999999999822, 0.000000000000000000 ) ) ;
#5619 = DIRECTION ( 'NONE',  ( 0.000000000000000000, 0.000000000000000000, 1.000000000000000000 ) ) ;
#5620 = CARTESIAN_POINT ( 'NONE',  ( 9.850000000000001421, 4.799999999999999822, 3.500000000000000444 ) ) ;
#5621 = ORIENTED_EDGE ( 'NONE', *, *, #4531, .F. ) ;
#5622 = DIRECTION ( 'NONE',  ( 0.1736481776669298316, 0.000000000000000000, -0.9848077530122082424 ) ) ;
#5623 = DIRECTION ( 'NONE',  ( 0.000000000000000000, 1.000000000000000000, 0.000000000000000000 ) ) ;
#5624 = DIRECTION ( 'NONE',  ( -0.1736481776669316357, 0.000000000000000000, 0.9848077530122077983 ) ) ;
#5625 = ADVANCED_FACE ( 'NONE', ( #8215 ), #1483, .F. ) ;
#5626 =( LENGTH_UNIT ( ) NAMED_UNIT ( * ) SI_UNIT ( .MILLI., .METRE. ) );
#5627 = EDGE_CURVE ( 'NONE', #8747, #3924, #158, .T. ) ;
#5628 = VECTOR ( 'NONE', #9115, 999.9999999999998863 ) ;
#5629 = DIRECTION ( 'NONE',  ( 1.000000000000000000, 0.000000000000000000, -3.465154412871613544E-16 ) ) ;
#5630 = LINE ( 'NONE', #4882, #9453 ) ;
#5631 = ORIENTED_EDGE ( 'NONE', *, *, #1864, .T. ) ;
#5632 = VECTOR ( 'NONE', #4024, 1000.000000000000114 ) ;
#5633 = ORIENTED_EDGE ( 'NONE', *, *, #9427, .T. ) ;
#5634 = CYLINDRICAL_SURFACE ( 'NONE', #5803, 0.4750000000000005884 ) ;
#5635 = ORIENTED_EDGE ( 'NONE', *, *, #1523, .T. ) ;
#5636 = DIRECTION ( 'NONE',  ( 0.000000000000000000, 1.000000000000000000, 0.000000000000000000 ) ) ;
#5637 = CARTESIAN_POINT ( 'NONE',  ( 2.484777130550477331, 1.103909596859301789, -0.1000000000000000056 ) ) ;
#5638 = ORIENTED_EDGE ( 'NONE', *, *, #10961, .T. ) ;
#5639 = FILL_AREA_STYLE ('',( #6302 ) ) ;
#5640 = DIRECTION ( 'NONE',  ( 0.000000000000000000, -1.000000000000000000, 0.000000000000000000 ) ) ;
#5641 = CARTESIAN_POINT ( 'NONE',  ( 6.400488265591213199, 4.799999999999999822, -0.1000000000000000056 ) ) ;
#5642 = AXIS2_PLACEMENT_3D ( 'NONE', #2535, #11307, #8983 ) ;
#5643 = DIRECTION ( 'NONE',  ( -0.9848077530122079093, 0.000000000000000000, -0.1736481776669316635 ) ) ;
#5644 = LINE ( 'NONE', #601, #1861 ) ;
#5645 = CARTESIAN_POINT ( 'NONE',  ( 13.77940404594980173, 1.103909596859301789, -2.550000000000000711 ) ) ;
#5646 = EDGE_CURVE ( 'NONE', #3218, #3560, #8144, .T. ) ;
#5647 = EDGE_CURVE ( 'NONE', #6315, #10508, #7953, .T. ) ;
#5648 = VECTOR ( 'NONE', #5623, 1000.000000000000000 ) ;
#5649 = ORIENTED_EDGE ( 'NONE', *, *, #7957, .F. ) ;
#5650 = CARTESIAN_POINT ( 'NONE',  ( -9.000000000000003553, 5.799999999999999822, -3.500000000000000444 ) ) ;
#5651 = VECTOR ( 'NONE', #11062, 1000.000000000000000 ) ;
#5652 = ORIENTED_EDGE ( 'NONE', *, *, #2592, .F. ) ;
#5653 = SURFACE_SIDE_STYLE ('',( #6575 ) ) ;
#5654 = LINE ( 'NONE', #920, #1645 ) ;
#5655 = CARTESIAN_POINT ( 'NONE',  ( -6.999999999999999112, 4.799999999999999822, 3.500000000000000444 ) ) ;
#5656 = ORIENTED_EDGE ( 'NONE', *, *, #8549, .F. ) ;
#5657 = ORIENTED_EDGE ( 'NONE', *, *, #7536, .T. ) ;
#5658 = DIRECTION ( 'NONE',  ( 1.000000000000000000, 0.000000000000000000, 0.000000000000000000 ) ) ;
#5659 = STYLED_ITEM ( 'NONE', ( #9222 ), #3579 ) ;
#5660 = CARTESIAN_POINT ( 'NONE',  ( -2.484777130550480884, 4.799999999999999822, 0.09999999999999982514 ) ) ;
#5661 = LINE ( 'NONE', #2663, #5191 ) ;
#5662 = VECTOR ( 'NONE', #7154, 1000.000000000000000 ) ;
#5663 = AXIS2_PLACEMENT_3D ( 'NONE', #1486, #9374, #5930 ) ;
#5664 = COLOUR_RGB ( '',0.7529411764705882248, 0.000000000000000000, 0.000000000000000000 ) ;
#5665 = DIRECTION ( 'NONE',  ( 0.000000000000000000, 1.000000000000000000, 0.000000000000000000 ) ) ;
#5666 = VECTOR ( 'NONE', #1025, 1000.000000000000000 ) ;
#5667 = ORIENTED_EDGE ( 'NONE', *, *, #2738, .F. ) ;
#5668 = EDGE_CURVE ( 'NONE', #8541, #1644, #4351, .T. ) ;
#5669 = CARTESIAN_POINT ( 'NONE',  ( 13.41352556097973547, 1.103909596859301789, -0.4750000000000000333 ) ) ;
#5670 = CARTESIAN_POINT ( 'NONE',  ( 15.34999999999999609, 0.5000000000000000000, -5.100000000000000533 ) ) ;
#5671 = CARTESIAN_POINT ( 'NONE',  ( 10.22059595405019117, 5.799999999999999822, 2.550000000000001155 ) ) ;
#5672 = VECTOR ( 'NONE', #2330, 1000.000000000000000 ) ;
#5673 = ORIENTED_EDGE ( 'NONE', *, *, #5002, .F. ) ;
#5674 = LINE ( 'NONE', #6725, #1833 ) ;
#5675 = EDGE_LOOP ( 'NONE', ( #1435, #1057 ) ) ;
#5676 = ADVANCED_FACE ( 'NONE', ( #528 ), #3252, .T. ) ;
#5677 = PLANE ( 'NONE',  #1235 ) ;
#5678 = CARTESIAN_POINT ( 'NONE',  ( -6.365222869449524978, 4.799999999999999822, -0.09999999999999982514 ) ) ;
#5679 = ORIENTED_EDGE ( 'NONE', *, *, #5958, .F. ) ;
#5680 = EDGE_CURVE ( 'NONE', #5513, #1649, #4334, .T. ) ;
#5681 = LINE ( 'NONE', #4310, #1860 ) ;
#5682 = FACE_OUTER_BOUND ( 'NONE', #10647, .T. ) ;
#5683 = CARTESIAN_POINT ( 'NONE',  ( -9.000000000000003553, 4.799999999999999822, 3.025000000000000799 ) ) ;
#5684 = CARTESIAN_POINT ( 'NONE',  ( -14.40048826559121942, 1.103909596859301789, 0.09999999999999982514 ) ) ;
#5685 = DIRECTION ( 'NONE',  ( 0.000000000000000000, -1.000000000000000000, -0.000000000000000000 ) ) ;
#5686 = FACE_OUTER_BOUND ( 'NONE', #2556, .T. ) ;
#5687 = DIRECTION ( 'NONE',  ( 0.000000000000000000, -1.000000000000000000, -0.000000000000000000 ) ) ;
#5688 = ORIENTED_EDGE ( 'NONE', *, *, #10564, .T. ) ;
#5689 = DIRECTION ( 'NONE',  ( -0.1736481776669299149, 0.000000000000000000, 0.9848077530122082424 ) ) ;
#5690 = CARTESIAN_POINT ( 'NONE',  ( 3.084288864959259691, 5.799999999999999822, -3.500000000000000444 ) ) ;
#5691 = LINE ( 'NONE', #7812, #5750 ) ;
#5692 = EDGE_LOOP ( 'NONE', ( #8097, #3274, #7700, #57 ) ) ;
#5693 = EDGE_CURVE ( 'NONE', #1059, #1560, #4367, .T. ) ;
#5694 = VERTEX_POINT ( 'NONE', #11141 ) ;
#5695 = PRESENTATION_LAYER_ASSIGNMENT (  '', '', ( #10453 ) ) ;
#5696 = ORIENTED_EDGE ( 'NONE', *, *, #7891, .T. ) ;
#5697 = DIRECTION ( 'NONE',  ( 0.9848077530122080203, 0.000000000000000000, 0.1736481776669307475 ) ) ;
#5698 = CARTESIAN_POINT ( 'NONE',  ( 5.779404045949801727, 4.799999999999999822, -2.550000000000000711 ) ) ;
#5699 = EDGE_LOOP ( 'NONE', ( #11319, #102, #3886, #706 ) ) ;
#5700 = CARTESIAN_POINT ( 'NONE',  ( -13.77940404594980883, 4.799999999999999822, 2.550000000000001155 ) ) ;
#5701 = DIRECTION ( 'NONE',  ( -1.000000000000000000, 0.000000000000000000, 1.630660900174878325E-16 ) ) ;
#5702 = VECTOR ( 'NONE', #4369, 1000.000000000000000 ) ;
#5703 = AXIS2_PLACEMENT_3D ( 'NONE', #2584, #2349, #1701 ) ;
#5704 = VECTOR ( 'NONE', #11425, 1000.000000000000114 ) ;
#5705 = LINE ( 'NONE', #172, #5648 ) ;
#5706 = VERTEX_POINT ( 'NONE', #474 ) ;
#5707 = VECTOR ( 'NONE', #10162, 999.9999999999998863 ) ;
#5708 = EDGE_LOOP ( 'NONE', ( #3757, #6654, #7806, #11075 ) ) ;
#5709 = EDGE_LOOP ( 'NONE', ( #9328, #4775, #9480, #5206 ) ) ;
#5710 = PLANE ( 'NONE',  #4209 ) ;
#5711 = ORIENTED_EDGE ( 'NONE', *, *, #10092, .F. ) ;
#5712 = DIRECTION ( 'NONE',  ( -0.9848077530122081313, 0.000000000000000000, -0.1736481776669298871 ) ) ;
#5713 = FILL_AREA_STYLE ('',( #4811 ) ) ;
#5714 = VERTEX_POINT ( 'NONE', #1198 ) ;
#5715 = CARTESIAN_POINT ( 'NONE',  ( 1.599511734408781694, 5.799999999999999822, 0.09999999999999982514 ) ) ;
#5716 = PLANE ( 'NONE',  #24 ) ;
#5717 = ADVANCED_FACE ( 'NONE', ( #7844 ), #7265, .T. ) ;
#5718 = DIRECTION ( 'NONE',  ( -0.1736481776669316635, 0.000000000000000000, 0.9848077530122076872 ) ) ;
#5719 = ADVANCED_FACE ( 'NONE', ( #4023 ), #10037, .F. ) ;
#5720 = FILL_AREA_STYLE ('',( #1365 ) ) ;
#5721 = LINE ( 'NONE', #6191, #1914 ) ;
#5722 = VECTOR ( 'NONE', #69, 1000.000000000000000 ) ;
#5723 = CARTESIAN_POINT ( 'NONE',  ( -13.24601492930670155, 4.799999999999999822, -0.4749999999999989231 ) ) ;
#5724 = AXIS2_PLACEMENT_3D ( 'NONE', #7409, #4898, #3122 ) ;
#5725 = LINE ( 'NONE', #549, #1881 ) ;
#5726 = CYLINDRICAL_SURFACE ( 'NONE', #6463, 0.4750000000000004774 ) ;
#5727 = ORIENTED_EDGE ( 'NONE', *, *, #5047, .F. ) ;
#5728 = EDGE_CURVE ( 'NONE', #11391, #6292, #255, .T. ) ;
#5729 = PLANE ( 'NONE',  #7099 ) ;
#5730 = LINE ( 'NONE', #5755, #9587 ) ;
#5731 = ORIENTED_EDGE ( 'NONE', *, *, #6932, .F. ) ;
#5732 = CARTESIAN_POINT ( 'NONE',  ( 6.350000000000001421, -15.53639610306789187, 4.035000000000000142 ) ) ;
#5733 = VECTOR ( 'NONE', #11176, 1000.000000000000000 ) ;
#5734 = PLANE ( 'NONE',  #9204 ) ;
#5735 = CARTESIAN_POINT ( 'NONE',  ( 5.515222869449519116, 1.103909596859301789, 0.09999999999999982514 ) ) ;
#5736 = ORIENTED_EDGE ( 'NONE', *, *, #7693, .F. ) ;
#5737 = EDGE_CURVE ( 'NONE', #6727, #9964, #7897, .T. ) ;
#5738 = VERTEX_POINT ( 'NONE', #6453 ) ;
#5739 = DIRECTION ( 'NONE',  ( 0.000000000000000000, 1.000000000000000000, 0.000000000000000000 ) ) ;
#5740 = CARTESIAN_POINT ( 'NONE',  ( 11.08428886495926058, 5.799999999999999822, -3.500000000000000444 ) ) ;
#5741 = VECTOR ( 'NONE', #4591, 1000.000000000000000 ) ;
#5742 = EDGE_CURVE ( 'NONE', #6486, #1189, #145, .T. ) ;
#5743 = LINE ( 'NONE', #7699, #9489 ) ;
#5744 = VECTOR ( 'NONE', #10938, 1000.000000000000114 ) ;
#5745 = ORIENTED_EDGE ( 'NONE', *, *, #5797, .F. ) ;
#5746 = DIRECTION ( 'NONE',  ( 0.000000000000000000, -0.000000000000000000, 1.000000000000000000 ) ) ;
#5747 = PLANE ( 'NONE',  #11160 ) ;
#5748 = CARTESIAN_POINT ( 'NONE',  ( 16.09999999999999787, 0.000000000000000000, 4.349999999999998757 ) ) ;
#5749 = CARTESIAN_POINT ( 'NONE',  ( -14.36522286944952498, 4.799999999999999822, -0.09999999999999982514 ) ) ;
#5750 = VECTOR ( 'NONE', #9700, 1000.000000000000000 ) ;
#5751 = ORIENTED_EDGE ( 'NONE', *, *, #10407, .F. ) ;
#5752 = VECTOR ( 'NONE', #5091, 1000.000000000000000 ) ;
#5753 = AXIS2_PLACEMENT_3D ( 'NONE', #4190, #719, #1548 ) ;
#5754 = VERTEX_POINT ( 'NONE', #9179 ) ;
#5755 = CARTESIAN_POINT ( 'NONE',  ( 15.34999999999999609, 0.5000000000000000000, -5.100000000000000533 ) ) ;
#5756 = CARTESIAN_POINT ( 'NONE',  ( 3.810000000000000941, -15.53639610306789187, 3.810000000000000053 ) ) ;
#5757 = ORIENTED_EDGE ( 'NONE', *, *, #4913, .F. ) ;
#5758 = DIRECTION ( 'NONE',  ( 1.000000000000000000, 0.000000000000000000, -0.000000000000000000 ) ) ;
#5759 = VECTOR ( 'NONE', #7773, 1000.000000000000000 ) ;
#5760 = PLANE ( 'NONE',  #3423 ) ;
#5761 = LINE ( 'NONE', #4648, #9644 ) ;
#5762 = CIRCLE ( 'NONE', #2301, 0.2249999999999999500 ) ;
#5763 = CARTESIAN_POINT ( 'NONE',  ( 16.00000000000000000, 4.799999999999999822, 0.000000000000000000 ) ) ;
#5764 =( LENGTH_UNIT ( ) NAMED_UNIT ( * ) SI_UNIT ( .MILLI., .METRE. ) );
#5765 = ORIENTED_EDGE ( 'NONE', *, *, #6288, .F. ) ;
#5766 = CARTESIAN_POINT ( 'NONE',  ( 5.246014929306694441, 5.799999999999999822, 0.4749999999999995892 ) ) ;
#5767 = ADVANCED_FACE ( 'NONE', ( #4060 ), #8242, .F. ) ;
#5768 = FACE_OUTER_BOUND ( 'NONE', #7691, .T. ) ;
#5769 = ORIENTED_EDGE ( 'NONE', *, *, #7957, .T. ) ;
#5770 = VERTEX_POINT ( 'NONE', #2897 ) ;
#5771 = EDGE_CURVE ( 'NONE', #4108, #2472, #231, .T. ) ;
#5772 = ADVANCED_FACE ( 'NONE', ( #4079 ), #962, .T. ) ;
#5773 = CARTESIAN_POINT ( 'NONE',  ( -2.220595954050198717, 4.799999999999999822, -2.550000000000000711 ) ) ;
#5774 = EDGE_CURVE ( 'NONE', #6854, #2221, #1986, .T. ) ;
#5775 = DIRECTION ( 'NONE',  ( 0.000000000000000000, -1.000000000000000000, 0.000000000000000000 ) ) ;
#5776 = CARTESIAN_POINT ( 'NONE',  ( 3.084288864959259691, 4.799999999999999822, -3.500000000000000888 ) ) ;
#5777 = EDGE_LOOP ( 'NONE', ( #5811, #5142, #772, #8412 ) ) ;
#5778 = CARTESIAN_POINT ( 'NONE',  ( -14.14999999999999858, 1.103909596859301789, 3.500000000000000444 ) ) ;
#5779 = CARTESIAN_POINT ( 'NONE',  ( 5.515222869449519116, 4.799999999999999822, 0.09999999999999982514 ) ) ;
#5780 = CARTESIAN_POINT ( 'NONE',  ( 4.880136444336628188, 4.799999999999999822, 2.550000000000000711 ) ) ;
#5781 = VECTOR ( 'NONE', #7507, 1000.000000000000000 ) ;
#5782 = DIRECTION ( 'NONE',  ( 0.000000000000000000, -0.000000000000000000, 1.000000000000000000 ) ) ;
#5783 = VECTOR ( 'NONE', #11294, 1000.000000000000000 ) ;
#5784 = CYLINDRICAL_SURFACE ( 'NONE', #9283, 0.2249999999999999500 ) ;
#5785 = ORIENTED_EDGE ( 'NONE', *, *, #6944, .F. ) ;
#5786 = ORIENTED_EDGE ( 'NONE', *, *, #9966, .T. ) ;
#5787 = VECTOR ( 'NONE', #768, 1000.000000000000000 ) ;
#5788 = EDGE_CURVE ( 'NONE', #11338, #829, #2045, .T. ) ;
#5789 = CARTESIAN_POINT ( 'NONE',  ( -6.400488265591218529, 5.799999999999999822, 0.09999999999999982514 ) ) ;
#5790 = AXIS2_PLACEMENT_3D ( 'NONE', #8834, #11386, #674 ) ;
#5791 = VERTEX_POINT ( 'NONE', #1769 ) ;
#5792 = DIRECTION ( 'NONE',  ( -0.1736481776669298871, 0.000000000000000000, 0.9848077530122081313 ) ) ;
#5793 = AXIS2_PLACEMENT_3D ( 'NONE', #10882, #124, #10035 ) ;
#5794 = EDGE_CURVE ( 'NONE', #516, #6390, #9807, .T. ) ;
#5795 = VERTEX_POINT ( 'NONE', #1926 ) ;
#5796 = DIRECTION ( 'NONE',  ( 0.000000000000000000, 0.000000000000000000, 1.000000000000000000 ) ) ;
#5797 = EDGE_CURVE ( 'NONE', #8256, #7731, #5661, .T. ) ;
#5798 = FILL_AREA_STYLE ('',( #4660 ) ) ;
#5799 = CIRCLE ( 'NONE', #137, 0.4750000000000005884 ) ;
#5800 = FILL_AREA_STYLE ('',( #8670 ) ) ;
#5801 = VECTOR ( 'NONE', #4807, 999.9999999999998863 ) ;
#5802 = EDGE_LOOP ( 'NONE', ( #7968, #7917 ) ) ;
#5803 = AXIS2_PLACEMENT_3D ( 'NONE', #7236, #1082, #16 ) ;
#5804 = CARTESIAN_POINT ( 'NONE',  ( -5.765711135040744395, 1.103909596859301789, -3.500000000000000444 ) ) ;
#5805 = LINE ( 'NONE', #4892, #5844 ) ;
#5806 = ORIENTED_EDGE ( 'NONE', *, *, #10824, .T. ) ;
#5807 = DIRECTION ( 'NONE',  ( 1.000000000000000000, 0.000000000000000000, -0.000000000000000000 ) ) ;
#5808 = VECTOR ( 'NONE', #9718, 1000.000000000000000 ) ;
#5809 = DIRECTION ( 'NONE',  ( -0.000000000000000000, 1.000000000000000000, 0.000000000000000000 ) ) ;
#5810 = PLANE ( 'NONE',  #10762 ) ;
#5811 = ORIENTED_EDGE ( 'NONE', *, *, #5214, .T. ) ;
#5812 = EDGE_CURVE ( 'NONE', #3240, #280, #6020, .T. ) ;
#5813 = FACE_OUTER_BOUND ( 'NONE', #6826, .T. ) ;
#5814 = ORIENTED_EDGE ( 'NONE', *, *, #11464, .F. ) ;
#5815 = CARTESIAN_POINT ( 'NONE',  ( -9.000000000000003553, 5.799999999999999822, 3.025000000000000799 ) ) ;
#5816 = UNCERTAINTY_MEASURE_WITH_UNIT (LENGTH_MEASURE( 1.000000000000000082E-05 ), #5084, 'distance_accuracy_value', 'NONE');
#5817 = CARTESIAN_POINT ( 'NONE',  ( -1.000000000000002665, 1.103909596859301789, 2.550000000000000266 ) ) ;
#5818 = EDGE_CURVE ( 'NONE', #6385, #8667, #5149, .T. ) ;
#5819 = ADVANCED_FACE ( 'NONE', ( #9355 ), #5554, .F. ) ;
#5820 = CARTESIAN_POINT ( 'NONE',  ( 14.99999999999999822, 4.799999999999999822, 3.500000000000001332 ) ) ;
#5821 = DIRECTION ( 'NONE',  ( 1.000000000000000000, 0.000000000000000000, -2.072739447398762653E-16 ) ) ;
#5822 = ADVANCED_FACE ( 'NONE', ( #5583 ), #8011, .T. ) ;
#5823 = LINE ( 'NONE', #5088, #9767 ) ;
#5824 = ORIENTED_EDGE ( 'NONE', *, *, #29, .T. ) ;
#5825 = CARTESIAN_POINT ( 'NONE',  ( 14.99999999999999822, 5.799999999999999822, -3.500000000000000444 ) ) ;
#5826 = DIRECTION ( 'NONE',  ( 0.000000000000000000, -0.000000000000000000, 1.000000000000000000 ) ) ;
#5827 = CARTESIAN_POINT ( 'NONE',  ( 6.149999999999997691, 1.103909596859301789, -3.500000000000000444 ) ) ;
#5828 = VECTOR ( 'NONE', #1110, 1000.000000000000000 ) ;
#5829 = VERTEX_POINT ( 'NONE', #5493 ) ;
#5830 = LINE ( 'NONE', #3314, #5950 ) ;
#5831 = ORIENTED_EDGE ( 'NONE', *, *, #7919, .T. ) ;
#5832 = LINE ( 'NONE', #5660, #2220 ) ;
#5833 = DIRECTION ( 'NONE',  ( 0.000000000000000000, -1.000000000000000000, -0.000000000000000000 ) ) ;
#5834 = ORIENTED_EDGE ( 'NONE', *, *, #6351, .T. ) ;
#5835 = CARTESIAN_POINT ( 'NONE',  ( 24.00000000000000000, 5.799999999999999822, 0.000000000000000000 ) ) ;
#5836 = EDGE_CURVE ( 'NONE', #935, #261, #6214, .T. ) ;
#5837 = VECTOR ( 'NONE', #9637, 1000.000000000000000 ) ;
#5838 = AXIS2_PLACEMENT_3D ( 'NONE', #3613, #2064, #6372 ) ;
#5839 = LINE ( 'NONE', #7262, #2008 ) ;
#5840 = PLANE ( 'NONE',  #2807 ) ;
#5841 = VERTEX_POINT ( 'NONE', #10373 ) ;
#5842 = PLANE ( 'NONE',  #283 ) ;
#5843 = DIRECTION ( 'NONE',  ( 0.000000000000000000, 0.000000000000000000, 1.000000000000000000 ) ) ;
#5844 = VECTOR ( 'NONE', #3264, 1000.000000000000000 ) ;
#5845 = ORIENTED_EDGE ( 'NONE', *, *, #225, .F. ) ;
#5846 = LINE ( 'NONE', #9286, #9776 ) ;
#5847 = MANIFOLD_SOLID_BREP ( 'LPattern2[19]', #6505 ) ;
#5848 = ORIENTED_EDGE ( 'NONE', *, *, #10685, .F. ) ;
#5849 = DIRECTION ( 'NONE',  ( 0.1736481776669298316, 0.000000000000000000, -0.9848077530122082424 ) ) ;
#5850 = AXIS2_PLACEMENT_3D ( 'NONE', #10121, #7411, #337 ) ;
#5851 = FACE_OUTER_BOUND ( 'NONE', #2475, .T. ) ;
#5852 = DIRECTION ( 'NONE',  ( 0.000000000000000000, 0.000000000000000000, 1.000000000000000000 ) ) ;
#5853 = DIRECTION ( 'NONE',  ( 0.000000000000000000, -1.000000000000000000, -0.000000000000000000 ) ) ;
#5854 = FILL_AREA_STYLE_COLOUR ( '', #3987 ) ;
#5855 = ORIENTED_EDGE ( 'NONE', *, *, #1175, .T. ) ;
#5856 = CARTESIAN_POINT ( 'NONE',  ( -13.76571113504074440, 4.799999999999999822, -3.500000000000000444 ) ) ;
#5857 = CARTESIAN_POINT ( 'NONE',  ( -12.88013644433663352, 1.103909596859301789, -2.550000000000000711 ) ) ;
#5858 = CARTESIAN_POINT ( 'NONE',  ( -13.77940404594980883, 5.799999999999999822, 2.550000000000001155 ) ) ;
#5859 = FACE_OUTER_BOUND ( 'NONE', #8390, .T. ) ;
#5860 = EDGE_CURVE ( 'NONE', #8563, #7845, #6344, .T. ) ;
#5861 = AXIS2_PLACEMENT_3D ( 'NONE', #3460, #3393, #732 ) ;
#5862 = DIRECTION ( 'NONE',  ( 0.000000000000000000, 1.000000000000000000, 0.000000000000000000 ) ) ;
#5863 = VECTOR ( 'NONE', #1917, 1000.000000000000000 ) ;
#5864 = ORIENTED_EDGE ( 'NONE', *, *, #9386, .F. ) ;
#5865 = ADVANCED_FACE ( 'NONE', ( #2437 ), #5163, .F. ) ;
#5866 = LINE ( 'NONE', #10800, #1957 ) ;
#5867 = EDGE_LOOP ( 'NONE', ( #8829, #10589, #1963, #8472 ) ) ;
#5868 = FACE_OUTER_BOUND ( 'NONE', #11200, .T. ) ;
#5869 = DIRECTION ( 'NONE',  ( -1.000000000000000000, 0.000000000000000000, 0.000000000000000000 ) ) ;
#5870 = ORIENTED_EDGE ( 'NONE', *, *, #523, .T. ) ;
#5871 = ADVANCED_FACE ( 'NONE', ( #6158 ), #7492, .F. ) ;
#5872 = DIRECTION ( 'NONE',  ( -0.1736481776669307475, 0.000000000000000000, 0.9848077530122080203 ) ) ;
#5873 = COLOUR_RGB ( '',0.7529411764705882248, 0.000000000000000000, 0.000000000000000000 ) ;
#5874 = CARTESIAN_POINT ( 'NONE',  ( -11.08428886495926591, 5.799999999999999822, 3.499999999999999556 ) ) ;
#5875 = EDGE_LOOP ( 'NONE', ( #2816, #6403, #11458, #5203 ) ) ;
#5876 = STYLED_ITEM ( 'NONE', ( #2538 ), #5847 ) ;
#5877 = CARTESIAN_POINT ( 'NONE',  ( -13.77940404594980883, 5.799999999999999822, 2.550000000000001155 ) ) ;
#5878 = EDGE_CURVE ( 'NONE', #4891, #10094, #10324, .T. ) ;
#5879 = VECTOR ( 'NONE', #4831, 1000.000000000000000 ) ;
#5880 = DIRECTION ( 'NONE',  ( -1.000000000000000000, 0.000000000000000000, -2.072739447398754025E-16 ) ) ;
#5882 = EDGE_CURVE ( 'NONE', #3473, #8615, #10177, .T. ) ;
#5881 = VECTOR ( 'NONE', #2367, 1000.000000000000000 ) ;
#5883 = ORIENTED_EDGE ( 'NONE', *, *, #5742, .T. ) ;
#5884 = CARTESIAN_POINT ( 'NONE',  ( 5.080000000000000071, -7.450000000000000178, 0.000000000000000000 ) ) ;
#5885 = ORIENTED_EDGE ( 'NONE', *, *, #10440, .T. ) ;
#5886 = DIRECTION ( 'NONE',  ( -1.000000000000000000, 0.000000000000000000, 0.000000000000000000 ) ) ;
#5887 = LINE ( 'NONE', #10499, #9759 ) ;
#5888 = DIRECTION ( 'NONE',  ( 0.9848077530122079093, 0.000000000000000000, 0.1736481776669312749 ) ) ;
#5889 = ORIENTED_EDGE ( 'NONE', *, *, #4266, .F. ) ;
#5890 = ADVANCED_FACE ( 'NONE', ( #6387 ), #9630, .F. ) ;
#5891 = FACE_OUTER_BOUND ( 'NONE', #8, .T. ) ;
#5892 = ORIENTED_EDGE ( 'NONE', *, *, #5528, .F. ) ;
#5893 = CARTESIAN_POINT ( 'NONE',  ( 1.000000000000000888, 5.799999999999999822, 3.500000000000000444 ) ) ;
#5894 = SURFACE_SIDE_STYLE ('',( #10043 ) ) ;
#5895 = CARTESIAN_POINT ( 'NONE',  ( 0.2205331856370010557, 3.456497115745557291, -1.250705846325504966 ) ) ;
#5896 = LINE ( 'NONE', #6941, #9808 ) ;
#5897 = AXIS2_PLACEMENT_3D ( 'NONE', #10733, #4572, #7193 ) ;
#5898 = LINE ( 'NONE', #7335, #6145 ) ;
#5899 = EDGE_LOOP ( 'NONE', ( #3259, #6057, #1993, #3047 ) ) ;
#5900 = DIRECTION ( 'NONE',  ( 0.000000000000000000, 1.000000000000000000, 0.000000000000000000 ) ) ;
#5901 = DIRECTION ( 'NONE',  ( -0.000000000000000000, 1.000000000000000000, -0.000000000000000000 ) ) ;
#5902 = CARTESIAN_POINT ( 'NONE',  ( -6.349999999999999645, 0.5000000000000000000, 3.810000000000000053 ) ) ;
#5903 = VECTOR ( 'NONE', #6167, 1000.000000000000114 ) ;
#5904 = VERTEX_POINT ( 'NONE', #5081 ) ;
#5905 = CYLINDRICAL_SURFACE ( 'NONE', #1102, 0.4750000000000005884 ) ;
#5906 = ORIENTED_EDGE ( 'NONE', *, *, #3365, .T. ) ;
#5907 = DIRECTION ( 'NONE',  ( 0.000000000000000000, 1.000000000000000000, 0.000000000000000000 ) ) ;
#5908 = LINE ( 'NONE', #2014, #5929 ) ;
#5909 = CARTESIAN_POINT ( 'NONE',  ( 0.2205331856370010557, 5.799999999999999822, -1.250705846325504966 ) ) ;
#5910 = ORIENTED_EDGE ( 'NONE', *, *, #7147, .T. ) ;
#5911 = ADVANCED_FACE ( 'NONE', ( #2557 ), #5716, .T. ) ;
#5912 = AXIS2_PLACEMENT_3D ( 'NONE', #7554, #2056, #4717 ) ;
#5913 = ADVANCED_FACE ( 'NONE', ( #10221 ), #5241, .T. ) ;
#5914 = VECTOR ( 'NONE', #3752, 1000.000000000000000 ) ;
#5915 = LINE ( 'NONE', #7750, #1934 ) ;
#5916 = DIRECTION ( 'NONE',  ( 0.9848077530122080203, 0.000000000000000000, 0.1736481776669307475 ) ) ;
#5917 = EDGE_CURVE ( 'NONE', #11541, #7436, #10239, .T. ) ;
#5918 = EDGE_CURVE ( 'NONE', #1779, #8974, #2614, .T. ) ;
#5919 =( NAMED_UNIT ( * ) SI_UNIT ( $, .STERADIAN. ) SOLID_ANGLE_UNIT ( ) );
#5920 = CARTESIAN_POINT ( 'NONE',  ( 0.000000000000000000, 4.799999999999999822, 0.000000000000000000 ) ) ;
#5921 = ORIENTED_EDGE ( 'NONE', *, *, #2838, .T. ) ;
#5922 = PLANE ( 'NONE',  #2607 ) ;
#5923 = CARTESIAN_POINT ( 'NONE',  ( -12.88013644433663352, 4.799999999999999822, -2.550000000000000711 ) ) ;
#5924 = VECTOR ( 'NONE', #5629, 1000.000000000000000 ) ;
#5925 = ORIENTED_EDGE ( 'NONE', *, *, #1507, .T. ) ;
#5926 = LINE ( 'NONE', #3008, #2154 ) ;
#5927 = VERTEX_POINT ( 'NONE', #3418 ) ;
#5928 = CARTESIAN_POINT ( 'NONE',  ( -2.220595954050198717, 5.799999999999999822, -2.550000000000000711 ) ) ;
#5929 = VECTOR ( 'NONE', #3773, 1000.000000000000114 ) ;
#5930 = DIRECTION ( 'NONE',  ( 0.000000000000000000, 0.000000000000000000, -1.000000000000000000 ) ) ;
#5931 = CARTESIAN_POINT ( 'NONE',  ( -15.00000000000000000, 5.799999999999999822, 3.500000000000000444 ) ) ;
#5932 = PRESENTATION_LAYER_ASSIGNMENT (  '', '', ( #9442 ) ) ;
#5933 = CARTESIAN_POINT ( 'NONE',  ( -1.000000000000002665, 1.103909596859301789, -3.500000000000000444 ) ) ;
#5934 = ORIENTED_EDGE ( 'NONE', *, *, #491, .F. ) ;
#5935 = DIRECTION ( 'NONE',  ( -0.1736481776669316635, 0.000000000000000000, 0.9848077530122076872 ) ) ;
#5936 = CARTESIAN_POINT ( 'NONE',  ( 14.40048826559121409, 4.799999999999999822, -0.1000000000000000056 ) ) ;
#5937 = FILL_AREA_STYLE ('',( #8309 ) ) ;
#5938 = LINE ( 'NONE', #1211, #5781 ) ;
#5939 = EDGE_CURVE ( 'NONE', #3018, #8016, #6477, .T. ) ;
#5940 = MANIFOLD_SOLID_BREP ( 'LPattern2[9]', #10842 ) ;
#5941 = AXIS2_PLACEMENT_3D ( 'NONE', #9656, #8617, #5105 ) ;
#5942 = LINE ( 'NONE', #1271, #5801 ) ;
#5943 = AXIS2_PLACEMENT_3D ( 'NONE', #10856, #1092, #3798 ) ;
#5944 = EDGE_LOOP ( 'NONE', ( #2653, #4683, #2574, #8521 ) ) ;
#5945 = EDGE_CURVE ( 'NONE', #3325, #7903, #2497, .T. ) ;
#5946 = ADVANCED_FACE ( 'NONE', ( #10402 ), #911, .F. ) ;
#5947 = EDGE_CURVE ( 'NONE', #9310, #156, #9999, .T. ) ;
#5948 = FACE_OUTER_BOUND ( 'NONE', #7060, .T. ) ;
#5949 = ORIENTED_EDGE ( 'NONE', *, *, #1795, .T. ) ;
#5950 = VECTOR ( 'NONE', #3947, 1000.000000000000114 ) ;
#5951 = CARTESIAN_POINT ( 'NONE',  ( -11.28737418733641285, 4.799999999999999822, 3.500000000000000444 ) ) ;
#5952 = ORIENTED_EDGE ( 'NONE', *, *, #2062, .F. ) ;
#5953 = DIRECTION ( 'NONE',  ( 0.000000000000000000, 0.000000000000000000, 1.000000000000000000 ) ) ;
#5954 = LINE ( 'NONE', #11324, #6031 ) ;
#5955 = CARTESIAN_POINT ( 'NONE',  ( 13.51522286944952000, 1.103909596859301789, 0.09999999999999982514 ) ) ;
#5956 = ORIENTED_EDGE ( 'NONE', *, *, #8870, .F. ) ;
#5957 = DIRECTION ( 'NONE',  ( -0.9848077530122079093, 0.000000000000000000, -0.1736481776669316635 ) ) ;
#5958 = EDGE_CURVE ( 'NONE', #9741, #3195, #10091, .T. ) ;
#5959 = CARTESIAN_POINT ( 'NONE',  ( 6.400488265591213199, 5.799999999999999822, -0.1000000000000000056 ) ) ;
#5960 = PRESENTATION_STYLE_ASSIGNMENT (( #6164 ) ) ;
#5961 = DIRECTION ( 'NONE',  ( 0.000000000000000000, 0.000000000000000000, 1.000000000000000000 ) ) ;
#5962 = EDGE_CURVE ( 'NONE', #9287, #11229, #6497, .T. ) ;
#5963 = ORIENTED_EDGE ( 'NONE', *, *, #1316, .F. ) ;
#5964 = ADVANCED_FACE ( 'NONE', ( #10383 ), #7225, .F. ) ;
#5965 = UNCERTAINTY_MEASURE_WITH_UNIT (LENGTH_MEASURE( 1.000000000000000082E-05 ), #11346, 'distance_accuracy_value', 'NONE');
#5966 = CARTESIAN_POINT ( 'NONE',  ( -9.634777130550480351, 5.799999999999999822, 0.1000000000000000056 ) ) ;
#5967 = ORIENTED_EDGE ( 'NONE', *, *, #7430, .T. ) ;
#5968 = EDGE_CURVE ( 'NONE', #9596, #380, #2320, .T. ) ;
#5969 = AXIS2_PLACEMENT_3D ( 'NONE', #6875, #765, #10461 ) ;
#5970 = DIRECTION ( 'NONE',  ( -0.1736481776669299149, 0.000000000000000000, 0.9848077530122082424 ) ) ;
#5971 = CARTESIAN_POINT ( 'NONE',  ( 10.05308532237714836, 5.799999999999999822, 3.500000000000000444 ) ) ;
#5972 = ORIENTED_EDGE ( 'NONE', *, *, #1988, .F. ) ;
#5973 = VECTOR ( 'NONE', #8874, 1000.000000000000000 ) ;
#5974 = ORIENTED_EDGE ( 'NONE', *, *, #9552, .F. ) ;
#5975 = FILL_AREA_STYLE ('',( #6635 ) ) ;
#5976 = MECHANICAL_DESIGN_GEOMETRIC_PRESENTATION_REPRESENTATION (  '', ( #8662 ), #9763 ) ;
#5977 = CARTESIAN_POINT ( 'NONE',  ( -15.35000000000000320, 0.000000000000000000, 4.350000000000000533 ) ) ;
#5978 = VECTOR ( 'NONE', #9965, 999.9999999999998863 ) ;
#5979 = LINE ( 'NONE', #5065, #5783 ) ;
#5980 = ORIENTED_EDGE ( 'NONE', *, *, #3097, .F. ) ;
#5981 = CARTESIAN_POINT ( 'NONE',  ( 5.765711135040735513, 4.799999999999999822, 3.499999999999999556 ) ) ;
#5982 = DIRECTION ( 'NONE',  ( -1.000000000000000000, 0.000000000000000000, 4.280484862959055418E-16 ) ) ;
#5983 =( LENGTH_UNIT ( ) NAMED_UNIT ( * ) SI_UNIT ( .MILLI., .METRE. ) );
#5984 = DIRECTION ( 'NONE',  ( -0.000000000000000000, 1.000000000000000000, 0.000000000000000000 ) ) ;
#5985 = LINE ( 'NONE', #4802, #2011 ) ;
#5986 = ORIENTED_EDGE ( 'NONE', *, *, #9386, .T. ) ;
#5987 = FACE_OUTER_BOUND ( 'NONE', #4929, .T. ) ;
#5988 = FACE_OUTER_BOUND ( 'NONE', #494, .T. ) ;
#5989 = ORIENTED_EDGE ( 'NONE', *, *, #9642, .T. ) ;
#5990 = AXIS2_PLACEMENT_3D ( 'NONE', #246, #6360, #7116 ) ;
#5991 = CARTESIAN_POINT ( 'NONE',  ( -10.22059595405019827, 4.799999999999999822, -2.550000000000000711 ) ) ;
#5992 = ADVANCED_FACE ( 'NONE', ( #10114 ), #217, .T. ) ;
#5993 = FACE_OUTER_BOUND ( 'NONE', #6644, .T. ) ;
#5994 = CARTESIAN_POINT ( 'NONE',  ( -9.000000000000003553, 5.799999999999999822, 3.025000000000000799 ) ) ;
#5995 = ORIENTED_EDGE ( 'NONE', *, *, #1253, .F. ) ;
#5996 = FACE_OUTER_BOUND ( 'NONE', #9836, .T. ) ;
#5997 = AXIS2_PLACEMENT_3D ( 'NONE', #3094, #2582, #6304 ) ;
#5998 = VECTOR ( 'NONE', #1843, 1000.000000000000000 ) ;
#5999 = FILL_AREA_STYLE ('',( #792 ) ) ;
#6000 = PLANE ( 'NONE',  #1020 ) ;
#6001 = AXIS2_PLACEMENT_3D ( 'NONE', #2520, #1568, #11153 ) ;
#6002 = ORIENTED_EDGE ( 'NONE', *, *, #4458, .F. ) ;
#6003 = CARTESIAN_POINT ( 'NONE',  ( 6.149999999999997691, 5.799999999999999822, -3.500000000000000444 ) ) ;
#6004 = CARTESIAN_POINT ( 'NONE',  ( -1.634777130550480573, 5.799999999999999822, 0.1000000000000000056 ) ) ;
#6005 = CARTESIAN_POINT ( 'NONE',  ( 12.91571113504073587, 1.103909596859301789, 3.499999999999999556 ) ) ;
#6006 = FACE_OUTER_BOUND ( 'NONE', #5867, .T. ) ;
#6007 = ORIENTED_EDGE ( 'NONE', *, *, #3097, .T. ) ;
#6008 = FACE_OUTER_BOUND ( 'NONE', #8757, .T. ) ;
#6009 = LINE ( 'NONE', #5778, #9604 ) ;
#6010 = ORIENTED_EDGE ( 'NONE', *, *, #10726, .F. ) ;
#6011 = EDGE_CURVE ( 'NONE', #6809, #9238, #2421, .T. ) ;
#6012 = CARTESIAN_POINT ( 'NONE',  ( 6.350000000000001421, 0.5000000000000000000, 3.584999999999999964 ) ) ;
#6013 = DIRECTION ( 'NONE',  ( 0.9848077530122081313, 0.000000000000000000, 0.1736481776669298316 ) ) ;
#6014 = ORIENTED_EDGE ( 'NONE', *, *, #3164, .T. ) ;
#6015 = AXIS2_PLACEMENT_3D ( 'NONE', #11454, #821, #1715 ) ;
#6016 = DIRECTION ( 'NONE',  ( 0.000000000000000000, -1.000000000000000000, 0.000000000000000000 ) ) ;
#6017 = PLANE ( 'NONE',  #1419 ) ;
#6018 =( NAMED_UNIT ( * ) PLANE_ANGLE_UNIT ( ) SI_UNIT ( $, .RADIAN. ) );
#6019 = ADVANCED_FACE ( 'NONE', ( #6197 ), #1949, .F. ) ;
#6020 = LINE ( 'NONE', #10886, #1263 ) ;
#6021 = EDGE_CURVE ( 'NONE', #2073, #8341, #10055, .T. ) ;
#6022 = CYLINDRICAL_SURFACE ( 'NONE', #8568, 0.4750000000000005884 ) ;
#6023 = VERTEX_POINT ( 'NONE', #5671 ) ;
#6024 = VECTOR ( 'NONE', #257, 1000.000000000000000 ) ;
#6025 = VECTOR ( 'NONE', #7454, 1000.000000000000000 ) ;
#6026 = FACE_OUTER_BOUND ( 'NONE', #6638, .T. ) ;
#6027 = CARTESIAN_POINT ( 'NONE',  ( 0.000000000000000000, 4.799999999999999822, 0.000000000000000000 ) ) ;
#6028 = EDGE_CURVE ( 'NONE', #787, #5301, #10699, .T. ) ;
#6029 = ORIENTED_EDGE ( 'NONE', *, *, #8146, .F. ) ;
#6030 = CARTESIAN_POINT ( 'NONE',  ( 12.88013644433662819, 5.799999999999999822, 2.550000000000000711 ) ) ;
#6031 = VECTOR ( 'NONE', #9564, 1000.000000000000000 ) ;
#6032 = EDGE_LOOP ( 'NONE', ( #8241, #8435, #576, #1197 ) ) ;
#6033 = DIRECTION ( 'NONE',  ( 0.000000000000000000, 0.000000000000000000, -1.000000000000000000 ) ) ;
#6034 = EDGE_CURVE ( 'NONE', #2585, #7713, #6560, .T. ) ;
#6035 = AXIS2_PLACEMENT_3D ( 'NONE', #2665, #4278, #11360 ) ;
#6036 = CARTESIAN_POINT ( 'NONE',  ( -1.000000000000002665, 1.103909596859301789, -3.500000000000000444 ) ) ;
#6037 = SURFACE_STYLE_USAGE ( .BOTH. , #8908 ) ;
#6038 = LINE ( 'NONE', #7031, #1894 ) ;
#6039 = CARTESIAN_POINT ( 'NONE',  ( 14.99999999999999822, 4.799999999999999822, 3.025000000000000799 ) ) ;
#6040 = SURFACE_SIDE_STYLE ('',( #4075 ) ) ;
#6041 = LINE ( 'NONE', #8574, #9754 ) ;
#6042 = EDGE_LOOP ( 'NONE', ( #8362, #8665, #9047, #8071 ) ) ;
#6043 = ADVANCED_FACE ( 'NONE', ( #6867 ), #2753, .T. ) ;
#6044 = DIRECTION ( 'NONE',  ( 1.000000000000000000, 0.000000000000000000, -3.465154412871614037E-16 ) ) ;
#6045 = VECTOR ( 'NONE', #10703, 1000.000000000000000 ) ;
#6046 = FACE_OUTER_BOUND ( 'NONE', #8564, .T. ) ;
#6047 = PLANE ( 'NONE',  #707 ) ;
#6048 = CARTESIAN_POINT ( 'NONE',  ( 13.77940404594980173, 4.799999999999999822, -2.550000000000000711 ) ) ;
#6049 = ORIENTED_EDGE ( 'NONE', *, *, #473, .F. ) ;
#6050 = LINE ( 'NONE', #8440, #9673 ) ;
#6051 = VERTEX_POINT ( 'NONE', #2022 ) ;
#6052 = CARTESIAN_POINT ( 'NONE',  ( 5.779404045949801727, 1.103909596859301789, -2.550000000000000711 ) ) ;
#6053 = DIRECTION ( 'NONE',  ( 0.9848077530122079093, 0.000000000000000000, 0.1736481776669312749 ) ) ;
#6054 = CARTESIAN_POINT ( 'NONE',  ( 2.586474439020256089, 5.799999999999999822, 0.4750000000000004774 ) ) ;
#6055 = LINE ( 'NONE', #10545, #2309 ) ;
#6056 = VECTOR ( 'NONE', #9537, 999.9999999999998863 ) ;
#6057 = ORIENTED_EDGE ( 'NONE', *, *, #3576, .F. ) ;
#6058 = DIRECTION ( 'NONE',  ( 0.000000000000000000, 1.000000000000000000, 0.000000000000000000 ) ) ;
#6059 = CARTESIAN_POINT ( 'NONE',  ( 13.41352556097973547, 4.799999999999999822, -0.4750000000000000333 ) ) ;
#6060 = ADVANCED_FACE ( 'NONE', ( #2981 ), #6261, .T. ) ;
#6061 = CARTESIAN_POINT ( 'NONE',  ( 6.999999999999997335, 4.799999999999999822, -3.500000000000000888 ) ) ;
#6062 = LINE ( 'NONE', #8849, #5808 ) ;
#6063 = VECTOR ( 'NONE', #6163, 1000.000000000000000 ) ;
#6064 = CARTESIAN_POINT ( 'NONE',  ( -10.22059595405019827, 1.103909596859301789, -2.550000000000000711 ) ) ;
#6065 = AXIS2_PLACEMENT_3D ( 'NONE', #3912, #2904, #10042 ) ;
#6066 = ORIENTED_EDGE ( 'NONE', *, *, #7428, .T. ) ;
#6067 = DIRECTION ( 'NONE',  ( -1.000000000000000000, -0.000000000000000000, -2.072739447398754025E-16 ) ) ;
#6068 = VECTOR ( 'NONE', #208, 1000.000000000000000 ) ;
#6069 = DIRECTION ( 'NONE',  ( 0.000000000000000000, 1.000000000000000000, 0.000000000000000000 ) ) ;
#6070 = EDGE_CURVE ( 'NONE', #8460, #288, #2943, .T. ) ;
#6071 = ORIENTED_EDGE ( 'NONE', *, *, #497, .F. ) ;
#6072 = EDGE_CURVE ( 'NONE', #10983, #10412, #10743, .T. ) ;
#6073 = VECTOR ( 'NONE', #3336, 1000.000000000000000 ) ;
#6074 = CARTESIAN_POINT ( 'NONE',  ( 10.58647443902025564, 5.799999999999999822, 0.4750000000000004774 ) ) ;
#6075 = CARTESIAN_POINT ( 'NONE',  ( 13.76571113504073551, 4.799999999999999822, 3.499999999999999556 ) ) ;
#6076 = ORIENTED_EDGE ( 'NONE', *, *, #4474, .F. ) ;
#6077 = SURFACE_STYLE_USAGE ( .BOTH. , #9142 ) ;
#6078 = DIRECTION ( 'NONE',  ( 1.000000000000000000, 0.000000000000000000, -0.000000000000000000 ) ) ;
#6079 = DIRECTION ( 'NONE',  ( -0.1736481776669313026, 0.000000000000000000, 0.9848077530122079093 ) ) ;
#6080 = FACE_OUTER_BOUND ( 'NONE', #2149, .T. ) ;
#6081 = AXIS2_PLACEMENT_3D ( 'NONE', #5035, #5916, #10655 ) ;
#6082 = LINE ( 'NONE', #637, #1997 ) ;
#6083 = VECTOR ( 'NONE', #6734, 1000.000000000000000 ) ;
#6084 = ORIENTED_EDGE ( 'NONE', *, *, #5728, .T. ) ;
#6085 = EDGE_CURVE ( 'NONE', #4619, #2796, #3078, .T. ) ;
#6086 = ADVANCED_FACE ( 'NONE', ( #2789 ), #4529, .T. ) ;
#6087 = CYLINDRICAL_SURFACE ( 'NONE', #2734, 0.2249999999999999500 ) ;
#6088 = DIRECTION ( 'NONE',  ( -0.000000000000000000, 1.000000000000000000, -0.000000000000000000 ) ) ;
#6089 = DIRECTION ( 'NONE',  ( 0.9848077530122080203, -0.000000000000000000, 0.1736481776669307753 ) ) ;
#6090 = DIRECTION ( 'NONE',  ( 0.000000000000000000, -0.000000000000000000, 1.000000000000000000 ) ) ;
#6091 = MECHANICAL_DESIGN_GEOMETRIC_PRESENTATION_REPRESENTATION (  '', ( #7195 ), #3295 ) ;
#6092 = CARTESIAN_POINT ( 'NONE',  ( 1.850000000000000977, 4.799999999999999822, 3.500000000000000888 ) ) ;
#6093 = ORIENTED_EDGE ( 'NONE', *, *, #2306, .F. ) ;
#6094 = MECHANICAL_DESIGN_GEOMETRIC_PRESENTATION_REPRESENTATION (  '', ( #658 ), #6931 ) ;
#6095 = CARTESIAN_POINT ( 'NONE',  ( 12.71262581266358715, 1.103909596859301789, 3.500000000000000444 ) ) ;
#6096 = EDGE_CURVE ( 'NONE', #7232, #10740, #6926, .T. ) ;
#6097 = SURFACE_SIDE_STYLE ('',( #6506 ) ) ;
#6098 = PRODUCT_CONTEXT ( 'NONE', #5300, 'mechanical' ) ;
#6099 = VECTOR ( 'NONE', #9168, 1000.000000000000000 ) ;
#6100 = ORIENTED_EDGE ( 'NONE', *, *, #11487, .T. ) ;
#6101 = EDGE_CURVE ( 'NONE', #3560, #4675, #10831, .T. ) ;
#6102 = LINE ( 'NONE', #7170, #9706 ) ;
#6103 = VECTOR ( 'NONE', #1393, 1000.000000000000114 ) ;
#6104 = CARTESIAN_POINT ( 'NONE',  ( -1.000000000000002665, 4.799999999999999822, 3.500000000000001332 ) ) ;
#6105 = ORIENTED_EDGE ( 'NONE', *, *, #5836, .T. ) ;
#6106 = DIRECTION ( 'NONE',  ( 0.000000000000000000, -1.000000000000000000, -0.000000000000000000 ) ) ;
#6107 = FACE_OUTER_BOUND ( 'NONE', #7307, .T. ) ;
#6108 = DIRECTION ( 'NONE',  ( 0.000000000000000000, -1.000000000000000000, -0.000000000000000000 ) ) ;
#6109 = ORIENTED_EDGE ( 'NONE', *, *, #7904, .T. ) ;
#6110 = DIRECTION ( 'NONE',  ( 0.1736481776669313026, 0.000000000000000000, -0.9848077530122079093 ) ) ;
#6111 = PLANE ( 'NONE',  #5476 ) ;
#6112 = EDGE_CURVE ( 'NONE', #813, #7618, #6640, .T. ) ;
#6113 = ADVANCED_FACE ( 'NONE', ( #6902 ), #10397, .T. ) ;
#6114 = LINE ( 'NONE', #11394, #2276 ) ;
#6115 = MECHANICAL_DESIGN_GEOMETRIC_PRESENTATION_REPRESENTATION (  '', ( #9881 ), #2494 ) ;
#6116 = DIRECTION ( 'NONE',  ( 0.9848077530122081313, 0.000000000000000000, 0.1736481776669298593 ) ) ;
#6117 = DIRECTION ( 'NONE',  ( -0.000000000000000000, 1.000000000000000000, -0.000000000000000000 ) ) ;
#6118 = LINE ( 'NONE', #2964, #5998 ) ;
#6119 = VERTEX_POINT ( 'NONE', #6737 ) ;
#6120 = DIRECTION ( 'NONE',  ( -0.1736481776669302757, 0.000000000000000000, 0.9848077530122080203 ) ) ;
#6121 = FACE_OUTER_BOUND ( 'NONE', #44, .T. ) ;
#6122 = CYLINDRICAL_SURFACE ( 'NONE', #9032, 0.2250000000000003664 ) ;
#6123 = CARTESIAN_POINT ( 'NONE',  ( 5.946914677622842760, 4.799999999999999822, -3.500000000000000444 ) ) ;
#6124 = ORIENTED_EDGE ( 'NONE', *, *, #9392, .T. ) ;
#6125 = VECTOR ( 'NONE', #11271, 1000.000000000000000 ) ;
#6126 = ORIENTED_EDGE ( 'NONE', *, *, #7249, .T. ) ;
#6127 = DIRECTION ( 'NONE',  ( -1.000000000000000000, 0.000000000000000000, 1.630660900174878325E-16 ) ) ;
#6128 = CARTESIAN_POINT ( 'NONE',  ( 1.270000000000000240, 0.5000000000000000000, 3.584999999999999964 ) ) ;
#6129 = CARTESIAN_POINT ( 'NONE',  ( 0.000000000000000000, 4.799999999999999822, 0.000000000000000000 ) ) ;
#6130 = LINE ( 'NONE', #6104, #9827 ) ;
#6131 = ORIENTED_EDGE ( 'NONE', *, *, #7601, .F. ) ;
#6132 = ADVANCED_FACE ( 'NONE', ( #6795 ), #9426, .T. ) ;
#6133 = DIRECTION ( 'NONE',  ( -0.000000000000000000, 1.000000000000000000, -0.000000000000000000 ) ) ;
#6134 = CARTESIAN_POINT ( 'NONE',  ( 1.850000000000000977, 5.799999999999999822, 3.500000000000000444 ) ) ;
#6135 = CARTESIAN_POINT ( 'NONE',  ( 1.599511734408781694, 5.799999999999999822, 0.09999999999999982514 ) ) ;
#6136 = LINE ( 'NONE', #10943, #6024 ) ;
#6137 = VECTOR ( 'NONE', #1426, 1000.000000000000000 ) ;
#6138 = SURFACE_STYLE_USAGE ( .BOTH. , #1904 ) ;
#6139 = EDGE_LOOP ( 'NONE', ( #9472, #714, #10478, #8425 ) ) ;
#6140 = CARTESIAN_POINT ( 'NONE',  ( -1.000000000000002665, 4.799999999999999822, -3.500000000000000444 ) ) ;
#6141 = PLANE ( 'NONE',  #6252 ) ;
#6142 = ORIENTED_EDGE ( 'NONE', *, *, #5530, .F. ) ;
#6143 = AXIS2_PLACEMENT_3D ( 'NONE', #10082, #1409, #8292 ) ;
#6144 = AXIS2_PLACEMENT_3D ( 'NONE', #3044, #9818, #4815 ) ;
#6146 = EDGE_CURVE ( 'NONE', #2196, #680, #10527, .T. ) ;
#6145 = VECTOR ( 'NONE', #9096, 1000.000000000000000 ) ;
#6147 = CARTESIAN_POINT ( 'NONE',  ( 16.09999999999999787, 0.5000000000000000000, -4.350000000000000533 ) ) ;
#6148 = ORIENTED_EDGE ( 'NONE', *, *, #4602, .F. ) ;
#6149 = DIRECTION ( 'NONE',  ( 0.000000000000000000, 0.000000000000000000, 1.000000000000000000 ) ) ;
#6150 = ADVANCED_FACE ( 'NONE', ( #10797 ), #10319, .T. ) ;
#6151 = CARTESIAN_POINT ( 'NONE',  ( -1.269999999999999352, -15.53639610306789187, -4.035000000000001030 ) ) ;
#6152 = SURFACE_STYLE_FILL_AREA ( #9534 ) ;
#6153 = CIRCLE ( 'NONE', #7994, 0.2249999999999999500 ) ;
#6154 = ORIENTED_EDGE ( 'NONE', *, *, #3224, .F. ) ;
#6155 = CARTESIAN_POINT ( 'NONE',  ( 2.484777130550477331, 5.799999999999999822, -0.1000000000000000056 ) ) ;
#6156 = EDGE_CURVE ( 'NONE', #10106, #9793, #6948, .T. ) ;
#6157 = LINE ( 'NONE', #7516, #1945 ) ;
#6158 = FACE_OUTER_BOUND ( 'NONE', #11472, .T. ) ;
#6159 = DIRECTION ( 'NONE',  ( 0.000000000000000000, 1.000000000000000000, 0.000000000000000000 ) ) ;
#6160 = DIRECTION ( 'NONE',  ( -1.630660900174879311E-16, 0.000000000000000000, -1.000000000000000000 ) ) ;
#6161 = CARTESIAN_POINT ( 'NONE',  ( 2.053085322377148803, 5.799999999999999822, 3.500000000000000444 ) ) ;
#6162 = EDGE_LOOP ( 'NONE', ( #4325, #2916, #3817, #192 ) ) ;
#6163 = DIRECTION ( 'NONE',  ( -0.000000000000000000, -0.000000000000000000, -1.000000000000000000 ) ) ;
#6164 = SURFACE_STYLE_USAGE ( .BOTH. , #6097 ) ;
#6165 = APPLICATION_PROTOCOL_DEFINITION ( 'draft international standard', 'automotive_design', 1998, #5300 ) ;
#6166 = EDGE_CURVE ( 'NONE', #11229, #9495, #10549, .T. ) ;
#6167 = DIRECTION ( 'NONE',  ( -0.1736481776669302757, -0.000000000000000000, 0.9848077530122080203 ) ) ;
#6168 = FACE_OUTER_BOUND ( 'NONE', #4665, .T. ) ;
#6169 = ORIENTED_EDGE ( 'NONE', *, *, #10790, .F. ) ;
#6170 = EDGE_CURVE ( 'NONE', #9310, #8668, #2713, .T. ) ;
#6171 = VECTOR ( 'NONE', #1611, 1000.000000000000000 ) ;
#6172 = LINE ( 'NONE', #5221, #10026 ) ;
#6173 =( GEOMETRIC_REPRESENTATION_CONTEXT ( 3 ) GLOBAL_UNCERTAINTY_ASSIGNED_CONTEXT ( ( #7120 ) ) GLOBAL_UNIT_ASSIGNED_CONTEXT ( ( #6464, #10229, #1389 ) ) REPRESENTATION_CONTEXT ( 'NONE', 'WORKASPACE' ) );
#6174 = ORIENTED_EDGE ( 'NONE', *, *, #3293, .T. ) ;
#6175 = ADVANCED_FACE ( 'NONE', ( #2961 ), #10629, .T. ) ;
#6176 = VECTOR ( 'NONE', #5310, 1000.000000000000000 ) ;
#6177 = VERTEX_POINT ( 'NONE', #7689 ) ;
#6178 = DIRECTION ( 'NONE',  ( -0.000000000000000000, 1.000000000000000000, -0.000000000000000000 ) ) ;
#6179 = VECTOR ( 'NONE', #5593, 1000.000000000000000 ) ;
#6180 = ORIENTED_EDGE ( 'NONE', *, *, #1505, .F. ) ;
#6181 = CARTESIAN_POINT ( 'NONE',  ( -10.58647443902026453, 4.799999999999999822, -0.4750000000000000333 ) ) ;
#6182 =( NAMED_UNIT ( * ) SI_UNIT ( $, .STERADIAN. ) SOLID_ANGLE_UNIT ( ) );
#6183 = PLANE ( 'NONE',  #7879 ) ;
#6184 = DIRECTION ( 'NONE',  ( 0.000000000000000000, 0.000000000000000000, -1.000000000000000000 ) ) ;
#6185 = CARTESIAN_POINT ( 'NONE',  ( -1.000000000000002665, 4.799999999999999822, -3.500000000000000444 ) ) ;
#6186 = EDGE_CURVE ( 'NONE', #1391, #8582, #10444, .T. ) ;
#6187 = EDGE_CURVE ( 'NONE', #9270, #744, #6580, .T. ) ;
#6188 = DIRECTION ( 'NONE',  ( -0.000000000000000000, 1.000000000000000000, -0.000000000000000000 ) ) ;
#6189 = ORIENTED_EDGE ( 'NONE', *, *, #6072, .F. ) ;
#6190 = LINE ( 'NONE', #8073, #10062 ) ;
#6191 = CARTESIAN_POINT ( 'NONE',  ( -13.55048826559121622, 5.799999999999999822, 0.1000000000000000056 ) ) ;
#6192 = VECTOR ( 'NONE', #6645, 1000.000000000000000 ) ;
#6193 = LINE ( 'NONE', #1490, #6514 ) ;
#6194 = ORIENTED_EDGE ( 'NONE', *, *, #8270, .F. ) ;
#6195 = ORIENTED_EDGE ( 'NONE', *, *, #10684, .T. ) ;
#6196 = EDGE_LOOP ( 'NONE', ( #1301, #5231, #5320, #4681 ) ) ;
#6197 = FACE_OUTER_BOUND ( 'NONE', #7888, .T. ) ;
#6198 = VERTEX_POINT ( 'NONE', #622 ) ;
#6199 = DIRECTION ( 'NONE',  ( 0.000000000000000000, -0.000000000000000000, 1.000000000000000000 ) ) ;
#6200 = PLANE ( 'NONE',  #2006 ) ;
#6201 = DIRECTION ( 'NONE',  ( -0.9848077530122081313, 0.000000000000000000, -0.1736481776669303034 ) ) ;
#6202 = EDGE_CURVE ( 'NONE', #1429, #6783, #6851, .T. ) ;
#6203 = CARTESIAN_POINT ( 'NONE',  ( -10.48477713055048000, 4.799999999999999822, 0.09999999999999982514 ) ) ;
#6204 =( GEOMETRIC_REPRESENTATION_CONTEXT ( 3 ) GLOBAL_UNCERTAINTY_ASSIGNED_CONTEXT ( ( #4234 ) ) GLOBAL_UNIT_ASSIGNED_CONTEXT ( ( #1276, #581, #7565 ) ) REPRESENTATION_CONTEXT ( 'NONE', 'WORKASPACE' ) );
#6205 = EDGE_LOOP ( 'NONE', ( #3333, #8448, #11192, #1410 ) ) ;
#6206 = EDGE_CURVE ( 'NONE', #10740, #2848, #10482, .T. ) ;
#6207 = LINE ( 'NONE', #5479, #6428 ) ;
#6208 = EDGE_CURVE ( 'NONE', #11541, #3378, #3020, .T. ) ;
#6209 = CARTESIAN_POINT ( 'NONE',  ( 14.40048826559121409, 5.799999999999999822, -0.1000000000000000056 ) ) ;
#6210 = LINE ( 'NONE', #6922, #6137 ) ;
#6211 = VERTEX_POINT ( 'NONE', #6973 ) ;
#6212 = ORIENTED_EDGE ( 'NONE', *, *, #5812, .T. ) ;
#6213 = ORIENTED_EDGE ( 'NONE', *, *, #5202, .F. ) ;
#6214 = LINE ( 'NONE', #5565, #2365 ) ;
#6215 = CARTESIAN_POINT ( 'NONE',  ( 16.00000000000000000, 4.799999999999999822, 0.000000000000000000 ) ) ;
#6216 = EDGE_LOOP ( 'NONE', ( #8518, #4206, #2677, #373 ) ) ;
#6217 = AXIS2_PLACEMENT_3D ( 'NONE', #98, #5462, #7237 ) ;
#6218 = EDGE_CURVE ( 'NONE', #6577, #2420, #2909, .T. ) ;
#6219 = LINE ( 'NONE', #10829, #10188 ) ;
#6220 = CARTESIAN_POINT ( 'NONE',  ( 3.810000000000000941, -7.450000000000000178, 4.035000000000000142 ) ) ;
#6221 = CARTESIAN_POINT ( 'NONE',  ( 2.053085322377148803, 4.799999999999999822, 3.500000000000000444 ) ) ;
#6222 = AXIS2_PLACEMENT_3D ( 'NONE', #3303, #3503, #11258 ) ;
#6223 = ORIENTED_EDGE ( 'NONE', *, *, #7593, .T. ) ;
#6224 = FACE_OUTER_BOUND ( 'NONE', #10910, .T. ) ;
#6225 = ADVANCED_FACE ( 'NONE', ( #6619 ), #1314, .T. ) ;
#6226 = DIRECTION ( 'NONE',  ( -0.000000000000000000, 1.000000000000000000, -0.000000000000000000 ) ) ;
#6227 = DIRECTION ( 'NONE',  ( -0.000000000000000000, 1.000000000000000000, -0.000000000000000000 ) ) ;
#6228 = EDGE_CURVE ( 'NONE', #4098, #7582, #2815, .T. ) ;
#6229 = FACE_OUTER_BOUND ( 'NONE', #418, .T. ) ;
#6230 = ORIENTED_EDGE ( 'NONE', *, *, #2957, .T. ) ;
#6231 = CARTESIAN_POINT ( 'NONE',  ( 3.287374187336407516, 5.799999999999999822, -3.500000000000000000 ) ) ;
#6232 = ORIENTED_EDGE ( 'NONE', *, *, #8783, .T. ) ;
#6233 = PLANE ( 'NONE',  #2564 ) ;
#6234 = ORIENTED_EDGE ( 'NONE', *, *, #9723, .F. ) ;
#6235 = VECTOR ( 'NONE', #2697, 1000.000000000000000 ) ;
#6236 = DIRECTION ( 'NONE',  ( 0.000000000000000000, 1.000000000000000000, 0.000000000000000000 ) ) ;
#6237 = CARTESIAN_POINT ( 'NONE',  ( 10.75398507069329845, 4.799999999999999822, -0.4749999999999989231 ) ) ;
#6238 = ORIENTED_EDGE ( 'NONE', *, *, #4464, .T. ) ;
#6239 = DIRECTION ( 'NONE',  ( -0.000000000000000000, 1.000000000000000000, -0.000000000000000000 ) ) ;
#6240 =( NAMED_UNIT ( * ) SI_UNIT ( $, .STERADIAN. ) SOLID_ANGLE_UNIT ( ) );
#6241 = EDGE_CURVE ( 'NONE', #6415, #3834, #6664, .T. ) ;
#6242 = FACE_OUTER_BOUND ( 'NONE', #2363, .T. ) ;
#6243 = DIRECTION ( 'NONE',  ( -0.000000000000000000, 1.000000000000000000, -0.000000000000000000 ) ) ;
#6244 = CYLINDRICAL_SURFACE ( 'NONE', #3786, 0.2249999999999999500 ) ;
#6245 = VERTEX_POINT ( 'NONE', #6135 ) ;
#6246 = FACE_OUTER_BOUND ( 'NONE', #1120, .T. ) ;
#6247 = PRESENTATION_STYLE_ASSIGNMENT (( #5570 ) ) ;
#6248 = CARTESIAN_POINT ( 'NONE',  ( -3.287374187336412845, 1.103909596859301789, 3.500000000000000444 ) ) ;
#6249 = UNCERTAINTY_MEASURE_WITH_UNIT (LENGTH_MEASURE( 1.000000000000000082E-05 ), #1317, 'distance_accuracy_value', 'NONE');
#6250 = ORIENTED_EDGE ( 'NONE', *, *, #202, .F. ) ;
#6251 = EDGE_CURVE ( 'NONE', #2680, #7036, #6690, .T. ) ;
#6252 = AXIS2_PLACEMENT_3D ( 'NONE', #8074, #7923, #3442 ) ;
#6253 = VERTEX_POINT ( 'NONE', #3573 ) ;
#6254 = ORIENTED_EDGE ( 'NONE', *, *, #6789, .F. ) ;
#6255 = VECTOR ( 'NONE', #2999, 999.9999999999998863 ) ;
#6256 = ORIENTED_EDGE ( 'NONE', *, *, #3831, .F. ) ;
#6257 = DIRECTION ( 'NONE',  ( -1.000000000000000000, 0.000000000000000000, 4.280484862959055418E-16 ) ) ;
#6258 = ORIENTED_EDGE ( 'NONE', *, *, #4610, .F. ) ;
#6259 = FILL_AREA_STYLE_COLOUR ( '', #8822 ) ;
#6260 = CARTESIAN_POINT ( 'NONE',  ( -4.880136444336633517, 5.799999999999999822, -2.550000000000000711 ) ) ;
#6261 = PLANE ( 'NONE',  #10896 ) ;
#6262 =( GEOMETRIC_REPRESENTATION_CONTEXT ( 3 ) GLOBAL_UNCERTAINTY_ASSIGNED_CONTEXT ( ( #10695 ) ) GLOBAL_UNIT_ASSIGNED_CONTEXT ( ( #398, #166, #1014 ) ) REPRESENTATION_CONTEXT ( 'NONE', 'WORKASPACE' ) );
#6263 = DIRECTION ( 'NONE',  ( 1.000000000000000000, 0.000000000000000000, -0.000000000000000000 ) ) ;
#6264 = COLOUR_RGB ( '',0.7529411764705882248, 0.000000000000000000, 0.000000000000000000 ) ;
#6265 = VERTEX_POINT ( 'NONE', #8934 ) ;
#6266 = LINE ( 'NONE', #4798, #10274 ) ;
#6267 = DIRECTION ( 'NONE',  ( 1.000000000000000000, 0.000000000000000000, 0.000000000000000000 ) ) ;
#6268 = LINE ( 'NONE', #8443, #6285 ) ;
#6269 = VECTOR ( 'NONE', #10044, 1000.000000000000000 ) ;
#6270 = DIRECTION ( 'NONE',  ( 3.465154412871614037E-16, 0.000000000000000000, 1.000000000000000000 ) ) ;
#6271 = ORIENTED_EDGE ( 'NONE', *, *, #8311, .F. ) ;
#6272 = ADVANCED_FACE ( 'NONE', ( #10758 ), #1970, .T. ) ;
#6273 = ORIENTED_EDGE ( 'NONE', *, *, #5597, .T. ) ;
#6274 = ORIENTED_EDGE ( 'NONE', *, *, #10848, .F. ) ;
#6275 = SURFACE_STYLE_FILL_AREA ( #3909 ) ;
#6276 = VERTEX_POINT ( 'NONE', #8782 ) ;
#6277 = DIRECTION ( 'NONE',  ( -1.000000000000000000, -0.000000000000000000, -2.072739447398754025E-16 ) ) ;
#6278 = DIRECTION ( 'NONE',  ( 0.000000000000000000, -1.000000000000000000, 0.000000000000000000 ) ) ;
#6279 = ORIENTED_EDGE ( 'NONE', *, *, #8104, .T. ) ;
#6280 = SURFACE_SIDE_STYLE ('',( #1553 ) ) ;
#6281 = EDGE_LOOP ( 'NONE', ( #11298, #2779, #537, #7309 ) ) ;
#6282 = PLANE ( 'NONE',  #9632 ) ;
#6283 = AXIS2_PLACEMENT_3D ( 'NONE', #1019, #6357, #2719 ) ;
#6284 = CARTESIAN_POINT ( 'NONE',  ( 10.44951173440878378, 5.799999999999999822, 0.1000000000000000056 ) ) ;
#6285 = VECTOR ( 'NONE', #3150, 1000.000000000000000 ) ;
#6286 =( NAMED_UNIT ( * ) PLANE_ANGLE_UNIT ( ) SI_UNIT ( $, .RADIAN. ) );
#6287 = CARTESIAN_POINT ( 'NONE',  ( 12.91571113504073587, 5.799999999999999822, 3.499999999999999556 ) ) ;
#6288 = EDGE_CURVE ( 'NONE', #7731, #11541, #6775, .T. ) ;
#6289 = DIRECTION ( 'NONE',  ( -0.000000000000000000, 1.000000000000000000, -0.000000000000000000 ) ) ;
#6290 = ORIENTED_EDGE ( 'NONE', *, *, #7285, .T. ) ;
#6291 = CARTESIAN_POINT ( 'NONE',  ( 6.999999999999997335, 4.799999999999999822, 3.025000000000000799 ) ) ;
#6292 = VERTEX_POINT ( 'NONE', #9803 ) ;
#6293 = ORIENTED_EDGE ( 'NONE', *, *, #11385, .T. ) ;
#6294 = VECTOR ( 'NONE', #2540, 1000.000000000000000 ) ;
#6295 = CARTESIAN_POINT ( 'NONE',  ( -1.850000000000002753, 1.103909596859301789, -3.500000000000000444 ) ) ;
#6296 = EDGE_LOOP ( 'NONE', ( #1538, #1613, #9072, #8657, #5616, #8788, #997, #9068 ) ) ;
#6297 = EDGE_CURVE ( 'NONE', #2018, #1499, #3042, .T. ) ;
#6298 = ORIENTED_EDGE ( 'NONE', *, *, #6740, .T. ) ;
#6299 = VECTOR ( 'NONE', #2388, 1000.000000000000000 ) ;
#6300 = EDGE_CURVE ( 'NONE', #5324, #1849, #6707, .T. ) ;
#6301 = DIRECTION ( 'NONE',  ( -0.000000000000000000, 1.000000000000000000, -0.000000000000000000 ) ) ;
#6302 = FILL_AREA_STYLE_COLOUR ( '', #4594 ) ;
#6303 = ORIENTED_EDGE ( 'NONE', *, *, #4058, .T. ) ;
#6304 = DIRECTION ( 'NONE',  ( 0.1736481776669298316, 0.000000000000000000, -0.9848077530122081313 ) ) ;
#6305 = LINE ( 'NONE', #354, #6413 ) ;
#6306 = LINE ( 'NONE', #6460, #10006 ) ;
#6307 = ORIENTED_EDGE ( 'NONE', *, *, #7389, .F. ) ;
#6308 = VERTEX_POINT ( 'NONE', #4477 ) ;
#6309 = CARTESIAN_POINT ( 'NONE',  ( -1.000000000000002665, 4.799999999999999822, 3.025000000000000799 ) ) ;
#6310 = ORIENTED_EDGE ( 'NONE', *, *, #811, .F. ) ;
#6311 = AXIS2_PLACEMENT_3D ( 'NONE', #9317, #9391, #6697 ) ;
#6312 = COLOUR_RGB ( '',0.7529411764705882248, 0.000000000000000000, 0.000000000000000000 ) ;
#6313 = DIRECTION ( 'NONE',  ( -4.280484862959055418E-16, 0.000000000000000000, -1.000000000000000000 ) ) ;
#6314 = DIRECTION ( 'NONE',  ( 0.000000000000000000, 1.000000000000000000, 0.000000000000000000 ) ) ;
#6315 = VERTEX_POINT ( 'NONE', #3729 ) ;
#6316 = CARTESIAN_POINT ( 'NONE',  ( -10.05308532237715724, 5.799999999999999822, -3.500000000000000444 ) ) ;
#6317 = DIRECTION ( 'NONE',  ( -1.000000000000000000, 0.000000000000000000, -0.000000000000000000 ) ) ;
#6318 = ORIENTED_EDGE ( 'NONE', *, *, #6806, .F. ) ;
#6319 = VERTEX_POINT ( 'NONE', #5473 ) ;
#6320 = ADVANCED_FACE ( 'NONE', ( #2925 ), #10867, .T. ) ;
#6321 = LINE ( 'NONE', #9188, #6512 ) ;
#6322 = CIRCLE ( 'NONE', #11196, 0.4750000000000005884 ) ;
#6323 = VERTEX_POINT ( 'NONE', #4631 ) ;
#6324 = ORIENTED_EDGE ( 'NONE', *, *, #4707, .F. ) ;
#6325 = VERTEX_POINT ( 'NONE', #8860 ) ;
#6326 = CARTESIAN_POINT ( 'NONE',  ( 6.999999999999997335, 5.799999999999999822, -3.500000000000000444 ) ) ;
#6327 = EDGE_CURVE ( 'NONE', #1462, #156, #11041, .T. ) ;
#6328 = EDGE_LOOP ( 'NONE', ( #6131, #5432, #11063, #10874 ) ) ;
#6329 = DIRECTION ( 'NONE',  ( 0.000000000000000000, 1.000000000000000000, 0.000000000000000000 ) ) ;
#6330 = EDGE_CURVE ( 'NONE', #1660, #4438, #7311, .T. ) ;
#6331 = VERTEX_POINT ( 'NONE', #7178 ) ;
#6332 = DIRECTION ( 'NONE',  ( -0.000000000000000000, 1.000000000000000000, -0.000000000000000000 ) ) ;
#6333 = CARTESIAN_POINT ( 'NONE',  ( 0.000000000000000000, 4.799999999999999822, 0.000000000000000000 ) ) ;
#6334 = DIRECTION ( 'NONE',  ( -0.000000000000000000, 1.000000000000000000, -0.000000000000000000 ) ) ;
#6335 = CARTESIAN_POINT ( 'NONE',  ( 5.246014929306694441, 4.799999999999999822, 0.4749999999999995892 ) ) ;
#6336 = PRESENTATION_STYLE_ASSIGNMENT (( #9696 ) ) ;
#6337 = ORIENTED_EDGE ( 'NONE', *, *, #8703, .T. ) ;
#6338 = DIRECTION ( 'NONE',  ( -0.000000000000000000, 1.000000000000000000, -0.000000000000000000 ) ) ;
#6339 = LINE ( 'NONE', #3720, #10215 ) ;
#6340 = VECTOR ( 'NONE', #10960, 1000.000000000000114 ) ;
#6341 = ORIENTED_EDGE ( 'NONE', *, *, #10942, .F. ) ;
#6342 = ORIENTED_EDGE ( 'NONE', *, *, #8476, .T. ) ;
#6343 = VERTEX_POINT ( 'NONE', #11491 ) ;
#6344 = LINE ( 'NONE', #677, #10074 ) ;
#6345 = CARTESIAN_POINT ( 'NONE',  ( 1.270000000000000240, -15.53639610306789187, -3.585000000000000853 ) ) ;
#6346 = STYLED_ITEM ( 'NONE', ( #950 ), #7312 ) ;
#6347 = VERTEX_POINT ( 'NONE', #8149 ) ;
#6348 = CARTESIAN_POINT ( 'NONE',  ( -2.484777130550480884, 4.799999999999999822, 0.09999999999999982514 ) ) ;
#6349 =( LENGTH_UNIT ( ) NAMED_UNIT ( * ) SI_UNIT ( .MILLI., .METRE. ) );
#6350 = AXIS2_PLACEMENT_3D ( 'NONE', #7329, #10405, #625 ) ;
#6351 = EDGE_CURVE ( 'NONE', #8247, #5547, #10954, .T. ) ;
#6352 = ORIENTED_EDGE ( 'NONE', *, *, #8870, .T. ) ;
#6353 = DIRECTION ( 'NONE',  ( 0.1736481776669307753, -0.000000000000000000, -0.9848077530122080203 ) ) ;
#6354 = EDGE_LOOP ( 'NONE', ( #9469, #10408 ) ) ;
#6355 = LINE ( 'NONE', #3106, #9823 ) ;
#6356 = FILL_AREA_STYLE ('',( #3641 ) ) ;
#6357 = DIRECTION ( 'NONE',  ( 0.000000000000000000, 1.000000000000000000, 0.000000000000000000 ) ) ;
#6358 = LINE ( 'NONE', #4014, #6192 ) ;
#6359 = EDGE_CURVE ( 'NONE', #2516, #11162, #3197, .T. ) ;
#6360 = DIRECTION ( 'NONE',  ( 3.465154412871613544E-16, -0.000000000000000000, 1.000000000000000000 ) ) ;
#6361 = FACE_OUTER_BOUND ( 'NONE', #7690, .T. ) ;
#6362 = CARTESIAN_POINT ( 'NONE',  ( 8.000000000000000000, 4.799999999999999822, 0.000000000000000000 ) ) ;
#6363 = ORIENTED_EDGE ( 'NONE', *, *, #1898, .F. ) ;
#6364 = DIRECTION ( 'NONE',  ( -0.1736481776669298871, 0.000000000000000000, 0.9848077530122081313 ) ) ;
#6365 = MANIFOLD_SOLID_BREP ( 'LPattern2[10]', #4587 ) ;
#6366 = ADVANCED_FACE ( 'NONE', ( #11163 ), #5342, .F. ) ;
#6367 = VERTEX_POINT ( 'NONE', #7115 ) ;
#6368 = ORIENTED_EDGE ( 'NONE', *, *, #1033, .T. ) ;
#6369 = DIRECTION ( 'NONE',  ( -0.000000000000000000, 1.000000000000000000, -0.000000000000000000 ) ) ;
#6370 = VERTEX_POINT ( 'NONE', #3440 ) ;
#6371 = EDGE_CURVE ( 'NONE', #7348, #3028, #3269, .T. ) ;
#6372 = DIRECTION ( 'NONE',  ( 0.000000000000000000, 0.000000000000000000, -1.000000000000000000 ) ) ;
#6373 = DIRECTION ( 'NONE',  ( 0.1736481776669313026, -0.000000000000000000, -0.9848077530122079093 ) ) ;
#6374 = ORIENTED_EDGE ( 'NONE', *, *, #934, .F. ) ;
#6375 = EDGE_CURVE ( 'NONE', #9500, #3663, #11113, .T. ) ;
#6376 = STYLED_ITEM ( 'NONE', ( #4443 ), #11516 ) ;
#6377 = CARTESIAN_POINT ( 'NONE',  ( 13.55048826559121444, 4.799999999999999822, -0.09999999999999982514 ) ) ;
#6378 = EDGE_LOOP ( 'NONE', ( #6461, #5765, #5745, #5727 ) ) ;
#6379 = DIRECTION ( 'NONE',  ( 0.000000000000000000, -1.000000000000000000, 0.000000000000000000 ) ) ;
#6380 = CARTESIAN_POINT ( 'NONE',  ( -5.515222869449522669, 5.799999999999999822, -0.1000000000000000056 ) ) ;
#6381 = FACE_OUTER_BOUND ( 'NONE', #10304, .T. ) ;
#6382 = VECTOR ( 'NONE', #10672, 1000.000000000000000 ) ;
#6383 = VERTEX_POINT ( 'NONE', #858 ) ;
#6384 = DIRECTION ( 'NONE',  ( 0.000000000000000000, 0.000000000000000000, 1.000000000000000000 ) ) ;
#6385 = VERTEX_POINT ( 'NONE', #5266 ) ;
#6386 = ORIENTED_EDGE ( 'NONE', *, *, #9912, .T. ) ;
#6387 = FACE_OUTER_BOUND ( 'NONE', #11006, .T. ) ;
#6388 = CARTESIAN_POINT ( 'NONE',  ( -2.449511734408785113, 4.799999999999999822, -0.09999999999999982514 ) ) ;
#6389 = PLANE ( 'NONE',  #9832 ) ;
#6390 = VERTEX_POINT ( 'NONE', #10646 ) ;
#6391 = ORIENTED_EDGE ( 'NONE', *, *, #2623, .T. ) ;
#6392 = EDGE_CURVE ( 'NONE', #5795, #8667, #7332, .T. ) ;
#6393 = MECHANICAL_DESIGN_GEOMETRIC_PRESENTATION_REPRESENTATION (  '', ( #11134 ), #7112 ) ;
#6394 = DIRECTION ( 'NONE',  ( 0.000000000000000000, 0.000000000000000000, 1.000000000000000000 ) ) ;
#6395 = DIRECTION ( 'NONE',  ( 0.000000000000000000, 1.000000000000000000, 0.000000000000000000 ) ) ;
#6396 = FACE_OUTER_BOUND ( 'NONE', #2478, .T. ) ;
#6397 = ORIENTED_EDGE ( 'NONE', *, *, #8335, .F. ) ;
#6398 = LINE ( 'NONE', #5576, #2449 ) ;
#6399 = CARTESIAN_POINT ( 'NONE',  ( -15.00000000000000000, 5.799999999999999822, 3.500000000000000444 ) ) ;
#6400 = ORIENTED_EDGE ( 'NONE', *, *, #1305, .F. ) ;
#6401 = VERTEX_POINT ( 'NONE', #2051 ) ;
#6402 = ORIENTED_EDGE ( 'NONE', *, *, #11114, .F. ) ;
#6403 = ORIENTED_EDGE ( 'NONE', *, *, #10029, .T. ) ;
#6404 = AXIS2_PLACEMENT_3D ( 'NONE', #10116, #2224, #2146 ) ;
#6405 =( GEOMETRIC_REPRESENTATION_CONTEXT ( 3 ) GLOBAL_UNCERTAINTY_ASSIGNED_CONTEXT ( ( #9264 ) ) GLOBAL_UNIT_ASSIGNED_CONTEXT ( ( #953, #7932, #10659 ) ) REPRESENTATION_CONTEXT ( 'NONE', 'WORKASPACE' ) );
#6406 = VERTEX_POINT ( 'NONE', #9298 ) ;
#6407 = CARTESIAN_POINT ( 'NONE',  ( -10.44951173440878556, 1.103909596859301789, -0.09999999999999982514 ) ) ;
#6408 = DIRECTION ( 'NONE',  ( 0.9848077530122081313, 0.000000000000000000, 0.1736481776669298593 ) ) ;
#6409 = EDGE_CURVE ( 'NONE', #4976, #7127, #7061, .T. ) ;
#6410 = ORIENTED_EDGE ( 'NONE', *, *, #8639, .F. ) ;
#6411 = LINE ( 'NONE', #10869, #2354 ) ;
#6412 = ADVANCED_FACE ( 'NONE', ( #3214 ), #10932, .T. ) ;
#6413 = VECTOR ( 'NONE', #278, 1000.000000000000000 ) ;
#6414 = ORIENTED_EDGE ( 'NONE', *, *, #9867, .F. ) ;
#6415 = VERTEX_POINT ( 'NONE', #3961 ) ;
#6416 = ORIENTED_EDGE ( 'NONE', *, *, #3696, .T. ) ;
#6417 = DIRECTION ( 'NONE',  ( 0.000000000000000000, 0.000000000000000000, -1.000000000000000000 ) ) ;
#6418 = EDGE_LOOP ( 'NONE', ( #5052, #10468, #8970, #10366 ) ) ;
#6419 = DIRECTION ( 'NONE',  ( -0.1736481776669307475, 0.000000000000000000, 0.9848077530122080203 ) ) ;
#6420 = AXIS2_PLACEMENT_3D ( 'NONE', #10978, #4090, #6567 ) ;
#6421 = EDGE_LOOP ( 'NONE', ( #8593, #905 ) ) ;
#6422 = SURFACE_SIDE_STYLE ('',( #7961 ) ) ;
#6423 = DIRECTION ( 'NONE',  ( 0.000000000000000000, 0.000000000000000000, 1.000000000000000000 ) ) ;
#6424 = CARTESIAN_POINT ( 'NONE',  ( 14.36522286944951965, 4.799999999999999822, 0.1000000000000000056 ) ) ;
#6425 = EDGE_CURVE ( 'NONE', #4359, #3526, #7027, .T. ) ;
#6426 = CARTESIAN_POINT ( 'NONE',  ( 14.40048826559121409, 4.799999999999999822, -0.1000000000000000056 ) ) ;
#6427 = ORIENTED_EDGE ( 'NONE', *, *, #8229, .T. ) ;
#6428 = VECTOR ( 'NONE', #323, 999.9999999999998863 ) ;
#6429 = FILL_AREA_STYLE_COLOUR ( '', #919 ) ;
#6430 = EDGE_CURVE ( 'NONE', #4816, #2221, #7275, .T. ) ;
#6431 = CARTESIAN_POINT ( 'NONE',  ( -2.484777130550480884, 5.799999999999999822, 0.09999999999999982514 ) ) ;
#6432 =( NAMED_UNIT ( * ) SI_UNIT ( $, .STERADIAN. ) SOLID_ANGLE_UNIT ( ) );
#6433 = VECTOR ( 'NONE', #10134, 999.9999999999998863 ) ;
#6434 = DIRECTION ( 'NONE',  ( -1.000000000000000000, 0.000000000000000000, 0.000000000000000000 ) ) ;
#6435 = AXIS2_PLACEMENT_3D ( 'NONE', #11117, #2256, #4931 ) ;
#6436 = CARTESIAN_POINT ( 'NONE',  ( -10.23428886495926449, 1.103909596859301789, 3.499999999999999556 ) ) ;
#6437 = ORIENTED_EDGE ( 'NONE', *, *, #7864, .T. ) ;
#6438 = CLOSED_SHELL ( 'NONE', ( #3928, #6797, #2739, #2193, #2145, #9499 ) ) ;
#6439 = EDGE_LOOP ( 'NONE', ( #8921, #9780, #9609, #9709 ) ) ;
#6440 = VECTOR ( 'NONE', #7163, 1000.000000000000000 ) ;
#6441 = CARTESIAN_POINT ( 'NONE',  ( 13.24601492930669444, 5.799999999999999822, 0.4749999999999995892 ) ) ;
#6442 = ORIENTED_EDGE ( 'NONE', *, *, #6251, .F. ) ;
#6443 = DIRECTION ( 'NONE',  ( -0.9848077530122079093, 0.000000000000000000, -0.1736481776669316635 ) ) ;
#6444 = ORIENTED_EDGE ( 'NONE', *, *, #8284, .T. ) ;
#6445 = FACE_OUTER_BOUND ( 'NONE', #6900, .T. ) ;
#6446 = DIRECTION ( 'NONE',  ( -0.000000000000000000, 1.000000000000000000, -0.000000000000000000 ) ) ;
#6447 = VERTEX_POINT ( 'NONE', #8385 ) ;
#6448 = FACE_OUTER_BOUND ( 'NONE', #1217, .T. ) ;
#6449 = DIRECTION ( 'NONE',  ( 0.000000000000000000, 0.000000000000000000, 1.000000000000000000 ) ) ;
#6450 = CARTESIAN_POINT ( 'NONE',  ( 15.34999999999999609, 0.000000000000000000, -4.350000000000000533 ) ) ;
#6451 = LINE ( 'NONE', #7006, #10152 ) ;
#6452 = EDGE_LOOP ( 'NONE', ( #9140, #9550, #8386, #5304 ) ) ;
#6453 = CARTESIAN_POINT ( 'NONE',  ( 12.88013644433662819, 4.799999999999999822, 2.550000000000000711 ) ) ;
#6454 = ADVANCED_FACE ( 'NONE', ( #7350 ), #9450, .T. ) ;
#6455 = ORIENTED_EDGE ( 'NONE', *, *, #8783, .F. ) ;
#6456 = ORIENTED_EDGE ( 'NONE', *, *, #2747, .F. ) ;
#6457 = CARTESIAN_POINT ( 'NONE',  ( 1.634777130550475466, 4.799999999999999822, -0.09999999999999982514 ) ) ;
#6458 = CARTESIAN_POINT ( 'NONE',  ( 1.270000000000000240, -7.450000000000000178, 3.810000000000000053 ) ) ;
#6459 = VERTEX_POINT ( 'NONE', #245 ) ;
#6460 = CARTESIAN_POINT ( 'NONE',  ( -13.24601492930670155, 1.103909596859301789, -0.4749999999999989231 ) ) ;
#6461 = ORIENTED_EDGE ( 'NONE', *, *, #5917, .F. ) ;
#6462 = DIRECTION ( 'NONE',  ( -0.1736481776669316357, 0.000000000000000000, 0.9848077530122077983 ) ) ;
#6463 = AXIS2_PLACEMENT_3D ( 'NONE', #10101, #1105, #11009 ) ;
#6464 =( LENGTH_UNIT ( ) NAMED_UNIT ( * ) SI_UNIT ( .MILLI., .METRE. ) );
#6465 = PLANE ( 'NONE',  #9075 ) ;
#6466 = DIRECTION ( 'NONE',  ( -0.9848077530122081313, 0.000000000000000000, -0.1736481776669303034 ) ) ;
#6467 = PRESENTATION_STYLE_ASSIGNMENT (( #7152 ) ) ;
#6468 = ORIENTED_EDGE ( 'NONE', *, *, #11241, .F. ) ;
#6469 = SURFACE_STYLE_FILL_AREA ( #11151 ) ;
#6470 = LINE ( 'NONE', #448, #2687 ) ;
#6471 = FACE_OUTER_BOUND ( 'NONE', #6498, .T. ) ;
#6472 = CARTESIAN_POINT ( 'NONE',  ( -9.000000000000003553, 4.799999999999999822, 3.025000000000000799 ) ) ;
#6473 = EDGE_LOOP ( 'NONE', ( #3569, #1091, #6238, #4468 ) ) ;
#6474 = ORIENTED_EDGE ( 'NONE', *, *, #1107, .F. ) ;
#6475 = ORIENTED_EDGE ( 'NONE', *, *, #9783, .T. ) ;
#6476 = CARTESIAN_POINT ( 'NONE',  ( -2.220595954050198717, 4.799999999999999822, -2.550000000000000711 ) ) ;
#6477 = LINE ( 'NONE', #6185, #2477 ) ;
#6478 = EDGE_LOOP ( 'NONE', ( #9137, #9575, #1475, #4560 ) ) ;
#6479 = AXIS2_PLACEMENT_3D ( 'NONE', #6181, #9051, #6257 ) ;
#6480 = ORIENTED_EDGE ( 'NONE', *, *, #9837, .F. ) ;
#6481 = DIRECTION ( 'NONE',  ( -0.000000000000000000, 1.000000000000000000, -0.000000000000000000 ) ) ;
#6482 = PLANE ( 'NONE',  #10702 ) ;
#6483 = DIRECTION ( 'NONE',  ( 2.072739447398754025E-16, 0.000000000000000000, 1.000000000000000000 ) ) ;
#6484 = EDGE_CURVE ( 'NONE', #10857, #1378, #6987, .T. ) ;
#6485 = MECHANICAL_DESIGN_GEOMETRIC_PRESENTATION_REPRESENTATION (  '', ( #6643 ), #3036 ) ;
#6486 = VERTEX_POINT ( 'NONE', #2280 ) ;
#6487 = VECTOR ( 'NONE', #4409, 1000.000000000000000 ) ;
#6488 = DIRECTION ( 'NONE',  ( -0.1736481776669298871, 0.000000000000000000, 0.9848077530122081313 ) ) ;
#6489 = AXIS2_PLACEMENT_3D ( 'NONE', #10677, #11448, #3330 ) ;
#6490 = CARTESIAN_POINT ( 'NONE',  ( 14.36522286944951965, 4.799999999999999822, 0.1000000000000000056 ) ) ;
#6491 = VECTOR ( 'NONE', #3919, 1000.000000000000000 ) ;
#6492 = EDGE_CURVE ( 'NONE', #4518, #1158, #10851, .T. ) ;
#6493 = LINE ( 'NONE', #5297, #10109 ) ;
#6494 = ORIENTED_EDGE ( 'NONE', *, *, #10707, .F. ) ;
#6495 = EDGE_LOOP ( 'NONE', ( #8858, #9063, #8898, #5116 ) ) ;
#6496 = VERTEX_POINT ( 'NONE', #5931 ) ;
#6497 = LINE ( 'NONE', #8123, #6255 ) ;
#6498 = EDGE_LOOP ( 'NONE', ( #5906, #5520 ) ) ;
#6499 = CARTESIAN_POINT ( 'NONE',  ( -0.2205331856370015831, 5.799999999999999822, 1.250705846325504966 ) ) ;
#6500 = ORIENTED_EDGE ( 'NONE', *, *, #2747, .T. ) ;
#6501 = PLANE ( 'NONE',  #1690 ) ;
#6502 = CARTESIAN_POINT ( 'NONE',  ( 6.350000000000001421, 0.5000000000000000000, -4.035000000000001030 ) ) ;
#6503 = EDGE_CURVE ( 'NONE', #2397, #6315, #3335, .T. ) ;
#6504 = CARTESIAN_POINT ( 'NONE',  ( -9.000000000000003553, 4.799999999999999822, 2.550000000000000266 ) ) ;
#6505 = CLOSED_SHELL ( 'NONE', ( #7987, #7647, #4132, #11044, #7379, #3267 ) ) ;
#6506 = SURFACE_STYLE_FILL_AREA ( #8731 ) ;
#6507 = ADVANCED_FACE ( 'NONE', ( #7190 ), #3355, .T. ) ;
#6508 = CARTESIAN_POINT ( 'NONE',  ( 1.270000000000000240, -7.450000000000000178, 4.035000000000000142 ) ) ;
#6509 = EDGE_CURVE ( 'NONE', #1233, #7725, #3177, .T. ) ;
#6510 = CARTESIAN_POINT ( 'NONE',  ( -6.349999999999999645, -15.53639610306789187, 3.584999999999999964 ) ) ;
#6511 = CARTESIAN_POINT ( 'NONE',  ( -9.599511734408787689, 5.799999999999999822, -0.1000000000000000056 ) ) ;
#6512 = VECTOR ( 'NONE', #8180, 999.9999999999998863 ) ;
#6513 = FILL_AREA_STYLE ('',( #2798 ) ) ;
#6514 = VECTOR ( 'NONE', #3257, 1000.000000000000000 ) ;
#6515 = CARTESIAN_POINT ( 'NONE',  ( 14.99999999999999822, 5.799999999999999822, -3.500000000000000444 ) ) ;
#6516 = PLANE ( 'NONE',  #7050 ) ;
#6517 = EDGE_LOOP ( 'NONE', ( #6444, #9585, #2716, #2537 ) ) ;
#6518 = EDGE_CURVE ( 'NONE', #1882, #1270, #11076, .T. ) ;
#6519 = DIRECTION ( 'NONE',  ( 0.000000000000000000, 1.000000000000000000, 0.000000000000000000 ) ) ;
#6520 = AXIS2_PLACEMENT_3D ( 'NONE', #540, #2186, #6899 ) ;
#6521 = EDGE_LOOP ( 'NONE', ( #1698, #10649, #2970, #10204 ) ) ;
#6522 = ORIENTED_EDGE ( 'NONE', *, *, #4474, .T. ) ;
#6523 =( NAMED_UNIT ( * ) PLANE_ANGLE_UNIT ( ) SI_UNIT ( $, .RADIAN. ) );
#6524 = ORIENTED_EDGE ( 'NONE', *, *, #2762, .T. ) ;
#6525 = MANIFOLD_SOLID_BREP ( 'Boss-Extrude2[6]', #6438 ) ;
#6526 = DIRECTION ( 'NONE',  ( -0.000000000000000000, 0.000000000000000000, 1.000000000000000000 ) ) ;
#6527 = ORIENTED_EDGE ( 'NONE', *, *, #8639, .T. ) ;
#6528 = UNCERTAINTY_MEASURE_WITH_UNIT (LENGTH_MEASURE( 1.000000000000000082E-05 ), #5471, 'distance_accuracy_value', 'NONE');
#6529 = AXIS2_PLACEMENT_3D ( 'NONE', #2684, #3339, #5152 ) ;
#6530 = DIRECTION ( 'NONE',  ( -0.000000000000000000, -1.000000000000000000, -0.000000000000000000 ) ) ;
#6531 = VERTEX_POINT ( 'NONE', #10014 ) ;
#6532 = CARTESIAN_POINT ( 'NONE',  ( 9.634777130550475022, 4.799999999999999822, -0.09999999999999982514 ) ) ;
#6533 = LINE ( 'NONE', #6426, #2512 ) ;
#6534 = CARTESIAN_POINT ( 'NONE',  ( 10.22059595405019117, 4.799999999999999822, 2.550000000000001155 ) ) ;
#6535 = ORIENTED_EDGE ( 'NONE', *, *, #5836, .F. ) ;
#6536 = CARTESIAN_POINT ( 'NONE',  ( 6.400488265591213199, 4.799999999999999822, -0.1000000000000000056 ) ) ;
#6537 = ORIENTED_EDGE ( 'NONE', *, *, #4552, .T. ) ;
#6538 = CARTESIAN_POINT ( 'NONE',  ( -10.58647443902026453, 1.103909596859301789, -0.4750000000000000333 ) ) ;
#6539 = ORIENTED_EDGE ( 'NONE', *, *, #2968, .F. ) ;
#6540 = VECTOR ( 'NONE', #3348, 1000.000000000000000 ) ;
#6541 =( NAMED_UNIT ( * ) SI_UNIT ( $, .STERADIAN. ) SOLID_ANGLE_UNIT ( ) );
#6542 = ORIENTED_EDGE ( 'NONE', *, *, #1756, .T. ) ;
#6543 = AXIS2_PLACEMENT_3D ( 'NONE', #4794, #6596, #4879 ) ;
#6544 = DIRECTION ( 'NONE',  ( 0.000000000000000000, 1.000000000000000000, 0.000000000000000000 ) ) ;
#6545 = DIRECTION ( 'NONE',  ( -1.000000000000000000, 0.000000000000000000, 1.630660900174879311E-16 ) ) ;
#6546 = ORIENTED_EDGE ( 'NONE', *, *, #660, .F. ) ;
#6547 = SURFACE_STYLE_USAGE ( .BOTH. , #5653 ) ;
#6548 = DIRECTION ( 'NONE',  ( 0.1736481776669307753, 0.000000000000000000, -0.9848077530122080203 ) ) ;
#6549 = CARTESIAN_POINT ( 'NONE',  ( 11.11986355566336648, 4.799999999999999822, -2.550000000000000711 ) ) ;
#6550 = EDGE_LOOP ( 'NONE', ( #10891, #2458 ) ) ;
#6551 = VECTOR ( 'NONE', #7948, 1000.000000000000114 ) ;
#6552 = AXIS2_PLACEMENT_3D ( 'NONE', #582, #9702, #6033 ) ;
#6553 = VECTOR ( 'NONE', #645, 1000.000000000000000 ) ;
#6554 =( NAMED_UNIT ( * ) SI_UNIT ( $, .STERADIAN. ) SOLID_ANGLE_UNIT ( ) );
#6555 = ORIENTED_EDGE ( 'NONE', *, *, #3651, .T. ) ;
#6556 = ADVANCED_FACE ( 'NONE', ( #3727 ), #9375, .T. ) ;
#6557 = ORIENTED_EDGE ( 'NONE', *, *, #8708, .T. ) ;
#6558 = ORIENTED_EDGE ( 'NONE', *, *, #9642, .F. ) ;
#6559 = PLANE ( 'NONE',  #1971 ) ;
#6560 = LINE ( 'NONE', #9206, #10668 ) ;
#6561 = VERTEX_POINT ( 'NONE', #1423 ) ;
#6562 = EDGE_CURVE ( 'NONE', #3712, #1158, #3665, .T. ) ;
#6563 = ORIENTED_EDGE ( 'NONE', *, *, #10355, .F. ) ;
#6564 = CARTESIAN_POINT ( 'NONE',  ( 24.00000000000000000, 4.799999999999999822, 0.000000000000000000 ) ) ;
#6565 = STYLED_ITEM ( 'NONE', ( #6336 ), #4086 ) ;
#6566 = DIRECTION ( 'NONE',  ( -0.1736481776669313026, -0.000000000000000000, 0.9848077530122079093 ) ) ;
#6567 = DIRECTION ( 'NONE',  ( 0.1736481776669307475, 0.000000000000000000, -0.9848077530122080203 ) ) ;
#6568 = DIRECTION ( 'NONE',  ( -0.000000000000000000, 1.000000000000000000, -0.000000000000000000 ) ) ;
#6569 = DIRECTION ( 'NONE',  ( 0.000000000000000000, 1.000000000000000000, 0.000000000000000000 ) ) ;
#6570 = EDGE_CURVE ( 'NONE', #9635, #1788, #11523, .T. ) ;
#6571 = FILL_AREA_STYLE_COLOUR ( '', #4754 ) ;
#6572 = ORIENTED_EDGE ( 'NONE', *, *, #4166, .F. ) ;
#6573 = DIRECTION ( 'NONE',  ( -1.000000000000000000, 0.000000000000000000, 0.000000000000000000 ) ) ;
#6574 = CARTESIAN_POINT ( 'NONE',  ( 14.14999999999999680, 5.799999999999999822, -3.500000000000000444 ) ) ;
#6575 = SURFACE_STYLE_FILL_AREA ( #1375 ) ;
#6576 = VECTOR ( 'NONE', #8587, 1000.000000000000000 ) ;
#6577 = VERTEX_POINT ( 'NONE', #3183 ) ;
#6578 = ORIENTED_EDGE ( 'NONE', *, *, #10144, .F. ) ;
#6579 = EDGE_LOOP ( 'NONE', ( #4838, #6124, #1733, #9850 ) ) ;
#6580 = LINE ( 'NONE', #8618, #2888 ) ;
#6581 = ORIENTED_EDGE ( 'NONE', *, *, #6330, .T. ) ;
#6582 = DIRECTION ( 'NONE',  ( 0.000000000000000000, 0.000000000000000000, 1.000000000000000000 ) ) ;
#6583 = DIRECTION ( 'NONE',  ( -0.000000000000000000, 1.000000000000000000, -0.000000000000000000 ) ) ;
#6584 = ORIENTED_EDGE ( 'NONE', *, *, #10772, .T. ) ;
#6585 = EDGE_CURVE ( 'NONE', #10281, #3609, #11404, .T. ) ;
#6586 = DIRECTION ( 'NONE',  ( 0.000000000000000000, 0.000000000000000000, -1.000000000000000000 ) ) ;
#6587 = DIRECTION ( 'NONE',  ( 0.1736481776669298316, 0.000000000000000000, -0.9848077530122082424 ) ) ;
#6588 = AXIS2_PLACEMENT_3D ( 'NONE', #136, #2983, #4000 ) ;
#6589 = CARTESIAN_POINT ( 'NONE',  ( -15.00000000000000000, 5.799999999999999822, 3.500000000000000444 ) ) ;
#6590 = EDGE_LOOP ( 'NONE', ( #5383, #8848 ) ) ;
#6591 = VECTOR ( 'NONE', #809, 1000.000000000000000 ) ;
#6592 = DIRECTION ( 'NONE',  ( 0.1736481776669307475, 0.000000000000000000, -0.9848077530122080203 ) ) ;
#6593 = CARTESIAN_POINT ( 'NONE',  ( 5.515222869449519116, 5.799999999999999822, 0.09999999999999982514 ) ) ;
#6594 = DIRECTION ( 'NONE',  ( -1.000000000000000000, 0.000000000000000000, -0.000000000000000000 ) ) ;
#6595 = VECTOR ( 'NONE', #11233, 1000.000000000000000 ) ;
#6596 = DIRECTION ( 'NONE',  ( -1.630660900174878325E-16, 0.000000000000000000, -1.000000000000000000 ) ) ;
#6597 = CARTESIAN_POINT ( 'NONE',  ( -11.08428886495926591, 4.799999999999999822, 3.499999999999999556 ) ) ;
#6598 = VERTEX_POINT ( 'NONE', #7071 ) ;
#6599 = VERTEX_POINT ( 'NONE', #7943 ) ;
#6600 = ORIENTED_EDGE ( 'NONE', *, *, #10490, .T. ) ;
#6601 = VECTOR ( 'NONE', #3157, 999.9999999999998863 ) ;
#6602 = FILL_AREA_STYLE_COLOUR ( '', #8402 ) ;
#6603 = EDGE_LOOP ( 'NONE', ( #7395, #6572, #7367, #10227 ) ) ;
#6604 = CARTESIAN_POINT ( 'NONE',  ( 10.58647443902025564, 1.103909596859301789, 0.4750000000000004774 ) ) ;
#6605 = CLOSED_SHELL ( 'NONE', ( #6842, #11306, #11502, #4030, #6150, #6556 ) ) ;
#6606 = FACE_OUTER_BOUND ( 'NONE', #10175, .T. ) ;
#6607 = CARTESIAN_POINT ( 'NONE',  ( 5.946914677622842760, 1.103909596859301789, -3.500000000000000444 ) ) ;
#6608 = ORIENTED_EDGE ( 'NONE', *, *, #9932, .F. ) ;
#6609 = ORIENTED_EDGE ( 'NONE', *, *, #4980, .T. ) ;
#6610 = LINE ( 'NONE', #4285, #2705 ) ;
#6611 = ADVANCED_FACE ( 'NONE', ( #3707 ), #1705, .T. ) ;
#6612 = DIRECTION ( 'NONE',  ( -0.1736481776669316357, 0.000000000000000000, 0.9848077530122077983 ) ) ;
#6613 = PLANE ( 'NONE',  #11482 ) ;
#6614 = COLOUR_RGB ( '',0.7529411764705882248, 0.000000000000000000, 0.000000000000000000 ) ;
#6615 = DIRECTION ( 'NONE',  ( -1.000000000000000000, -0.000000000000000000, -2.072739447398754025E-16 ) ) ;
#6616 = ORIENTED_EDGE ( 'NONE', *, *, #3158, .T. ) ;
#6617 = EDGE_LOOP ( 'NONE', ( #2621, #2111, #3230, #9721 ) ) ;
#6618 = ORIENTED_EDGE ( 'NONE', *, *, #8022, .F. ) ;
#6619 = FACE_OUTER_BOUND ( 'NONE', #5542, .T. ) ;
#6620 = MECHANICAL_DESIGN_GEOMETRIC_PRESENTATION_REPRESENTATION (  '', ( #2742 ), #2034 ) ;
#6621 =( LENGTH_UNIT ( ) NAMED_UNIT ( * ) SI_UNIT ( .MILLI., .METRE. ) );
#6622 = EDGE_LOOP ( 'NONE', ( #152, #3599, #4069, #10560 ) ) ;
#6623 = DIRECTION ( 'NONE',  ( 0.000000000000000000, 1.000000000000000000, 0.000000000000000000 ) ) ;
#6624 = EDGE_CURVE ( 'NONE', #2960, #1404, #7745, .T. ) ;
#6625 = EDGE_CURVE ( 'NONE', #261, #7713, #7702, .T. ) ;
#6626 = ORIENTED_EDGE ( 'NONE', *, *, #5550, .T. ) ;
#6627 = DIRECTION ( 'NONE',  ( -4.280484862959055418E-16, 0.000000000000000000, -1.000000000000000000 ) ) ;
#6628 = CARTESIAN_POINT ( 'NONE',  ( 5.246014929306694441, 4.799999999999999822, 0.4749999999999995892 ) ) ;
#6629 = CARTESIAN_POINT ( 'NONE',  ( 6.365222869449519649, 4.799999999999999822, 0.1000000000000000056 ) ) ;
#6630 = DIRECTION ( 'NONE',  ( 0.000000000000000000, 1.000000000000000000, 0.000000000000000000 ) ) ;
#6631 = ORIENTED_EDGE ( 'NONE', *, *, #1536, .F. ) ;
#6632 = EDGE_LOOP ( 'NONE', ( #4543, #343, #1050, #2291 ) ) ;
#6633 = FACE_OUTER_BOUND ( 'NONE', #1535, .T. ) ;
#6634 = FACE_OUTER_BOUND ( 'NONE', #10786, .T. ) ;
#6635 = FILL_AREA_STYLE_COLOUR ( '', #3108 ) ;
#6636 = ORIENTED_EDGE ( 'NONE', *, *, #7693, .T. ) ;
#6637 = ORIENTED_EDGE ( 'NONE', *, *, #1584, .T. ) ;
#6638 = EDGE_LOOP ( 'NONE', ( #4880, #2988 ) ) ;
#6639 = DIRECTION ( 'NONE',  ( -0.9848077530122079093, 0.000000000000000000, -0.1736481776669316635 ) ) ;
#6640 = CIRCLE ( 'NONE', #7011, 0.2249999999999999500 ) ;
#6641 = ORIENTED_EDGE ( 'NONE', *, *, #8030, .T. ) ;
#6642 = EDGE_CURVE ( 'NONE', #7103, #2435, #11384, .T. ) ;
#6643 = STYLED_ITEM ( 'NONE', ( #10586 ), #8260 ) ;
#6644 = EDGE_LOOP ( 'NONE', ( #8204, #977, #1405, #915 ) ) ;
#6645 = DIRECTION ( 'NONE',  ( 0.000000000000000000, 1.000000000000000000, 0.000000000000000000 ) ) ;
#6646 = AXIS2_PLACEMENT_3D ( 'NONE', #6005, #11139, #6079 ) ;
#6647 = EDGE_CURVE ( 'NONE', #5706, #380, #3687, .T. ) ;
#6648 = CARTESIAN_POINT ( 'NONE',  ( 1.634777130550475466, 5.799999999999999822, -0.09999999999999982514 ) ) ;
#6649 = CARTESIAN_POINT ( 'NONE',  ( -10.58647443902026453, 5.799999999999999822, -0.4750000000000000333 ) ) ;
#6650 = DIRECTION ( 'NONE',  ( 0.000000000000000000, -1.000000000000000000, 0.000000000000000000 ) ) ;
#6651 = DIRECTION ( 'NONE',  ( -4.280484862959055418E-16, 0.000000000000000000, -1.000000000000000000 ) ) ;
#6652 = VECTOR ( 'NONE', #284, 1000.000000000000114 ) ;
#6653 = ORIENTED_EDGE ( 'NONE', *, *, #7962, .T. ) ;
#6654 = ORIENTED_EDGE ( 'NONE', *, *, #2579, .F. ) ;
#6655 = VECTOR ( 'NONE', #8257, 1000.000000000000000 ) ;
#6656 = CARTESIAN_POINT ( 'NONE',  ( 11.28737418733640752, 4.799999999999999822, -3.500000000000000000 ) ) ;
#6657 = CARTESIAN_POINT ( 'NONE',  ( -3.287374187336412845, 5.799999999999999822, 3.500000000000000444 ) ) ;
#6658 = VECTOR ( 'NONE', #7414, 1000.000000000000000 ) ;
#6659 = ORIENTED_EDGE ( 'NONE', *, *, #8911, .F. ) ;
#6660 = EDGE_CURVE ( 'NONE', #701, #6913, #3610, .T. ) ;
#6661 = ADVANCED_FACE ( 'NONE', ( #7562 ), #3323, .T. ) ;
#6662 = ORIENTED_EDGE ( 'NONE', *, *, #9014, .F. ) ;
#6663 = ORIENTED_EDGE ( 'NONE', *, *, #951, .F. ) ;
#6664 = LINE ( 'NONE', #2259, #2836 ) ;
#6665 = ADVANCED_FACE ( 'NONE', ( #11444 ), #5293, .T. ) ;
#6666 = EDGE_LOOP ( 'NONE', ( #4694, #1735, #1420, #1667 ) ) ;
#6667 = ORIENTED_EDGE ( 'NONE', *, *, #7542, .T. ) ;
#6668 = DIRECTION ( 'NONE',  ( 0.000000000000000000, 1.000000000000000000, 0.000000000000000000 ) ) ;
#6669 = DIRECTION ( 'NONE',  ( 0.000000000000000000, 0.000000000000000000, 1.000000000000000000 ) ) ;
#6670 = CARTESIAN_POINT ( 'NONE',  ( 13.77940404594980173, 4.799999999999999822, -2.550000000000000711 ) ) ;
#6671 = DIRECTION ( 'NONE',  ( 1.000000000000000000, 0.000000000000000000, -2.072739447398762653E-16 ) ) ;
#6672 = CARTESIAN_POINT ( 'NONE',  ( 1.850000000000000977, 5.799999999999999822, 3.500000000000000444 ) ) ;
#6673 = EDGE_CURVE ( 'NONE', #7365, #8851, #7439, .T. ) ;
#6674 = PLANE ( 'NONE',  #6217 ) ;
#6675 = AXIS2_PLACEMENT_3D ( 'NONE', #9687, #4207, #4968 ) ;
#6676 = ORIENTED_EDGE ( 'NONE', *, *, #3978, .F. ) ;
#6677 = ORIENTED_EDGE ( 'NONE', *, *, #7518, .T. ) ;
#6678 = LINE ( 'NONE', #10217, #6805 ) ;
#6679 = DIRECTION ( 'NONE',  ( -0.000000000000000000, 1.000000000000000000, -0.000000000000000000 ) ) ;
#6680 = CARTESIAN_POINT ( 'NONE',  ( -10.23428886495926449, 5.799999999999999822, 3.499999999999999556 ) ) ;
#6681 = LINE ( 'NONE', #1199, #2808 ) ;
#6682 = CARTESIAN_POINT ( 'NONE',  ( 9.634777130550475022, 4.799999999999999822, -0.09999999999999982514 ) ) ;
#6683 = PRESENTATION_STYLE_ASSIGNMENT (( #5449 ) ) ;
#6684 = UNCERTAINTY_MEASURE_WITH_UNIT (LENGTH_MEASURE( 1.000000000000000082E-05 ), #4358, 'distance_accuracy_value', 'NONE');
#6685 = DIRECTION ( 'NONE',  ( 0.000000000000000000, -0.000000000000000000, 1.000000000000000000 ) ) ;
#6686 = ORIENTED_EDGE ( 'NONE', *, *, #5818, .F. ) ;
#6687 = DIRECTION ( 'NONE',  ( -0.9848077530122079093, 0.000000000000000000, -0.1736481776669316635 ) ) ;
#6688 = ORIENTED_EDGE ( 'NONE', *, *, #7086, .T. ) ;
#6689 = ORIENTED_EDGE ( 'NONE', *, *, #1721, .F. ) ;
#6690 = LINE ( 'NONE', #3645, #10723 ) ;
#6691 = FILL_AREA_STYLE_COLOUR ( '', #1047 ) ;
#6692 = AXIS2_PLACEMENT_3D ( 'NONE', #7341, #8325, #878 ) ;
#6693 = CARTESIAN_POINT ( 'NONE',  ( 10.75398507069329845, 1.103909596859301789, -0.4749999999999989231 ) ) ;
#6694 = ORIENTED_EDGE ( 'NONE', *, *, #8244, .F. ) ;
#6695 = ADVANCED_FACE ( 'NONE', ( #7723 ), #8724, .T. ) ;
#6696 = FACE_OUTER_BOUND ( 'NONE', #10053, .T. ) ;
#6697 = DIRECTION ( 'NONE',  ( 0.000000000000000000, 0.000000000000000000, 1.000000000000000000 ) ) ;
#6698 = ORIENTED_EDGE ( 'NONE', *, *, #6952, .F. ) ;
#6699 = EDGE_LOOP ( 'NONE', ( #9813, #10602, #6290, #1717 ) ) ;
#6700 = FACE_OUTER_BOUND ( 'NONE', #36, .T. ) ;
#6701 = CARTESIAN_POINT ( 'NONE',  ( -9.000000000000003553, 1.103909596859301789, -3.500000000000000444 ) ) ;
#6702 = LINE ( 'NONE', #11024, #2918 ) ;
#6703 = LINE ( 'NONE', #8835, #7235 ) ;
#6704 = CARTESIAN_POINT ( 'NONE',  ( -2.586474439020264526, 4.799999999999999822, -0.4750000000000000333 ) ) ;
#6705 = ORIENTED_EDGE ( 'NONE', *, *, #3761, .F. ) ;
#6706 = ORIENTED_EDGE ( 'NONE', *, *, #7593, .F. ) ;
#6707 = LINE ( 'NONE', #10792, #10650 ) ;
#6708 = SURFACE_SIDE_STYLE ('',( #4761 ) ) ;
#6709 = CARTESIAN_POINT ( 'NONE',  ( 12.88013644433662819, 4.799999999999999822, 2.550000000000000711 ) ) ;
#6710 = MECHANICAL_DESIGN_GEOMETRIC_PRESENTATION_REPRESENTATION (  '', ( #5876 ), #3369 ) ;
#6711 = EDGE_LOOP ( 'NONE', ( #9820, #1147, #56, #9784 ) ) ;
#6712 = AXIS2_PLACEMENT_3D ( 'NONE', #1819, #4626, #2710 ) ;
#6713 = ADVANCED_FACE ( 'NONE', ( #7387 ), #2922, .F. ) ;
#6714 = EDGE_CURVE ( 'NONE', #7519, #5470, #3537, .T. ) ;
#6715 = CARTESIAN_POINT ( 'NONE',  ( -5.515222869449522669, 5.799999999999999822, -0.1000000000000000056 ) ) ;
#6716 = CARTESIAN_POINT ( 'NONE',  ( -13.24601492930670155, 4.799999999999999822, -0.4749999999999989231 ) ) ;
#6717 = CARTESIAN_POINT ( 'NONE',  ( -9.850000000000003197, 5.799999999999999822, -3.500000000000000444 ) ) ;
#6718 = CARTESIAN_POINT ( 'NONE',  ( -6.400488265591218529, 1.103909596859301789, 0.09999999999999982514 ) ) ;
#6719 = VECTOR ( 'NONE', #7979, 1000.000000000000000 ) ;
#6720 = ORIENTED_EDGE ( 'NONE', *, *, #7198, .T. ) ;
#6721 = ORIENTED_EDGE ( 'NONE', *, *, #348, .F. ) ;
#6722 = ADVANCED_FACE ( 'NONE', ( #11478 ), #11183, .T. ) ;
#6723 = EDGE_CURVE ( 'NONE', #10945, #2960, #7583, .T. ) ;
#6724 = LINE ( 'NONE', #11305, #2937 ) ;
#6725 = CARTESIAN_POINT ( 'NONE',  ( 14.99999999999999822, 4.799999999999999822, 3.500000000000001332 ) ) ;
#6726 = CARTESIAN_POINT ( 'NONE',  ( -6.400488265591218529, 4.799999999999999822, 0.09999999999999982514 ) ) ;
#6727 = VERTEX_POINT ( 'NONE', #3779 ) ;
#6728 = CARTESIAN_POINT ( 'NONE',  ( -11.08428886495926591, 5.799999999999999822, 3.499999999999999556 ) ) ;
#6729 = ORIENTED_EDGE ( 'NONE', *, *, #8502, .T. ) ;
#6730 = DIRECTION ( 'NONE',  ( 1.000000000000000000, 0.000000000000000000, -2.072739447398762653E-16 ) ) ;
#6731 = VECTOR ( 'NONE', #8910, 1000.000000000000000 ) ;
#6732 = EDGE_CURVE ( 'NONE', #5036, #6323, #11344, .T. ) ;
#6733 = PLANE ( 'NONE',  #6435 ) ;
#6734 = DIRECTION ( 'NONE',  ( -1.000000000000000000, 0.000000000000000000, 0.000000000000000000 ) ) ;
#6735 = DIRECTION ( 'NONE',  ( 0.000000000000000000, 1.000000000000000000, 0.000000000000000000 ) ) ;
#6736 = DIRECTION ( 'NONE',  ( 0.000000000000000000, 0.000000000000000000, 1.000000000000000000 ) ) ;
#6737 = CARTESIAN_POINT ( 'NONE',  ( -13.94691467762285164, 5.799999999999999822, 3.500000000000000444 ) ) ;
#6738 = CARTESIAN_POINT ( 'NONE',  ( 5.550488265591215331, 1.103909596859301789, -0.09999999999999982514 ) ) ;
#6739 = PRESENTATION_STYLE_ASSIGNMENT (( #441 ) ) ;
#6740 = EDGE_CURVE ( 'NONE', #3580, #10022, #11230, .T. ) ;
#6741 = ORIENTED_EDGE ( 'NONE', *, *, #4889, .F. ) ;
#6742 = EDGE_LOOP ( 'NONE', ( #10864, #9091, #5855, #8333 ) ) ;
#6743 = LINE ( 'NONE', #5054, #10750 ) ;
#6744 = DIRECTION ( 'NONE',  ( -0.000000000000000000, 1.000000000000000000, -0.000000000000000000 ) ) ;
#6745 = ADVANCED_FACE ( 'NONE', ( #7424 ), #7371, .F. ) ;
#6746 = DIRECTION ( 'NONE',  ( 0.000000000000000000, 0.000000000000000000, -1.000000000000000000 ) ) ;
#6747 = PRESENTATION_STYLE_ASSIGNMENT (( #9773 ) ) ;
#6748 = EDGE_LOOP ( 'NONE', ( #8531, #9612, #9013, #6363 ) ) ;
#6749 = ORIENTED_EDGE ( 'NONE', *, *, #1639, .F. ) ;
#6750 = DIRECTION ( 'NONE',  ( 0.000000000000000000, 0.000000000000000000, -1.000000000000000000 ) ) ;
#6751 = AXIS2_PLACEMENT_3D ( 'NONE', #9791, #7041, #7313 ) ;
#6752 = DIRECTION ( 'NONE',  ( -0.1736481776669312749, 0.000000000000000000, 0.9848077530122079093 ) ) ;
#6753 = CARTESIAN_POINT ( 'NONE',  ( 24.00000000000000000, 4.799999999999999822, 0.000000000000000000 ) ) ;
#6754 = CARTESIAN_POINT ( 'NONE',  ( 9.599511734408782360, 4.799999999999999822, 0.09999999999999982514 ) ) ;
#6755 = DIRECTION ( 'NONE',  ( -0.000000000000000000, -1.000000000000000000, -0.000000000000000000 ) ) ;
#6756 = CARTESIAN_POINT ( 'NONE',  ( -6.400488265591218529, 1.103909596859301789, 0.09999999999999982514 ) ) ;
#6757 = DIRECTION ( 'NONE',  ( 0.000000000000000000, 1.000000000000000000, 0.000000000000000000 ) ) ;
#6758 = FACE_OUTER_BOUND ( 'NONE', #1972, .T. ) ;
#6759 = ORIENTED_EDGE ( 'NONE', *, *, #5435, .T. ) ;
#6760 = ORIENTED_EDGE ( 'NONE', *, *, #2896, .F. ) ;
#6761 = EDGE_CURVE ( 'NONE', #681, #516, #11286, .T. ) ;
#6762 = LINE ( 'NONE', #5573, #2780 ) ;
#6763 = CARTESIAN_POINT ( 'NONE',  ( -1.000000000000002665, 4.799999999999999822, -3.500000000000000444 ) ) ;
#6764 = EDGE_CURVE ( 'NONE', #2848, #6319, #11367, .T. ) ;
#6765 = CARTESIAN_POINT ( 'NONE',  ( -15.00000000000000000, 4.799999999999999822, 3.500000000000000444 ) ) ;
#6766 = DIRECTION ( 'NONE',  ( 1.000000000000000000, 0.000000000000000000, -3.465154412871614037E-16 ) ) ;
#6767 = VECTOR ( 'NONE', #6088, 1000.000000000000000 ) ;
#6768 = PLANE ( 'NONE',  #3530 ) ;
#6769 = LINE ( 'NONE', #5723, #10808 ) ;
#6770 = DIRECTION ( 'NONE',  ( -0.1736481776669302757, 0.000000000000000000, 0.9848077530122080203 ) ) ;
#6771 = PLANE ( 'NONE',  #9336 ) ;
#6772 = ADVANCED_FACE ( 'NONE', ( #3519 ), #5747, .F. ) ;
#6773 = ORIENTED_EDGE ( 'NONE', *, *, #10556, .T. ) ;
#6774 = ORIENTED_EDGE ( 'NONE', *, *, #7449, .F. ) ;
#6775 = LINE ( 'NONE', #1901, #10575 ) ;
#6776 = DIRECTION ( 'NONE',  ( -0.000000000000000000, 0.000000000000000000, 1.000000000000000000 ) ) ;
#6777 = ADVANCED_FACE ( 'NONE', ( #11542 ), #8353, .T. ) ;
#6778 = PLANE ( 'NONE',  #3297 ) ;
#6779 = EDGE_CURVE ( 'NONE', #9651, #8765, #3808, .T. ) ;
#6780 = LINE ( 'NONE', #1595, #6935 ) ;
#6781 = AXIS2_PLACEMENT_3D ( 'NONE', #4282, #1929, #9826 ) ;
#6782 = VERTEX_POINT ( 'NONE', #4687 ) ;
#6783 = VERTEX_POINT ( 'NONE', #8613 ) ;
#6784 = FACE_OUTER_BOUND ( 'NONE', #4066, .T. ) ;
#6785 = CARTESIAN_POINT ( 'NONE',  ( 2.449511734408783337, 5.799999999999999822, 0.1000000000000000056 ) ) ;
#6786 = AXIS2_PLACEMENT_3D ( 'NONE', #8267, #9647, #3221 ) ;
#6787 = SURFACE_SIDE_STYLE ('',( #11268 ) ) ;
#6788 = VECTOR ( 'NONE', #4657, 999.9999999999998863 ) ;
#6789 = EDGE_CURVE ( 'NONE', #1178, #1516, #11460, .T. ) ;
#6790 = SURFACE_STYLE_FILL_AREA ( #5800 ) ;
#6791 = EDGE_CURVE ( 'NONE', #5315, #11229, #11323, .T. ) ;
#6792 = ORIENTED_EDGE ( 'NONE', *, *, #2168, .T. ) ;
#6793 =( LENGTH_UNIT ( ) NAMED_UNIT ( * ) SI_UNIT ( .MILLI., .METRE. ) );
#6794 = ORIENTED_EDGE ( 'NONE', *, *, #951, .T. ) ;
#6795 = FACE_OUTER_BOUND ( 'NONE', #1679, .T. ) ;
#6796 = AXIS2_PLACEMENT_3D ( 'NONE', #5683, #11349, #6582 ) ;
#6797 = ADVANCED_FACE ( 'NONE', ( #3628 ), #3228, .T. ) ;
#6798 = DIRECTION ( 'NONE',  ( 0.000000000000000000, 1.000000000000000000, 0.000000000000000000 ) ) ;
#6799 = DIRECTION ( 'NONE',  ( -1.000000000000000000, 0.000000000000000000, -2.072739447398754025E-16 ) ) ;
#6800 = DIRECTION ( 'NONE',  ( 0.000000000000000000, 0.000000000000000000, -1.000000000000000000 ) ) ;
#6801 = FACE_OUTER_BOUND ( 'NONE', #6281, .T. ) ;
#6802 = CARTESIAN_POINT ( 'NONE',  ( -3.084288864959265020, 5.799999999999999822, 3.499999999999999556 ) ) ;
#6803 = ORIENTED_EDGE ( 'NONE', *, *, #10772, .F. ) ;
#6804 = EDGE_LOOP ( 'NONE', ( #2915, #6659, #3165, #2820 ) ) ;
#6805 = VECTOR ( 'NONE', #11101, 1000.000000000000000 ) ;
#6806 = EDGE_CURVE ( 'NONE', #6347, #221, #7642, .T. ) ;
#6807 = AXIS2_PLACEMENT_3D ( 'NONE', #7501, #6950, #1367 ) ;
#6808 = EDGE_CURVE ( 'NONE', #18, #1579, #7484, .T. ) ;
#6809 = VERTEX_POINT ( 'NONE', #295 ) ;
#6810 = EDGE_LOOP ( 'NONE', ( #3087, #10185, #1700, #2134 ) ) ;
#6811 = DIRECTION ( 'NONE',  ( 0.000000000000000000, 0.000000000000000000, 1.000000000000000000 ) ) ;
#6812 = VECTOR ( 'NONE', #9578, 999.9999999999998863 ) ;
#6813 = DIRECTION ( 'NONE',  ( 0.000000000000000000, 1.000000000000000000, 0.000000000000000000 ) ) ;
#6814 = DIRECTION ( 'NONE',  ( -0.000000000000000000, 0.000000000000000000, -1.000000000000000000 ) ) ;
#6815 = ADVANCED_FACE ( 'NONE', ( #7461 ), #9272, .T. ) ;
#6816 = DIRECTION ( 'NONE',  ( -0.000000000000000000, 0.000000000000000000, -1.000000000000000000 ) ) ;
#6817 = EDGE_CURVE ( 'NONE', #1354, #6599, #11251, .T. ) ;
#6818 = CARTESIAN_POINT ( 'NONE',  ( 12.91571113504073587, 5.799999999999999822, 3.499999999999999556 ) ) ;
#6819 = EDGE_LOOP ( 'NONE', ( #9888, #9689, #6258, #6066 ) ) ;
#6820 = EDGE_LOOP ( 'NONE', ( #6978, #7649, #11250, #37 ) ) ;
#6821 = VECTOR ( 'NONE', #2162, 1000.000000000000114 ) ;
#6822 = ADVANCED_FACE ( 'NONE', ( #3591 ), #9840, .T. ) ;
#6823 = PLANE ( 'NONE',  #3162 ) ;
#6824 = CARTESIAN_POINT ( 'NONE',  ( 6.999999999999997335, 4.799999999999999822, 3.500000000000001332 ) ) ;
#6825 = VECTOR ( 'NONE', #8506, 1000.000000000000114 ) ;
#6826 = EDGE_LOOP ( 'NONE', ( #8678, #7259, #4758, #9908 ) ) ;
#6827 = ORIENTED_EDGE ( 'NONE', *, *, #5918, .T. ) ;
#6828 = VECTOR ( 'NONE', #3372, 1000.000000000000114 ) ;
#6829 = EDGE_CURVE ( 'NONE', #8699, #1449, #19, .T. ) ;
#6830 = AXIS2_PLACEMENT_3D ( 'NONE', #5909, #6069, #10487 ) ;
#6831 = PLANE ( 'NONE',  #5514 ) ;
#6832 =( LENGTH_UNIT ( ) NAMED_UNIT ( * ) SI_UNIT ( .MILLI., .METRE. ) );
#6833 = CARTESIAN_POINT ( 'NONE',  ( -13.94691467762285164, 5.799999999999999822, 3.500000000000000444 ) ) ;
#6834 = DIRECTION ( 'NONE',  ( 1.000000000000000000, 0.000000000000000000, 0.000000000000000000 ) ) ;
#6835 = UNCERTAINTY_MEASURE_WITH_UNIT (LENGTH_MEASURE( 1.000000000000000082E-05 ), #6946, 'distance_accuracy_value', 'NONE');
#6836 =( NAMED_UNIT ( * ) PLANE_ANGLE_UNIT ( ) SI_UNIT ( $, .RADIAN. ) );
#6837 = ORIENTED_EDGE ( 'NONE', *, *, #2017, .F. ) ;
#6838 = ORIENTED_EDGE ( 'NONE', *, *, #3359, .T. ) ;
#6839 = VECTOR ( 'NONE', #2589, 1000.000000000000000 ) ;
#6840 = CARTESIAN_POINT ( 'NONE',  ( -2.234288864959264931, 1.103909596859301789, 3.499999999999999556 ) ) ;
#6841 = AXIS2_PLACEMENT_3D ( 'NONE', #5188, #1675, #10566 ) ;
#6842 = ADVANCED_FACE ( 'NONE', ( #7368 ), #751, .T. ) ;
#6843 = CARTESIAN_POINT ( 'NONE',  ( 11.08428886495926058, 4.799999999999999822, -3.500000000000000444 ) ) ;
#6844 = CARTESIAN_POINT ( 'NONE',  ( 3.084288864959259691, 5.799999999999999822, -3.500000000000000444 ) ) ;
#6845 = VECTOR ( 'NONE', #4582, 1000.000000000000000 ) ;
#6846 = CARTESIAN_POINT ( 'NONE',  ( 10.23428886495925560, 4.799999999999999822, -3.500000000000000444 ) ) ;
#6847 = ADVANCED_BREP_SHAPE_REPRESENTATION ( 'LDQ-M284RI-SI', ( #6961, #5522, #1336, #10555, #790, #3579, #6525, #5034, #9699, #4590, #8171, #1792, #6870, #3659, #7334, #2203, #2222, #5940, #6365, #10631, #446, #3594, #8732, #3118, #11516, #1879, #4086, #5847, #4107, #9611, #2793, #41, #4003, #7419, #1710, #8260, #2289, #9207, #4179, #11495, #880, #4520, #5441, #8347, #7253, #3208, #10001, #3189 ), #11115 ) ;
#6848 = CARTESIAN_POINT ( 'NONE',  ( 6.350000000000001421, -7.450000000000000178, -3.810000000000000941 ) ) ;
#6849 = ORIENTED_EDGE ( 'NONE', *, *, #8458, .T. ) ;
#6850 = VERTEX_POINT ( 'NONE', #4065 ) ;
#6851 = CIRCLE ( 'NONE', #745, 0.4750000000000005884 ) ;
#6852 = SURFACE_STYLE_USAGE ( .BOTH. , #9234 ) ;
#6853 = FACE_OUTER_BOUND ( 'NONE', #8009, .T. ) ;
#6854 = VERTEX_POINT ( 'NONE', #4985 ) ;
#6855 = ORIENTED_EDGE ( 'NONE', *, *, #10648, .F. ) ;
#6856 = VECTOR ( 'NONE', #277, 1000.000000000000000 ) ;
#6857 = DIRECTION ( 'NONE',  ( 0.000000000000000000, 0.000000000000000000, 1.000000000000000000 ) ) ;
#6858 = DIRECTION ( 'NONE',  ( -0.1736481776669316635, 0.000000000000000000, 0.9848077530122076872 ) ) ;
#6859 = VECTOR ( 'NONE', #4375, 1000.000000000000000 ) ;
#6860 = VECTOR ( 'NONE', #5880, 1000.000000000000000 ) ;
#6861 = AXIS2_PLACEMENT_3D ( 'NONE', #9132, #3782, #4609 ) ;
#6862 = ADVANCED_FACE ( 'NONE', ( #74 ), #7650, .T. ) ;
#6863 = ORIENTED_EDGE ( 'NONE', *, *, #7496, .T. ) ;
#6864 = FILL_AREA_STYLE_COLOUR ( '', #10754 ) ;
#6865 = EDGE_CURVE ( 'NONE', #2439, #490, #7504, .T. ) ;
#6866 = ORIENTED_EDGE ( 'NONE', *, *, #8012, .T. ) ;
#6867 = FACE_OUTER_BOUND ( 'NONE', #437, .T. ) ;
#6868 = ADVANCED_FACE ( 'NONE', ( #11212 ), #668, .T. ) ;
#6869 = DIRECTION ( 'NONE',  ( 0.1736481776669312471, 0.000000000000000000, -0.9848077530122079093 ) ) ;
#6870 = MANIFOLD_SOLID_BREP ( 'LPattern2[4]', #276 ) ;
#6871 = CARTESIAN_POINT ( 'NONE',  ( 4.712625812663587155, 5.799999999999999822, 3.500000000000000444 ) ) ;
#6872 = DIRECTION ( 'NONE',  ( -0.9848077530122079093, 0.000000000000000000, -0.1736481776669316635 ) ) ;
#6873 = DIRECTION ( 'NONE',  ( 0.000000000000000000, -1.000000000000000000, 0.000000000000000000 ) ) ;
#6874 = EDGE_CURVE ( 'NONE', #2796, #10280, #7807, .T. ) ;
#6875 = CARTESIAN_POINT ( 'NONE',  ( -0.2205331856370015831, 3.456497115745557291, 1.250705846325504966 ) ) ;
#6876 = LINE ( 'NONE', #1816, #3127 ) ;
#6877 = CARTESIAN_POINT ( 'NONE',  ( 8.000000000000000000, 4.799999999999999822, 0.000000000000000000 ) ) ;
#6878 = ORIENTED_EDGE ( 'NONE', *, *, #6518, .F. ) ;
#6879 = ORIENTED_EDGE ( 'NONE', *, *, #8545, .T. ) ;
#6880 = LINE ( 'NONE', #4049, #10621 ) ;
#6881 = LINE ( 'NONE', #11461, #3071 ) ;
#6882 = VECTOR ( 'NONE', #3053, 1000.000000000000000 ) ;
#6883 = PLANE ( 'NONE',  #3485 ) ;
#6884 = ORIENTED_EDGE ( 'NONE', *, *, #2126, .T. ) ;
#6885 = ORIENTED_EDGE ( 'NONE', *, *, #10956, .T. ) ;
#6886 = CARTESIAN_POINT ( 'NONE',  ( 6.999999999999997335, 5.799999999999999822, 2.550000000000000266 ) ) ;
#6887 = VECTOR ( 'NONE', #10234, 1000.000000000000000 ) ;
#6888 = ADVANCED_FACE ( 'NONE', ( #4300 ), #6613, .F. ) ;
#6889 = CARTESIAN_POINT ( 'NONE',  ( 14.14999999999999680, 4.799999999999999822, -3.500000000000000444 ) ) ;
#6890 = CARTESIAN_POINT ( 'NONE',  ( -10.05308532237715724, 4.799999999999999822, -3.500000000000000444 ) ) ;
#6891 =( NAMED_UNIT ( * ) PLANE_ANGLE_UNIT ( ) SI_UNIT ( $, .RADIAN. ) );
#6892 = DIRECTION ( 'NONE',  ( 0.000000000000000000, 0.000000000000000000, -1.000000000000000000 ) ) ;
#6893 = VERTEX_POINT ( 'NONE', #11089 ) ;
#6894 = DIRECTION ( 'NONE',  ( 0.000000000000000000, -1.000000000000000000, 0.000000000000000000 ) ) ;
#6895 = VERTEX_POINT ( 'NONE', #421 ) ;
#6896 = VERTEX_POINT ( 'NONE', #8496 ) ;
#6897 = LINE ( 'NONE', #4750, #10787 ) ;
#6898 = CARTESIAN_POINT ( 'NONE',  ( 24.00000000000000000, 5.799999999999999822, 0.000000000000000000 ) ) ;
#6899 = DIRECTION ( 'NONE',  ( 0.000000000000000000, 0.000000000000000000, -1.000000000000000000 ) ) ;
#6900 = EDGE_LOOP ( 'NONE', ( #7482, #5011, #8718, #8532 ) ) ;
#6901 = ORIENTED_EDGE ( 'NONE', *, *, #7709, .F. ) ;
#6902 = FACE_OUTER_BOUND ( 'NONE', #2476, .T. ) ;
#6903 = EDGE_CURVE ( 'NONE', #7188, #4675, #4161, .T. ) ;
#6904 = EDGE_CURVE ( 'NONE', #280, #6895, #256, .T. ) ;
#6905 = PLANE ( 'NONE',  #5753 ) ;
#6906 = CARTESIAN_POINT ( 'NONE',  ( 11.28737418733640752, 1.103909596859301789, -3.500000000000000000 ) ) ;
#6907 = DIRECTION ( 'NONE',  ( 0.1736481776669298038, 0.000000000000000000, -0.9848077530122082424 ) ) ;
#6908 = CARTESIAN_POINT ( 'NONE',  ( 3.084288864959259691, 1.103909596859301789, -3.500000000000000444 ) ) ;
#6909 = ADVANCED_FACE ( 'NONE', ( #3942 ), #3201, .F. ) ;
#6910 = PLANE ( 'NONE',  #8609 ) ;
#6911 = CLOSED_SHELL ( 'NONE', ( #1359, #4344, #9338, #8516, #6695, #456 ) ) ;
#6912 = ORIENTED_EDGE ( 'NONE', *, *, #2757, .F. ) ;
#6913 = VERTEX_POINT ( 'NONE', #11226 ) ;
#6914 = LINE ( 'NONE', #10353, #2881 ) ;
#6915 = DIRECTION ( 'NONE',  ( 1.000000000000000000, 0.000000000000000000, 0.000000000000000000 ) ) ;
#6916 = CARTESIAN_POINT ( 'NONE',  ( -1.634777130550480573, 4.799999999999999822, 0.1000000000000000056 ) ) ;
#6917 = DIRECTION ( 'NONE',  ( -0.000000000000000000, 1.000000000000000000, -0.000000000000000000 ) ) ;
#6918 = DIRECTION ( 'NONE',  ( 1.000000000000000000, 0.000000000000000000, -2.072739447398762653E-16 ) ) ;
#6919 = LINE ( 'NONE', #8094, #2783 ) ;
#6920 = DIRECTION ( 'NONE',  ( -0.1736481776669316635, 0.000000000000000000, 0.9848077530122076872 ) ) ;
#6921 = LINE ( 'NONE', #1440, #2707 ) ;
#6922 = CARTESIAN_POINT ( 'NONE',  ( -1.634777130550480573, 5.799999999999999822, 0.1000000000000000056 ) ) ;
#6923 = CARTESIAN_POINT ( 'NONE',  ( 16.09999999999999787, 5.799999999999999822, 5.099999999999999645 ) ) ;
#6924 = ORIENTED_EDGE ( 'NONE', *, *, #6509, .F. ) ;
#6925 = EDGE_LOOP ( 'NONE', ( #7166, #6901, #7189, #5963 ) ) ;
#6926 = LINE ( 'NONE', #4093, #2866 ) ;
#6927 = APPLICATION_CONTEXT ( 'automotive_design' ) ;
#6928 = EDGE_CURVE ( 'NONE', #7698, #11272, #8028, .T. ) ;
#6929 = AXIS2_PLACEMENT_3D ( 'NONE', #4204, #733, #2130 ) ;
#6930 = DIRECTION ( 'NONE',  ( 0.000000000000000000, 0.000000000000000000, 1.000000000000000000 ) ) ;
#6931 =( GEOMETRIC_REPRESENTATION_CONTEXT ( 3 ) GLOBAL_UNCERTAINTY_ASSIGNED_CONTEXT ( ( #1696 ) ) GLOBAL_UNIT_ASSIGNED_CONTEXT ( ( #472, #10341, #11203 ) ) REPRESENTATION_CONTEXT ( 'NONE', 'WORKASPACE' ) );
#6932 = EDGE_CURVE ( 'NONE', #5561, #3473, #234, .T. ) ;
#6933 = EDGE_CURVE ( 'NONE', #3774, #10392, #131, .T. ) ;
#6934 = EDGE_LOOP ( 'NONE', ( #6456, #2583, #2908, #2638 ) ) ;
#6935 = VECTOR ( 'NONE', #4706, 1000.000000000000000 ) ;
#6936 = DIRECTION ( 'NONE',  ( 0.000000000000000000, -1.000000000000000000, -0.000000000000000000 ) ) ;
#6937 = ORIENTED_EDGE ( 'NONE', *, *, #3239, .T. ) ;
#6938 = ORIENTED_EDGE ( 'NONE', *, *, #2267, .F. ) ;
#6939 = DIRECTION ( 'NONE',  ( -0.000000000000000000, 1.000000000000000000, 0.000000000000000000 ) ) ;
#6940 = ADVANCED_FACE ( 'NONE', ( #4102 ), #6768, .F. ) ;
#6941 = CARTESIAN_POINT ( 'NONE',  ( 2.234288864959256049, 4.799999999999999822, -3.500000000000000444 ) ) ;
#6942 = CIRCLE ( 'NONE', #8554, 0.2250000000000003664 ) ;
#6943 = LINE ( 'NONE', #3132, #6576 ) ;
#6944 = EDGE_CURVE ( 'NONE', #9870, #837, #4009, .T. ) ;
#6945 = VERTEX_POINT ( 'NONE', #9526 ) ;
#6946 =( LENGTH_UNIT ( ) NAMED_UNIT ( * ) SI_UNIT ( .MILLI., .METRE. ) );
#6947 = ORIENTED_EDGE ( 'NONE', *, *, #684, .T. ) ;
#6948 = LINE ( 'NONE', #11187, #6601 ) ;
#6949 = CARTESIAN_POINT ( 'NONE',  ( -13.76571113504074440, 4.799999999999999822, -3.500000000000000444 ) ) ;
#6950 = DIRECTION ( 'NONE',  ( 0.000000000000000000, 1.000000000000000000, 0.000000000000000000 ) ) ;
#6951 = CARTESIAN_POINT ( 'NONE',  ( -10.23428886495926449, 5.799999999999999822, 3.499999999999999556 ) ) ;
#6952 = EDGE_CURVE ( 'NONE', #9034, #10979, #329, .T. ) ;
#6953 = EDGE_CURVE ( 'NONE', #11399, #3526, #8049, .T. ) ;
#6954 = ORIENTED_EDGE ( 'NONE', *, *, #1024, .F. ) ;
#6955 = MECHANICAL_DESIGN_GEOMETRIC_PRESENTATION_REPRESENTATION (  '', ( #3855 ), #3060 ) ;
#6956 = CARTESIAN_POINT ( 'NONE',  ( -10.23428886495926449, 5.799999999999999822, 3.499999999999999556 ) ) ;
#6957 = VECTOR ( 'NONE', #7758, 1000.000000000000000 ) ;
#6958 = CARTESIAN_POINT ( 'NONE',  ( 9.000000000000001776, 4.799999999999999822, 3.500000000000000444 ) ) ;
#6959 = ORIENTED_EDGE ( 'NONE', *, *, #1716, .F. ) ;
#6960 = VERTEX_POINT ( 'NONE', #3963 ) ;
#6961 = MANIFOLD_SOLID_BREP ( 'Cut-Extrude3', #9866 ) ;
#6962 = LINE ( 'NONE', #4820, #6845 ) ;
#6963 = LINE ( 'NONE', #7824, #6595 ) ;
#6964 = CARTESIAN_POINT ( 'NONE',  ( 12.70000000000000107, -7.450000000000000178, 0.000000000000000000 ) ) ;
#6965 = EDGE_LOOP ( 'NONE', ( #4022, #143, #8318, #6474 ) ) ;
#6966 = ORIENTED_EDGE ( 'NONE', *, *, #9473, .F. ) ;
#6967 = CARTESIAN_POINT ( 'NONE',  ( 6.999999999999997335, 4.799999999999999822, -3.500000000000000444 ) ) ;
#6968 = VECTOR ( 'NONE', #2179, 1000.000000000000000 ) ;
#6969 = ADVANCED_FACE ( 'NONE', ( #178 ), #4124, .F. ) ;
#6970 = DIRECTION ( 'NONE',  ( 1.000000000000000000, -0.000000000000000000, -0.000000000000000000 ) ) ;
#6971 = CARTESIAN_POINT ( 'NONE',  ( 4.915711135040734980, 1.103909596859301789, 3.499999999999999556 ) ) ;
#6972 = CARTESIAN_POINT ( 'NONE',  ( -13.76571113504074440, 5.799999999999999822, -3.500000000000000444 ) ) ;
#6973 = CARTESIAN_POINT ( 'NONE',  ( -10.44951173440878556, 4.799999999999999822, -0.09999999999999982514 ) ) ;
#6974 = EDGE_LOOP ( 'NONE', ( #10057, #9443, #5313, #11342 ) ) ;
#6975 = DIRECTION ( 'NONE',  ( 0.000000000000000000, -0.000000000000000000, 1.000000000000000000 ) ) ;
#6976 = FACE_OUTER_BOUND ( 'NONE', #8414, .T. ) ;
#6977 = ORIENTED_EDGE ( 'NONE', *, *, #5882, .F. ) ;
#6978 = ORIENTED_EDGE ( 'NONE', *, *, #9510, .T. ) ;
#6979 = EDGE_CURVE ( 'NONE', #93, #1739, #4063, .T. ) ;
#6980 = CARTESIAN_POINT ( 'NONE',  ( 6.350000000000001421, -7.450000000000000178, 4.035000000000000142 ) ) ;
#6981 = AXIS2_PLACEMENT_3D ( 'NONE', #8673, #9633, #8837 ) ;
#6982 = CARTESIAN_POINT ( 'NONE',  ( -13.77940404594980883, 4.799999999999999822, 2.550000000000001155 ) ) ;
#6983 = PLANE ( 'NONE',  #6520 ) ;
#6984 = FACE_OUTER_BOUND ( 'NONE', #5899, .T. ) ;
#6985 = ORIENTED_EDGE ( 'NONE', *, *, #8763, .F. ) ;
#6986 = CLOSED_SHELL ( 'NONE', ( #11279, #3587, #6043, #10409 ) ) ;
#6987 = CIRCLE ( 'NONE', #2679, 0.2249999999999999500 ) ;
#6988 = UNCERTAINTY_MEASURE_WITH_UNIT (LENGTH_MEASURE( 1.000000000000000082E-05 ), #7512, 'distance_accuracy_value', 'NONE');
#6989 = AXIS2_PLACEMENT_3D ( 'NONE', #6971, #3437, #8931 ) ;
#6990 =( NAMED_UNIT ( * ) PLANE_ANGLE_UNIT ( ) SI_UNIT ( $, .RADIAN. ) );
#6991 = DIRECTION ( 'NONE',  ( 0.1736481776669307753, -0.000000000000000000, -0.9848077530122080203 ) ) ;
#6992 = PRESENTATION_LAYER_ASSIGNMENT (  '', '', ( #11422 ) ) ;
#6993 = ADVANCED_FACE ( 'NONE', ( #3906 ), #402, .T. ) ;
#6994 = FILL_AREA_STYLE_COLOUR ( '', #3273 ) ;
#6995 = FILL_AREA_STYLE_COLOUR ( '', #8359 ) ;
#6996 = ORIENTED_EDGE ( 'NONE', *, *, #4602, .T. ) ;
#6997 = LINE ( 'NONE', #11402, #10858 ) ;
#6998 = ORIENTED_EDGE ( 'NONE', *, *, #633, .F. ) ;
#6999 = ORIENTED_EDGE ( 'NONE', *, *, #8268, .T. ) ;
#7000 = DIRECTION ( 'NONE',  ( 0.1736481776669307753, 0.000000000000000000, -0.9848077530122080203 ) ) ;
#7001 = EDGE_CURVE ( 'NONE', #1035, #1273, #7913, .T. ) ;
#7002 = DIRECTION ( 'NONE',  ( -0.000000000000000000, 1.000000000000000000, -0.000000000000000000 ) ) ;
#7003 = DIRECTION ( 'NONE',  ( 0.000000000000000000, 1.000000000000000000, 0.000000000000000000 ) ) ;
#7004 = CARTESIAN_POINT ( 'NONE',  ( -10.48477713055048000, 4.799999999999999822, 0.09999999999999982514 ) ) ;
#7005 = LINE ( 'NONE', #6972, #11378 ) ;
#7006 = CARTESIAN_POINT ( 'NONE',  ( -2.234288864959264931, 5.799999999999999822, 3.499999999999999556 ) ) ;
#7007 = DIRECTION ( 'NONE',  ( 1.000000000000000000, 0.000000000000000000, -0.000000000000000000 ) ) ;
#7008 = EDGE_LOOP ( 'NONE', ( #10289, #6546, #5980, #9435 ) ) ;
#7009 = ORIENTED_EDGE ( 'NONE', *, *, #6808, .T. ) ;
#7010 = PLANE ( 'NONE',  #6588 ) ;
#7011 = AXIS2_PLACEMENT_3D ( 'NONE', #5902, #6650, #6892 ) ;
#7012 = ADVANCED_FACE ( 'NONE', ( #4142 ), #8727, .T. ) ;
#7013 = ORIENTED_EDGE ( 'NONE', *, *, #6740, .F. ) ;
#7014 = DIRECTION ( 'NONE',  ( 1.000000000000000000, 0.000000000000000000, 0.000000000000000000 ) ) ;
#7015 = EDGE_CURVE ( 'NONE', #10691, #6598, #4201, .T. ) ;
#7016 = EDGE_LOOP ( 'NONE', ( #5638, #3868, #8616, #10969, #8780, #5814, #4635, #724, #8578, #700, #1467, #1543 ) ) ;
#7017 = ORIENTED_EDGE ( 'NONE', *, *, #4148, .F. ) ;
#7018 = CARTESIAN_POINT ( 'NONE',  ( 6.999999999999997335, 1.103909596859301789, 3.025000000000000799 ) ) ;
#7019 = LINE ( 'NONE', #9325, #6788 ) ;
#7020 = LINE ( 'NONE', #3156, #10881 ) ;
#7021 = CARTESIAN_POINT ( 'NONE',  ( -10.22059595405019827, 4.799999999999999822, -2.550000000000000711 ) ) ;
#7022 = EDGE_CURVE ( 'NONE', #2680, #6265, #370, .T. ) ;
#7023 = AXIS2_PLACEMENT_3D ( 'NONE', #435, #1210, #10051 ) ;
#7024 = ORIENTED_EDGE ( 'NONE', *, *, #5788, .F. ) ;
#7025 = SURFACE_SIDE_STYLE ('',( #3035 ) ) ;
#7026 = ORIENTED_EDGE ( 'NONE', *, *, #2623, .F. ) ;
#7027 = LINE ( 'NONE', #8562, #11194 ) ;
#7028 = DIRECTION ( 'NONE',  ( -0.000000000000000000, -1.000000000000000000, -0.000000000000000000 ) ) ;
#7029 = DIRECTION ( 'NONE',  ( 0.000000000000000000, 0.000000000000000000, 1.000000000000000000 ) ) ;
#7030 = DIRECTION ( 'NONE',  ( -0.000000000000000000, 0.000000000000000000, -1.000000000000000000 ) ) ;
#7031 = CARTESIAN_POINT ( 'NONE',  ( 12.71262581266358715, 1.103909596859301789, 3.500000000000000444 ) ) ;
#7032 = ORIENTED_EDGE ( 'NONE', *, *, #3970, .T. ) ;
#7033 = VECTOR ( 'NONE', #4573, 1000.000000000000000 ) ;
#7034 = DIRECTION ( 'NONE',  ( -0.000000000000000000, 1.000000000000000000, -0.000000000000000000 ) ) ;
#7035 = ORIENTED_EDGE ( 'NONE', *, *, #7097, .F. ) ;
#7036 = VERTEX_POINT ( 'NONE', #6682 ) ;
#7037 = ADVANCED_FACE ( 'NONE', ( #7883 ), #481, .F. ) ;
#7038 = PRESENTATION_STYLE_ASSIGNMENT (( #1875 ) ) ;
#7039 = VECTOR ( 'NONE', #9205, 1000.000000000000000 ) ;
#7040 = CARTESIAN_POINT ( 'NONE',  ( -9.850000000000003197, 5.799999999999999822, -3.500000000000000444 ) ) ;
#7041 = DIRECTION ( 'NONE',  ( -1.630660900174879311E-16, 0.000000000000000000, -1.000000000000000000 ) ) ;
#7042 = ORIENTED_EDGE ( 'NONE', *, *, #7391, .F. ) ;
#7043 = ORIENTED_EDGE ( 'NONE', *, *, #3298, .F. ) ;
#7044 = DIRECTION ( 'NONE',  ( 0.000000000000000000, 1.000000000000000000, 0.000000000000000000 ) ) ;
#7045 = DIRECTION ( 'NONE',  ( 0.000000000000000000, -1.000000000000000000, -0.000000000000000000 ) ) ;
#7046 = CARTESIAN_POINT ( 'NONE',  ( 2.484777130550477331, 4.799999999999999822, -0.1000000000000000056 ) ) ;
#7047 = VERTEX_POINT ( 'NONE', #5776 ) ;
#7048 = DIRECTION ( 'NONE',  ( -0.000000000000000000, 1.000000000000000000, -0.000000000000000000 ) ) ;
#7049 = LINE ( 'NONE', #5766, #11156 ) ;
#7050 = AXIS2_PLACEMENT_3D ( 'NONE', #9949, #9231, #6685 ) ;
#7051 = ORIENTED_EDGE ( 'NONE', *, *, #7579, .F. ) ;
#7052 = DIRECTION ( 'NONE',  ( 0.000000000000000000, 1.000000000000000000, 0.000000000000000000 ) ) ;
#7053 = CARTESIAN_POINT ( 'NONE',  ( -2.449511734408785113, 1.103909596859301789, -0.09999999999999982514 ) ) ;
#7054 = DIRECTION ( 'NONE',  ( 0.000000000000000000, 0.000000000000000000, 1.000000000000000000 ) ) ;
#7055 = VECTOR ( 'NONE', #11317, 1000.000000000000114 ) ;
#7056 = EDGE_CURVE ( 'NONE', #1870, #2516, #8109, .T. ) ;
#7057 = CYLINDRICAL_SURFACE ( 'NONE', #10975, 0.2249999999999999500 ) ;
#7058 = EDGE_CURVE ( 'NONE', #4550, #5841, #413, .T. ) ;
#7059 = EDGE_LOOP ( 'NONE', ( #5146, #552 ) ) ;
#7060 = EDGE_LOOP ( 'NONE', ( #8302, #9339, #5000, #8167 ) ) ;
#7061 = LINE ( 'NONE', #11208, #3231 ) ;
#7062 = ADVANCED_FACE ( 'NONE', ( #428 ), #4585, .F. ) ;
#7063 = PLANE ( 'NONE',  #10108 ) ;
#7064 = CARTESIAN_POINT ( 'NONE',  ( 15.34999999999999609, 0.5000000000000000000, 5.099999999999998757 ) ) ;
#7065 = CARTESIAN_POINT ( 'NONE',  ( -5.765711135040744395, 4.799999999999999822, -3.500000000000000444 ) ) ;
#7066 = ORIENTED_EDGE ( 'NONE', *, *, #2272, .T. ) ;
#7067 = ORIENTED_EDGE ( 'NONE', *, *, #7266, .F. ) ;
#7068 = DIRECTION ( 'NONE',  ( 0.000000000000000000, -1.000000000000000000, -0.000000000000000000 ) ) ;
#7069 = EDGE_CURVE ( 'NONE', #2380, #8509, #8145, .T. ) ;
#7070 = DIRECTION ( 'NONE',  ( 2.072739447398762653E-16, 0.000000000000000000, 1.000000000000000000 ) ) ;
#7071 = CARTESIAN_POINT ( 'NONE',  ( 6.149999999999997691, 5.799999999999999822, -3.500000000000000444 ) ) ;
#7072 = STYLED_ITEM ( 'NONE', ( #7636 ), #8732 ) ;
#7073 = CARTESIAN_POINT ( 'NONE',  ( -11.11986355566337181, 4.799999999999999822, 2.550000000000000711 ) ) ;
#7074 = FACE_OUTER_BOUND ( 'NONE', #3857, .T. ) ;
#7075 = STYLED_ITEM ( 'NONE', ( #4428 ), #790 ) ;
#7076 = DIRECTION ( 'NONE',  ( 0.1736481776669298038, 0.000000000000000000, -0.9848077530122082424 ) ) ;
#7077 = EDGE_CURVE ( 'NONE', #11162, #8688, #447, .T. ) ;
#7078 = CARTESIAN_POINT ( 'NONE',  ( -12.88013644433663352, 1.103909596859301789, -2.550000000000000711 ) ) ;
#7079 = DIRECTION ( 'NONE',  ( 0.000000000000000000, 1.000000000000000000, -0.000000000000000000 ) ) ;
#7080 = EDGE_CURVE ( 'NONE', #7903, #9287, #97, .T. ) ;
#7081 = VERTEX_POINT ( 'NONE', #6237 ) ;
#7082 = VERTEX_POINT ( 'NONE', #964 ) ;
#7083 = VECTOR ( 'NONE', #4122, 999.9999999999998863 ) ;
#7084 = DIRECTION ( 'NONE',  ( 0.000000000000000000, 0.000000000000000000, 1.000000000000000000 ) ) ;
#7085 = ADVANCED_FACE ( 'NONE', ( #4487 ), #3461, .T. ) ;
#7086 = EDGE_CURVE ( 'NONE', #3807, #4378, #868, .T. ) ;
#7087 = ORIENTED_EDGE ( 'NONE', *, *, #9918, .T. ) ;
#7088 = VECTOR ( 'NONE', #6834, 1000.000000000000000 ) ;
#7089 =( LENGTH_UNIT ( ) NAMED_UNIT ( * ) SI_UNIT ( .MILLI., .METRE. ) );
#7090 = ORIENTED_EDGE ( 'NONE', *, *, #9052, .T. ) ;
#7091 = VECTOR ( 'NONE', #2178, 999.9999999999998863 ) ;
#7092 = EDGE_CURVE ( 'NONE', #8994, #1457, #8598, .T. ) ;
#7093 = ORIENTED_EDGE ( 'NONE', *, *, #8451, .T. ) ;
#7094 =( NAMED_UNIT ( * ) SI_UNIT ( $, .STERADIAN. ) SOLID_ANGLE_UNIT ( ) );
#7095 = VERTEX_POINT ( 'NONE', #5294 ) ;
#7096 = VECTOR ( 'NONE', #7989, 1000.000000000000000 ) ;
#7097 = EDGE_CURVE ( 'NONE', #1891, #7582, #852, .T. ) ;
#7098 = CARTESIAN_POINT ( 'NONE',  ( 8.000000000000000000, 4.799999999999999822, 0.000000000000000000 ) ) ;
#7099 = AXIS2_PLACEMENT_3D ( 'NONE', #9407, #7505, #10298 ) ;
#7100 = CARTESIAN_POINT ( 'NONE',  ( -12.71262581266359248, 5.799999999999999822, -3.500000000000000000 ) ) ;
#7101 = ADVANCED_FACE ( 'NONE', ( #8431 ), #6389, .T. ) ;
#7102 = VERTEX_POINT ( 'NONE', #3523 ) ;
#7103 = VERTEX_POINT ( 'NONE', #55 ) ;
#7104 = SURFACE_STYLE_FILL_AREA ( #9990 ) ;
#7105 = FACE_OUTER_BOUND ( 'NONE', #8769, .T. ) ;
#7106 = CARTESIAN_POINT ( 'NONE',  ( -2.586474439020264526, 5.799999999999999822, -0.4750000000000000333 ) ) ;
#7107 = DIRECTION ( 'NONE',  ( -0.1736481776669299149, 0.000000000000000000, 0.9848077530122082424 ) ) ;
#7108 = VERTEX_POINT ( 'NONE', #1856 ) ;
#7109 = VERTEX_POINT ( 'NONE', #7073 ) ;
#7110 = DIRECTION ( 'NONE',  ( -0.1736481776669316357, 0.000000000000000000, 0.9848077530122076872 ) ) ;
#7111 = VECTOR ( 'NONE', #7468, 1000.000000000000000 ) ;
#7112 =( GEOMETRIC_REPRESENTATION_CONTEXT ( 3 ) GLOBAL_UNCERTAINTY_ASSIGNED_CONTEXT ( ( #4083 ) ) GLOBAL_UNIT_ASSIGNED_CONTEXT ( ( #10721, #7918, #9007 ) ) REPRESENTATION_CONTEXT ( 'NONE', 'WORKASPACE' ) );
#7113 = CARTESIAN_POINT ( 'NONE',  ( -10.58647443902026453, 4.799999999999999822, -0.4750000000000000333 ) ) ;
#7114 = CARTESIAN_POINT ( 'NONE',  ( 3.810000000000000941, 0.5000000000000000000, -4.035000000000001030 ) ) ;
#7115 = CARTESIAN_POINT ( 'NONE',  ( -2.053085322377157684, 4.799999999999999822, -3.500000000000000444 ) ) ;
#7116 = DIRECTION ( 'NONE',  ( 1.000000000000000000, 0.000000000000000000, -3.465154412871613544E-16 ) ) ;
#7117 = ORIENTED_EDGE ( 'NONE', *, *, #2200, .F. ) ;
#7118 = DIRECTION ( 'NONE',  ( 0.000000000000000000, 0.000000000000000000, -1.000000000000000000 ) ) ;
#7119 = LINE ( 'NONE', #9748, #11202 ) ;
#7120 = UNCERTAINTY_MEASURE_WITH_UNIT (LENGTH_MEASURE( 1.000000000000000082E-05 ), #6464, 'distance_accuracy_value', 'NONE');
#7121 = ORIENTED_EDGE ( 'NONE', *, *, #6624, .T. ) ;
#7122 = DIRECTION ( 'NONE',  ( 0.1736481776669307753, 0.000000000000000000, -0.9848077530122080203 ) ) ;
#7123 = ADVANCED_FACE ( 'NONE', ( #8360 ), #2745, .T. ) ;
#7124 = CARTESIAN_POINT ( 'NONE',  ( -10.23428886495926449, 4.799999999999999822, 3.499999999999999556 ) ) ;
#7125 = VECTOR ( 'NONE', #10154, 1000.000000000000000 ) ;
#7126 =( GEOMETRIC_REPRESENTATION_CONTEXT ( 3 ) GLOBAL_UNCERTAINTY_ASSIGNED_CONTEXT ( ( #7369 ) ) GLOBAL_UNIT_ASSIGNED_CONTEXT ( ( #7196, #7935, #2660 ) ) REPRESENTATION_CONTEXT ( 'NONE', 'WORKASPACE' ) );
#7127 = VERTEX_POINT ( 'NONE', #4432 ) ;
#7128 = ORIENTED_EDGE ( 'NONE', *, *, #3843, .T. ) ;
#7129 = SURFACE_STYLE_FILL_AREA ( #8301 ) ;
#7130 = DIRECTION ( 'NONE',  ( 0.000000000000000000, 1.000000000000000000, 0.000000000000000000 ) ) ;
#7131 = EDGE_CURVE ( 'NONE', #4010, #2652, #8406, .T. ) ;
#7132 = PLANE ( 'NONE',  #3027 ) ;
#7133 = CARTESIAN_POINT ( 'NONE',  ( 5.779404045949801727, 4.799999999999999822, -2.550000000000000711 ) ) ;
#7134 = PLANE ( 'NONE',  #3828 ) ;
#7135 = VERTEX_POINT ( 'NONE', #6092 ) ;
#7136 = CIRCLE ( 'NONE', #4307, 0.4750000000000005884 ) ;
#7137 = EDGE_LOOP ( 'NONE', ( #2192, #1831, #10803, #6254 ) ) ;
#7138 = EDGE_CURVE ( 'NONE', #7213, #2655, #8202, .T. ) ;
#7139 = DIRECTION ( 'NONE',  ( 1.000000000000000000, 0.000000000000000000, -2.072739447398754025E-16 ) ) ;
#7140 = CARTESIAN_POINT ( 'NONE',  ( 5.246014929306694441, 1.103909596859301789, 0.4749999999999995892 ) ) ;
#7141 = VECTOR ( 'NONE', #3486, 1000.000000000000000 ) ;
#7142 = DIRECTION ( 'NONE',  ( 0.000000000000000000, 1.000000000000000000, 0.000000000000000000 ) ) ;
#7143 = CARTESIAN_POINT ( 'NONE',  ( -15.35000000000000320, 0.5000000000000000000, 5.100000000000000533 ) ) ;
#7144 = CARTESIAN_POINT ( 'NONE',  ( 3.119863555663366483, 5.799999999999999822, -2.550000000000000711 ) ) ;
#7145 = EDGE_LOOP ( 'NONE', ( #10194, #6676, #5652, #6234 ) ) ;
#7146 = EDGE_LOOP ( 'NONE', ( #6293, #10465, #11012, #2113 ) ) ;
#7147 = EDGE_CURVE ( 'NONE', #5239, #1215, #4502, .T. ) ;
#7148 = CARTESIAN_POINT ( 'NONE',  ( 1.000000000000000888, 5.799999999999999822, 3.500000000000000444 ) ) ;
#7149 = EDGE_CURVE ( 'NONE', #8802, #10794, #4390, .T. ) ;
#7150 = CLOSED_SHELL ( 'NONE', ( #2308, #3286, #1673, #11214, #1430, #10890 ) ) ;
#7151 = AXIS2_PLACEMENT_3D ( 'NONE', #8817, #2438, #6930 ) ;
#7152 = SURFACE_STYLE_USAGE ( .BOTH. , #980 ) ;
#7153 = ORIENTED_EDGE ( 'NONE', *, *, #11290, .T. ) ;
#7154 = DIRECTION ( 'NONE',  ( -0.000000000000000000, 1.000000000000000000, -0.000000000000000000 ) ) ;
#7155 = VECTOR ( 'NONE', #4238, 1000.000000000000000 ) ;
#7156 = FACE_OUTER_BOUND ( 'NONE', #10678, .T. ) ;
#7157 = ORIENTED_EDGE ( 'NONE', *, *, #1661, .F. ) ;
#7158 = DIRECTION ( 'NONE',  ( -1.000000000000000000, 0.000000000000000000, -0.000000000000000000 ) ) ;
#7159 = ORIENTED_EDGE ( 'NONE', *, *, #2324, .T. ) ;
#7160 = VECTOR ( 'NONE', #10570, 1000.000000000000000 ) ;
#7161 = DIRECTION ( 'NONE',  ( 0.1736481776669313026, -0.000000000000000000, -0.9848077530122079093 ) ) ;
#7162 = CARTESIAN_POINT ( 'NONE',  ( -3.084288864959265020, 4.799999999999999822, 3.499999999999999556 ) ) ;
#7163 = DIRECTION ( 'NONE',  ( 0.000000000000000000, 1.000000000000000000, 0.000000000000000000 ) ) ;
#7164 = CARTESIAN_POINT ( 'NONE',  ( 9.634777130550475022, 5.799999999999999822, -0.09999999999999982514 ) ) ;
#7165 = ADVANCED_FACE ( 'NONE', ( #717 ), #5429, .T. ) ;
#7166 = ORIENTED_EDGE ( 'NONE', *, *, #3894, .F. ) ;
#7167 = LINE ( 'NONE', #3588, #7033 ) ;
#7168 = VERTEX_POINT ( 'NONE', #1629 ) ;
#7169 = LINE ( 'NONE', #4769, #10846 ) ;
#7170 = CARTESIAN_POINT ( 'NONE',  ( 10.05308532237714836, 5.799999999999999822, 3.500000000000000444 ) ) ;
#7171 = EDGE_LOOP ( 'NONE', ( #8815, #10404, #11521, #2755 ) ) ;
#7172 = VERTEX_POINT ( 'NONE', #2667 ) ;
#7173 = DIRECTION ( 'NONE',  ( 0.1736481776669298316, 0.000000000000000000, -0.9848077530122082424 ) ) ;
#7174 = AXIS2_PLACEMENT_3D ( 'NONE', #3299, #9652, #3367 ) ;
#7175 = DIRECTION ( 'NONE',  ( -1.000000000000000000, 0.000000000000000000, -2.072739447398754025E-16 ) ) ;
#7176 = EDGE_CURVE ( 'NONE', #2826, #11416, #4658, .T. ) ;
#7177 = DIRECTION ( 'NONE',  ( 0.000000000000000000, -0.000000000000000000, 1.000000000000000000 ) ) ;
#7178 = CARTESIAN_POINT ( 'NONE',  ( 6.999999999999997335, 5.799999999999999822, 3.500000000000001332 ) ) ;
#7179 = ORIENTED_EDGE ( 'NONE', *, *, #6673, .T. ) ;
#7180 = DIRECTION ( 'NONE',  ( -0.1736481776669313026, -0.000000000000000000, 0.9848077530122079093 ) ) ;
#7181 = VECTOR ( 'NONE', #7547, 1000.000000000000000 ) ;
#7182 = CARTESIAN_POINT ( 'NONE',  ( 14.99999999999999822, 4.799999999999999822, -3.500000000000000444 ) ) ;
#7183 = EDGE_LOOP ( 'NONE', ( #7179, #3675, #10830, #2187 ) ) ;
#7184 = DIRECTION ( 'NONE',  ( 0.000000000000000000, 0.000000000000000000, 1.000000000000000000 ) ) ;
#7185 = CARTESIAN_POINT ( 'NONE',  ( -5.946914677622851642, 5.799999999999999822, 3.500000000000000444 ) ) ;
#7186 = FACE_OUTER_BOUND ( 'NONE', #7931, .T. ) ;
#7187 = LINE ( 'NONE', #7915, #11003 ) ;
#7188 = VERTEX_POINT ( 'NONE', #9683 ) ;
#7189 = ORIENTED_EDGE ( 'NONE', *, *, #9918, .F. ) ;
#7190 = FACE_OUTER_BOUND ( 'NONE', #6748, .T. ) ;
#7191 = MECHANICAL_DESIGN_GEOMETRIC_PRESENTATION_REPRESENTATION (  '', ( #5127 ), #2460 ) ;
#7192 = EDGE_CURVE ( 'NONE', #8742, #4360, #8559, .T. ) ;
#7193 = DIRECTION ( 'NONE',  ( 0.000000000000000000, 0.000000000000000000, 1.000000000000000000 ) ) ;
#7194 = DIRECTION ( 'NONE',  ( 0.000000000000000000, 1.000000000000000000, 0.000000000000000000 ) ) ;
#7195 = STYLED_ITEM ( 'NONE', ( #6683 ), #8347 ) ;
#7196 =( LENGTH_UNIT ( ) NAMED_UNIT ( * ) SI_UNIT ( .MILLI., .METRE. ) );
#7197 = CARTESIAN_POINT ( 'NONE',  ( -15.00000000000000000, 4.799999999999999822, 3.500000000000000444 ) ) ;
#7198 = EDGE_CURVE ( 'NONE', #8403, #6385, #4697, .T. ) ;
#7199 = ORIENTED_EDGE ( 'NONE', *, *, #9167, .F. ) ;
#7200 = PRESENTATION_STYLE_ASSIGNMENT (( #8088 ) ) ;
#7201 = ORIENTED_EDGE ( 'NONE', *, *, #5646, .F. ) ;
#7202 = DIRECTION ( 'NONE',  ( 0.000000000000000000, 0.000000000000000000, 1.000000000000000000 ) ) ;
#7203 = ADVANCED_FACE ( 'NONE', ( #8263 ), #10291, .T. ) ;
#7204 = DIRECTION ( 'NONE',  ( -0.9848077530122080203, 0.000000000000000000, -0.1736481776669307753 ) ) ;
#7205 = DIRECTION ( 'NONE',  ( 0.1736481776669298038, 0.000000000000000000, -0.9848077530122082424 ) ) ;
#7206 = CARTESIAN_POINT ( 'NONE',  ( -14.14999999999999858, 4.799999999999999822, 3.500000000000000888 ) ) ;
#7207 = VERTEX_POINT ( 'NONE', #7655 ) ;
#7208 = EDGE_LOOP ( 'NONE', ( #2833, #2865, #10344, #5986 ) ) ;
#7209 = EDGE_CURVE ( 'NONE', #10089, #10050, #573, .T. ) ;
#7210 = EDGE_LOOP ( 'NONE', ( #4005, #8905, #6849, #1234 ) ) ;
#7211 = LINE ( 'NONE', #1477, #11013 ) ;
#7212 = CARTESIAN_POINT ( 'NONE',  ( 0.2205331856370010557, 5.799999999999999822, -1.250705846325504966 ) ) ;
#7213 = VERTEX_POINT ( 'NONE', #2158 ) ;
#7214 = EDGE_CURVE ( 'NONE', #1166, #6486, #510, .T. ) ;
#7215 = PRESENTATION_LAYER_ASSIGNMENT (  '', '', ( #9881 ) ) ;
#7216 = CARTESIAN_POINT ( 'NONE',  ( -13.24601492930670155, 5.799999999999999822, -0.4749999999999989231 ) ) ;
#7217 = CARTESIAN_POINT ( 'NONE',  ( -13.77940404594980883, 1.103909596859301789, 2.550000000000001155 ) ) ;
#7218 = VECTOR ( 'NONE', #6332, 1000.000000000000000 ) ;
#7219 = LINE ( 'NONE', #10534, #10895 ) ;
#7220 = ORIENTED_EDGE ( 'NONE', *, *, #595, .F. ) ;
#7221 = CARTESIAN_POINT ( 'NONE',  ( -11.11986355566337181, 5.799999999999999822, 2.550000000000000711 ) ) ;
#7222 = ORIENTED_EDGE ( 'NONE', *, *, #972, .F. ) ;
#7223 = VECTOR ( 'NONE', #9005, 1000.000000000000000 ) ;
#7224 = DIRECTION ( 'NONE',  ( -1.000000000000000000, 0.000000000000000000, 0.000000000000000000 ) ) ;
#7225 = PLANE ( 'NONE',  #2118 ) ;
#7226 =( GEOMETRIC_REPRESENTATION_CONTEXT ( 3 ) GLOBAL_UNCERTAINTY_ASSIGNED_CONTEXT ( ( #6528 ) ) GLOBAL_UNIT_ASSIGNED_CONTEXT ( ( #5471, #7710, #8560 ) ) REPRESENTATION_CONTEXT ( 'NONE', 'WORKASPACE' ) );
#7227 = PLANE ( 'NONE',  #9477 ) ;
#7228 = DIRECTION ( 'NONE',  ( -1.000000000000000000, 0.000000000000000000, -2.072739447398754025E-16 ) ) ;
#7229 = ORIENTED_EDGE ( 'NONE', *, *, #1024, .T. ) ;
#7230 = VECTOR ( 'NONE', #8007, 1000.000000000000114 ) ;
#7231 = DIRECTION ( 'NONE',  ( 0.000000000000000000, 0.000000000000000000, 1.000000000000000000 ) ) ;
#7232 = VERTEX_POINT ( 'NONE', #4909 ) ;
#7233 = DIRECTION ( 'NONE',  ( 1.000000000000000000, -0.000000000000000000, -0.000000000000000000 ) ) ;
#7234 = FACE_OUTER_BOUND ( 'NONE', #2594, .T. ) ;
#7235 = VECTOR ( 'NONE', #1948, 1000.000000000000000 ) ;
#7236 = CARTESIAN_POINT ( 'NONE',  ( -1.000000000000002665, 1.103909596859301789, 3.025000000000000799 ) ) ;
#7237 = DIRECTION ( 'NONE',  ( -1.000000000000000000, 0.000000000000000000, -2.072739447398754025E-16 ) ) ;
#7238 = ORIENTED_EDGE ( 'NONE', *, *, #1452, .F. ) ;
#7239 = VERTEX_POINT ( 'NONE', #1439 ) ;
#7240 = CARTESIAN_POINT ( 'NONE',  ( -1.599511734408786801, 4.799999999999999822, -0.1000000000000000056 ) ) ;
#7241 = ADVANCED_FACE ( 'NONE', ( #8320 ), #4741, .T. ) ;
#7242 = CARTESIAN_POINT ( 'NONE',  ( -14.14999999999999858, 4.799999999999999822, 3.500000000000000444 ) ) ;
#7243 =( GEOMETRIC_REPRESENTATION_CONTEXT ( 3 ) GLOBAL_UNCERTAINTY_ASSIGNED_CONTEXT ( ( #1839 ) ) GLOBAL_UNIT_ASSIGNED_CONTEXT ( ( #10718, #10862, #6432 ) ) REPRESENTATION_CONTEXT ( 'NONE', 'WORKASPACE' ) );
#7244 = DIRECTION ( 'NONE',  ( 0.000000000000000000, 1.000000000000000000, 0.000000000000000000 ) ) ;
#7245 = CARTESIAN_POINT ( 'NONE',  ( -10.75398507069330556, 4.799999999999999822, 0.4749999999999995892 ) ) ;
#7246 = ORIENTED_EDGE ( 'NONE', *, *, #6085, .T. ) ;
#7247 = DIRECTION ( 'NONE',  ( 0.000000000000000000, -1.000000000000000000, 0.000000000000000000 ) ) ;
#7248 = FACE_OUTER_BOUND ( 'NONE', #2812, .T. ) ;
#7249 = EDGE_CURVE ( 'NONE', #315, #8419, #4521, .T. ) ;
#7250 = DIRECTION ( 'NONE',  ( -1.000000000000000000, 0.000000000000000000, 1.630660900174878325E-16 ) ) ;
#7251 = VERTEX_POINT ( 'NONE', #7417 ) ;
#7252 = DIRECTION ( 'NONE',  ( 0.000000000000000000, 1.000000000000000000, 0.000000000000000000 ) ) ;
#7253 = MANIFOLD_SOLID_BREP ( 'LPattern3[8]', #5400 ) ;
#7254 = CARTESIAN_POINT ( 'NONE',  ( 0.2205331856370010557, 5.799999999999999822, -0.7757058463255043224 ) ) ;
#7255 = FACE_OUTER_BOUND ( 'NONE', #10782, .T. ) ;
#7256 = LINE ( 'NONE', #7162, #10986 ) ;
#7257 = EDGE_CURVE ( 'NONE', #4950, #1058, #4353, .T. ) ;
#7258 = PLANE ( 'NONE',  #9971 ) ;
#7259 = ORIENTED_EDGE ( 'NONE', *, *, #5878, .T. ) ;
#7260 = EDGE_LOOP ( 'NONE', ( #6522, #6878, #2440, #1866 ) ) ;
#7261 = EDGE_CURVE ( 'NONE', #4666, #6051, #4639, .T. ) ;
#7262 = CARTESIAN_POINT ( 'NONE',  ( 5.765711135040735513, 5.799999999999999822, 3.499999999999999556 ) ) ;
#7263 = CARTESIAN_POINT ( 'NONE',  ( -2.053085322377157684, 4.799999999999999822, -3.500000000000000444 ) ) ;
#7264 = VERTEX_POINT ( 'NONE', #3755 ) ;
#7265 = PLANE ( 'NONE',  #3584 ) ;
#7266 = EDGE_CURVE ( 'NONE', #10306, #7047, #8621, .T. ) ;
#7267 = DIRECTION ( 'NONE',  ( 1.000000000000000000, 0.000000000000000000, -2.072739447398762653E-16 ) ) ;
#7268 = FACE_OUTER_BOUND ( 'NONE', #5575, .T. ) ;
#7269 = DIRECTION ( 'NONE',  ( 0.9848077530122082424, -0.000000000000000000, 0.1736481776669298038 ) ) ;
#7270 = VECTOR ( 'NONE', #2562, 1000.000000000000000 ) ;
#7271 = DIRECTION ( 'NONE',  ( -0.1736481776669313026, -0.000000000000000000, 0.9848077530122079093 ) ) ;
#7272 = CARTESIAN_POINT ( 'NONE',  ( 9.850000000000001421, 5.799999999999999822, 3.500000000000000444 ) ) ;
#7273 = ORIENTED_EDGE ( 'NONE', *, *, #6503, .T. ) ;
#7274 = EDGE_LOOP ( 'NONE', ( #7222, #7296 ) ) ;
#7275 = LINE ( 'NONE', #6511, #11094 ) ;
#7276 = AXIS2_PLACEMENT_3D ( 'NONE', #8416, #2899, #341 ) ;
#7277 = SURFACE_SIDE_STYLE ('',( #10149 ) ) ;
#7278 = DIRECTION ( 'NONE',  ( -0.1736481776669302757, 0.000000000000000000, 0.9848077530122080203 ) ) ;
#7279 = ORIENTED_EDGE ( 'NONE', *, *, #6673, .F. ) ;
#7280 = LINE ( 'NONE', #8877, #11185 ) ;
#7281 = DIRECTION ( 'NONE',  ( -0.1736481776669302757, -0.000000000000000000, 0.9848077530122080203 ) ) ;
#7282 = ADVANCED_FACE ( 'NONE', ( #4335 ), #270, .F. ) ;
#7283 = DIRECTION ( 'NONE',  ( -1.000000000000000000, 0.000000000000000000, -0.000000000000000000 ) ) ;
#7284 = LINE ( 'NONE', #7833, #7325 ) ;
#7285 = EDGE_CURVE ( 'NONE', #10219, #11222, #529, .T. ) ;
#7286 = FACE_OUTER_BOUND ( 'NONE', #894, .T. ) ;
#7287 = EDGE_CURVE ( 'NONE', #5368, #11530, #8237, .T. ) ;
#7288 = ORIENTED_EDGE ( 'NONE', *, *, #8041, .T. ) ;
#7289 = CARTESIAN_POINT ( 'NONE',  ( 13.77940404594980173, 4.799999999999999822, -2.550000000000000711 ) ) ;
#7290 = EDGE_LOOP ( 'NONE', ( #1480, #8342, #7560, #10161 ) ) ;
#7291 = CARTESIAN_POINT ( 'NONE',  ( -5.946914677622851642, 4.799999999999999822, 3.500000000000000444 ) ) ;
#7292 = CARTESIAN_POINT ( 'NONE',  ( -2.484777130550480884, 5.799999999999999822, 0.09999999999999982514 ) ) ;
#7293 = CARTESIAN_POINT ( 'NONE',  ( 9.634777130550475022, 4.799999999999999822, -0.09999999999999982514 ) ) ;
#7294 = CARTESIAN_POINT ( 'NONE',  ( 2.053085322377148803, 4.799999999999999822, 3.500000000000000444 ) ) ;
#7295 = CARTESIAN_POINT ( 'NONE',  ( 10.22059595405019117, 4.799999999999999822, 2.550000000000001155 ) ) ;
#7296 = ORIENTED_EDGE ( 'NONE', *, *, #1789, .F. ) ;
#7297 = VECTOR ( 'NONE', #9892, 1000.000000000000000 ) ;
#7298 = EDGE_CURVE ( 'NONE', #8995, #935, #4411, .T. ) ;
#7299 = PLANE ( 'NONE',  #213 ) ;
#7300 = VECTOR ( 'NONE', #1222, 1000.000000000000000 ) ;
#7301 = AXIS2_PLACEMENT_3D ( 'NONE', #6333, #10836, #150 ) ;
#7302 = VECTOR ( 'NONE', #8122, 1000.000000000000000 ) ;
#7303 =( LENGTH_UNIT ( ) NAMED_UNIT ( * ) SI_UNIT ( .MILLI., .METRE. ) );
#7304 = CARTESIAN_POINT ( 'NONE',  ( 10.58647443902025564, 4.799999999999999822, 0.4750000000000004774 ) ) ;
#7305 = STYLED_ITEM ( 'NONE', ( #9812 ), #1710 ) ;
#7306 = EDGE_CURVE ( 'NONE', #7232, #6406, #4430, .T. ) ;
#7307 = EDGE_LOOP ( 'NONE', ( #1702, #9726, #9533, #5711 ) ) ;
#7308 = DIRECTION ( 'NONE',  ( -1.000000000000000000, 0.000000000000000000, 0.000000000000000000 ) ) ;
#7309 = ORIENTED_EDGE ( 'NONE', *, *, #3822, .F. ) ;
#7310 = CARTESIAN_POINT ( 'NONE',  ( 1.000000000000000888, 4.799999999999999822, 3.500000000000000444 ) ) ;
#7311 = LINE ( 'NONE', #106, #7223 ) ;
#7312 = ADVANCED_FACE ( 'NONE', ( #615, #631, #656, #1248, #1188, #1170, #8682, #5096, #8660, #5077, #8937, #1334, #973, #1150, #8786, #1290, #4886, #5115, #4739, #8862, #8704, #8642, #4861, #927, #1095, #5140, #5056, #1032, #4947, #8973, #4844, #8761, #1053, #4991, #994 ), #3275, .F. ) ;
#7313 = DIRECTION ( 'NONE',  ( -1.000000000000000000, 0.000000000000000000, 1.630660900174879311E-16 ) ) ;
#7314 = DIRECTION ( 'NONE',  ( -0.000000000000000000, 1.000000000000000000, -0.000000000000000000 ) ) ;
#7315 = DIRECTION ( 'NONE',  ( -0.000000000000000000, 1.000000000000000000, -0.000000000000000000 ) ) ;
#7316 = CARTESIAN_POINT ( 'NONE',  ( 4.712625812663587155, 4.799999999999999822, 3.500000000000000444 ) ) ;
#7317 = FILL_AREA_STYLE_COLOUR ( '', #10885 ) ;
#7318 = AXIS2_PLACEMENT_3D ( 'NONE', #8367, #3793, #7381 ) ;
#7319 = CARTESIAN_POINT ( 'NONE',  ( -6.349999999999999645, 0.5000000000000000000, -4.035000000000001030 ) ) ;
#7320 = EDGE_LOOP ( 'NONE', ( #4548, #10265, #4395, #8945 ) ) ;
#7321 = CARTESIAN_POINT ( 'NONE',  ( 10.22059595405019117, 4.799999999999999822, 2.550000000000001155 ) ) ;
#7322 = VECTOR ( 'NONE', #10662, 1000.000000000000000 ) ;
#7323 = CARTESIAN_POINT ( 'NONE',  ( -6.365222869449524978, 5.799999999999999822, -0.09999999999999982514 ) ) ;
#7324 = DIRECTION ( 'NONE',  ( -0.1736481776669313026, -0.000000000000000000, 0.9848077530122079093 ) ) ;
#7325 = VECTOR ( 'NONE', #11396, 1000.000000000000000 ) ;
#7326 = VECTOR ( 'NONE', #8984, 1000.000000000000000 ) ;
#7327 = EDGE_CURVE ( 'NONE', #156, #1357, #8805, .T. ) ;
#7328 = AXIS2_PLACEMENT_3D ( 'NONE', #1558, #8561, #646 ) ;
#7329 = CARTESIAN_POINT ( 'NONE',  ( 10.22059595405019117, 4.799999999999999822, 2.550000000000001155 ) ) ;
#7330 = EDGE_LOOP ( 'NONE', ( #7866, #399, #7851, #10749 ) ) ;
#7331 = ORIENTED_EDGE ( 'NONE', *, *, #8084, .F. ) ;
#7332 = LINE ( 'NONE', #1746, #3406 ) ;
#7333 = EDGE_CURVE ( 'NONE', #2509, #4146, #4778, .T. ) ;
#7334 = MANIFOLD_SOLID_BREP ( 'LPattern2[6]', #4153 ) ;
#7335 = CARTESIAN_POINT ( 'NONE',  ( -13.51522286944952356, 4.799999999999999822, -0.1000000000000000056 ) ) ;
#7336 = ADVANCED_FACE ( 'NONE', ( #1478 ), #9358, .T. ) ;
#7337 = DIRECTION ( 'NONE',  ( 0.000000000000000000, 1.000000000000000000, 0.000000000000000000 ) ) ;
#7338 = DIRECTION ( 'NONE',  ( 0.000000000000000000, 1.000000000000000000, 0.000000000000000000 ) ) ;
#7339 = ORIENTED_EDGE ( 'NONE', *, *, #633, .T. ) ;
#7340 = LINE ( 'NONE', #1763, #7297 ) ;
#7341 = CARTESIAN_POINT ( 'NONE',  ( -2.484777130550480884, 4.799999999999999822, 0.09999999999999982514 ) ) ;
#7342 = DIRECTION ( 'NONE',  ( -0.9848077530122079093, 0.000000000000000000, -0.1736481776669316635 ) ) ;
#7343 = FACE_OUTER_BOUND ( 'NONE', #10212, .T. ) ;
#7344 = CARTESIAN_POINT ( 'NONE',  ( -2.484777130550480884, 1.103909596859301789, 0.09999999999999982514 ) ) ;
#7345 = FACE_OUTER_BOUND ( 'NONE', #4210, .T. ) ;
#7346 = DIRECTION ( 'NONE',  ( -0.9848077530122081313, 0.000000000000000000, -0.1736481776669303034 ) ) ;
#7347 = DIRECTION ( 'NONE',  ( 0.000000000000000000, 0.000000000000000000, 1.000000000000000000 ) ) ;
#7348 = VERTEX_POINT ( 'NONE', #10452 ) ;
#7349 = ORIENTED_EDGE ( 'NONE', *, *, #4863, .T. ) ;
#7350 = FACE_OUTER_BOUND ( 'NONE', #2307, .T. ) ;
#7351 = CARTESIAN_POINT ( 'NONE',  ( -11.11986355566337181, 4.799999999999999822, 2.550000000000000711 ) ) ;
#7352 = EDGE_CURVE ( 'NONE', #6383, #740, #1353, .T. ) ;
#7353 = CARTESIAN_POINT ( 'NONE',  ( -9.599511734408787689, 1.103909596859301789, -0.1000000000000000056 ) ) ;
#7354 = PRESENTATION_LAYER_ASSIGNMENT (  '', '', ( #11134 ) ) ;
#7355 = CARTESIAN_POINT ( 'NONE',  ( -5.550488265591217107, 1.103909596859301789, 0.1000000000000000056 ) ) ;
#7356 = ADVANCED_FACE ( 'NONE', ( #9211 ), #7737, .T. ) ;
#7357 = EDGE_LOOP ( 'NONE', ( #5475, #6273, #465, #10627 ) ) ;
#7358 = COLOUR_RGB ( '',0.7529411764705882248, 0.000000000000000000, 0.000000000000000000 ) ;
#7359 = PLANE ( 'NONE',  #8090 ) ;
#7360 = PLANE ( 'NONE',  #6786 ) ;
#7361 = FACE_OUTER_BOUND ( 'NONE', #4158, .T. ) ;
#7362 = VECTOR ( 'NONE', #9874, 1000.000000000000114 ) ;
#7363 = MECHANICAL_DESIGN_GEOMETRIC_PRESENTATION_REPRESENTATION (  '', ( #5580 ), #8077 ) ;
#7364 = AXIS2_PLACEMENT_3D ( 'NONE', #1056, #9980, #1862 ) ;
#7365 = VERTEX_POINT ( 'NONE', #1652 ) ;
#7366 = DIRECTION ( 'NONE',  ( 0.000000000000000000, 0.000000000000000000, -1.000000000000000000 ) ) ;
#7367 = ORIENTED_EDGE ( 'NONE', *, *, #6409, .F. ) ;
#7368 = FACE_OUTER_BOUND ( 'NONE', #3551, .T. ) ;
#7369 = UNCERTAINTY_MEASURE_WITH_UNIT (LENGTH_MEASURE( 1.000000000000000082E-05 ), #7196, 'distance_accuracy_value', 'NONE');
#7370 = DIRECTION ( 'NONE',  ( 0.000000000000000000, 1.000000000000000000, 0.000000000000000000 ) ) ;
#7371 = PLANE ( 'NONE',  #6420 ) ;
#7372 = CARTESIAN_POINT ( 'NONE',  ( 15.34999999999999609, 0.000000000000000000, 5.099999999999998757 ) ) ;
#7373 = DIRECTION ( 'NONE',  ( 0.000000000000000000, -0.000000000000000000, 1.000000000000000000 ) ) ;
#7374 = CARTESIAN_POINT ( 'NONE',  ( 8.000000000000000000, 4.799999999999999822, 0.000000000000000000 ) ) ;
#7375 = EDGE_CURVE ( 'NONE', #11449, #2332, #9101, .T. ) ;
#7376 = DIRECTION ( 'NONE',  ( 0.000000000000000000, -0.000000000000000000, 1.000000000000000000 ) ) ;
#7377 = DIRECTION ( 'NONE',  ( -1.000000000000000000, -0.000000000000000000, -2.072739447398754025E-16 ) ) ;
#7378 = ORIENTED_EDGE ( 'NONE', *, *, #7015, .T. ) ;
#7379 = ADVANCED_FACE ( 'NONE', ( #1494 ), #4453, .T. ) ;
#7380 = FACE_OUTER_BOUND ( 'NONE', #1, .T. ) ;
#7381 = DIRECTION ( 'NONE',  ( 1.000000000000000000, 0.000000000000000000, -0.000000000000000000 ) ) ;
#7382 = SURFACE_STYLE_USAGE ( .BOTH. , #94 ) ;
#7383 = AXIS2_PLACEMENT_3D ( 'NONE', #3409, #6108, #10613 ) ;
#7384 = ORIENTED_EDGE ( 'NONE', *, *, #5413, .F. ) ;
#7385 = EDGE_LOOP ( 'NONE', ( #10481, #3155, #11292, #10579 ) ) ;
#7386 = CARTESIAN_POINT ( 'NONE',  ( 1.634777130550475466, 4.799999999999999822, -0.09999999999999982514 ) ) ;
#7387 = FACE_OUTER_BOUND ( 'NONE', #596, .T. ) ;
#7388 = CARTESIAN_POINT ( 'NONE',  ( 3.287374187336407516, 1.103909596859301789, -3.500000000000000000 ) ) ;
#7389 = EDGE_CURVE ( 'NONE', #1404, #2960, #9246, .T. ) ;
#7390 = DIRECTION ( 'NONE',  ( -0.1736481776669302757, 0.000000000000000000, 0.9848077530122080203 ) ) ;
#7391 = EDGE_CURVE ( 'NONE', #4776, #4784, #1621, .T. ) ;
#7392 = PLANE ( 'NONE',  #371 ) ;
#7393 = CARTESIAN_POINT ( 'NONE',  ( 1.270000000000000240, 0.5000000000000000000, -3.810000000000000941 ) ) ;
#7394 = SURFACE_STYLE_USAGE ( .BOTH. , #11005 ) ;
#7395 = ORIENTED_EDGE ( 'NONE', *, *, #6789, .T. ) ;
#7396 = CARTESIAN_POINT ( 'NONE',  ( 5.765711135040735513, 4.799999999999999822, 3.499999999999999556 ) ) ;
#7397 = LINE ( 'NONE', #467, #11392 ) ;
#7398 = CARTESIAN_POINT ( 'NONE',  ( -1.269999999999999352, -7.450000000000000178, -3.810000000000000941 ) ) ;
#7399 = CARTESIAN_POINT ( 'NONE',  ( 6.999999999999997335, 4.799999999999999822, 2.550000000000000266 ) ) ;
#7400 = CARTESIAN_POINT ( 'NONE',  ( -13.51522286944952356, 4.799999999999999822, -0.1000000000000000056 ) ) ;
#7401 = PLANE ( 'NONE',  #8455 ) ;
#7402 = ORIENTED_EDGE ( 'NONE', *, *, #5958, .T. ) ;
#7403 = ORIENTED_EDGE ( 'NONE', *, *, #981, .F. ) ;
#7404 = VECTOR ( 'NONE', #6178, 1000.000000000000000 ) ;
#7405 = ADVANCED_FACE ( 'NONE', ( #9263 ), #6183, .T. ) ;
#7406 = CARTESIAN_POINT ( 'NONE',  ( 6.999999999999997335, 5.799999999999999822, 3.025000000000000799 ) ) ;
#7407 = AXIS2_PLACEMENT_3D ( 'NONE', #7212, #9766, #8112 ) ;
#7408 = CARTESIAN_POINT ( 'NONE',  ( 9.850000000000001421, 5.799999999999999822, 3.500000000000000444 ) ) ;
#7409 = CARTESIAN_POINT ( 'NONE',  ( 3.810000000000000941, 0.5000000000000000000, 3.810000000000000053 ) ) ;
#7410 = EDGE_LOOP ( 'NONE', ( #6100, #2392, #11311, #10811 ) ) ;
#7411 = DIRECTION ( 'NONE',  ( 0.000000000000000000, 1.000000000000000000, 0.000000000000000000 ) ) ;
#7412 = LINE ( 'NONE', #6908, #3858 ) ;
#7413 = DIRECTION ( 'NONE',  ( 0.1736481776669312471, 0.000000000000000000, -0.9848077530122079093 ) ) ;
#7414 = DIRECTION ( 'NONE',  ( 0.000000000000000000, 1.000000000000000000, 0.000000000000000000 ) ) ;
#7415 = CARTESIAN_POINT ( 'NONE',  ( -5.246014929306701546, 5.799999999999999822, -0.4749999999999989231 ) ) ;
#7416 = LINE ( 'NONE', #414, #3719 ) ;
#7417 = CARTESIAN_POINT ( 'NONE',  ( -13.94691467762285164, 4.799999999999999822, 3.500000000000000444 ) ) ;
#7418 = FACE_OUTER_BOUND ( 'NONE', #10110, .T. ) ;
#7419 = MANIFOLD_SOLID_BREP ( 'Boss-Extrude3[1]', #1450 ) ;
#7420 = ORIENTED_EDGE ( 'NONE', *, *, #11290, .F. ) ;
#7421 = CARTESIAN_POINT ( 'NONE',  ( 0.000000000000000000, 4.799999999999999822, 0.000000000000000000 ) ) ;
#7422 = EDGE_LOOP ( 'NONE', ( #4216, #9672, #1213, #9547 ) ) ;
#7423 = ORIENTED_EDGE ( 'NONE', *, *, #4398, .T. ) ;
#7424 = FACE_OUTER_BOUND ( 'NONE', #530, .T. ) ;
#7425 = CARTESIAN_POINT ( 'NONE',  ( -5.515222869449522669, 5.799999999999999822, -0.1000000000000000056 ) ) ;
#7426 =( NAMED_UNIT ( * ) PLANE_ANGLE_UNIT ( ) SI_UNIT ( $, .RADIAN. ) );
#7427 = CARTESIAN_POINT ( 'NONE',  ( -5.413525560979744355, 5.799999999999999822, 0.4750000000000004774 ) ) ;
#7428 = EDGE_CURVE ( 'NONE', #7882, #1891, #1569, .T. ) ;
#7429 = ADVANCED_FACE ( 'NONE', ( #5224 ), #3074, .T. ) ;
#7430 = EDGE_CURVE ( 'NONE', #10860, #10201, #9138, .T. ) ;
#7431 = ORIENTED_EDGE ( 'NONE', *, *, #4078, .T. ) ;
#7432 = FACE_OUTER_BOUND ( 'NONE', #1119, .T. ) ;
#7433 = DIRECTION ( 'NONE',  ( 0.000000000000000000, 0.000000000000000000, 1.000000000000000000 ) ) ;
#7434 = LINE ( 'NONE', #1212, #108 ) ;
#7435 = FACE_OUTER_BOUND ( 'NONE', #9418, .T. ) ;
#7436 = VERTEX_POINT ( 'NONE', #8272 ) ;
#7437 = EDGE_LOOP ( 'NONE', ( #3966, #11526, #7928, #3309 ) ) ;
#7438 = ORIENTED_EDGE ( 'NONE', *, *, #4148, .T. ) ;
#7439 = LINE ( 'NONE', #5132, #3502 ) ;
#7440 = DIRECTION ( 'NONE',  ( -1.000000000000000000, -0.000000000000000000, -2.072739447398754025E-16 ) ) ;
#7441 = CARTESIAN_POINT ( 'NONE',  ( 24.00000000000000000, 4.799999999999999822, 0.000000000000000000 ) ) ;
#7442 = DIRECTION ( 'NONE',  ( -0.000000000000000000, 0.000000000000000000, 1.000000000000000000 ) ) ;
#7443 = EDGE_CURVE ( 'NONE', #7666, #8726, #5377, .T. ) ;
#7444 = CARTESIAN_POINT ( 'NONE',  ( 2.449511734408783337, 1.103909596859301789, 0.1000000000000000056 ) ) ;
#7445 = AXIS2_PLACEMENT_3D ( 'NONE', #7767, #8612, #4089 ) ;
#7446 = CARTESIAN_POINT ( 'NONE',  ( -3.809999999999999609, -7.450000000000000178, -3.810000000000000941 ) ) ;
#7447 = AXIS2_PLACEMENT_3D ( 'NONE', #10738, #1123, #263 ) ;
#7448 = CARTESIAN_POINT ( 'NONE',  ( 9.599511734408782360, 4.799999999999999822, 0.09999999999999982514 ) ) ;
#7449 = EDGE_CURVE ( 'NONE', #8851, #10691, #5464, .T. ) ;
#7450 = VERTEX_POINT ( 'NONE', #4686 ) ;
#7451 = VECTOR ( 'NONE', #9963, 1000.000000000000000 ) ;
#7452 = VECTOR ( 'NONE', #8430, 1000.000000000000000 ) ;
#7453 = LINE ( 'NONE', #3960, #11207 ) ;
#7454 = DIRECTION ( 'NONE',  ( -0.1736481776669313026, -0.000000000000000000, 0.9848077530122079093 ) ) ;
#7455 = CARTESIAN_POINT ( 'NONE',  ( -12.91571113504074120, 4.799999999999999822, -3.500000000000000444 ) ) ;
#7456 = VERTEX_POINT ( 'NONE', #7291 ) ;
#7457 = VERTEX_POINT ( 'NONE', #5590 ) ;
#7458 = DIRECTION ( 'NONE',  ( 1.000000000000000000, -0.000000000000000000, -0.000000000000000000 ) ) ;
#7459 = ORIENTED_EDGE ( 'NONE', *, *, #5506, .T. ) ;
#7460 = CARTESIAN_POINT ( 'NONE',  ( 4.712625812663587155, 4.799999999999999822, 3.500000000000000444 ) ) ;
#7461 = FACE_OUTER_BOUND ( 'NONE', #6711, .T. ) ;
#7462 = EDGE_CURVE ( 'NONE', #1160, #6331, #9396, .T. ) ;
#7463 = PLANE ( 'NONE',  #10636 ) ;
#7464 = DIRECTION ( 'NONE',  ( -1.000000000000000000, 0.000000000000000000, 0.000000000000000000 ) ) ;
#7465 = DIRECTION ( 'NONE',  ( 0.1736481776669298316, 0.000000000000000000, -0.9848077530122082424 ) ) ;
#7466 = EDGE_CURVE ( 'NONE', #9744, #6782, #5431, .T. ) ;
#7467 = DIRECTION ( 'NONE',  ( 0.000000000000000000, 1.000000000000000000, 0.000000000000000000 ) ) ;
#7468 = DIRECTION ( 'NONE',  ( 1.000000000000000000, 0.000000000000000000, 0.000000000000000000 ) ) ;
#7469 = ORIENTED_EDGE ( 'NONE', *, *, #1974, .F. ) ;
#7470 = DIRECTION ( 'NONE',  ( 0.1736481776669298038, 0.000000000000000000, -0.9848077530122082424 ) ) ;
#7471 = FACE_OUTER_BOUND ( 'NONE', #11040, .T. ) ;
#7472 = LINE ( 'NONE', #3735, #408 ) ;
#7473 = EDGE_CURVE ( 'NONE', #544, #2312, #5498, .T. ) ;
#7474 = CARTESIAN_POINT ( 'NONE',  ( -1.850000000000002753, 5.799999999999999822, -3.500000000000000444 ) ) ;
#7475 = AXIS2_PLACEMENT_3D ( 'NONE', #10872, #4565, #4336 ) ;
#7476 = ADVANCED_FACE ( 'NONE', ( #9302 ), #4528, .T. ) ;
#7477 = FILL_AREA_STYLE ('',( #6602 ) ) ;
#7478 = LINE ( 'NONE', #2116, #11376 ) ;
#7479 = CIRCLE ( 'NONE', #10115, 0.4750000000000004774 ) ;
#7480 = ORIENTED_EDGE ( 'NONE', *, *, #3112, .T. ) ;
#7481 = CARTESIAN_POINT ( 'NONE',  ( 16.09999999999999787, 0.000000000000000000, 5.099999999999999645 ) ) ;
#7482 = ORIENTED_EDGE ( 'NONE', *, *, #3534, .T. ) ;
#7483 = EDGE_LOOP ( 'NONE', ( #1321, #5595, #5596, #1437 ) ) ;
#7484 = LINE ( 'NONE', #5591, #3887 ) ;
#7485 = DIRECTION ( 'NONE',  ( 1.000000000000000000, -0.000000000000000000, -0.000000000000000000 ) ) ;
#7486 = CARTESIAN_POINT ( 'NONE',  ( -6.365222869449524978, 4.799999999999999822, -0.09999999999999982514 ) ) ;
#7487 = CARTESIAN_POINT ( 'NONE',  ( 8.000000000000000000, 4.799999999999999822, 0.000000000000000000 ) ) ;
#7488 = EDGE_LOOP ( 'NONE', ( #8346, #8174, #8366, #9461 ) ) ;
#7489 = CARTESIAN_POINT ( 'NONE',  ( -5.550488265591217107, 1.103909596859301789, 0.1000000000000000056 ) ) ;
#7490 = VECTOR ( 'NONE', #9394, 1000.000000000000000 ) ;
#7491 = LINE ( 'NONE', #1159, #305 ) ;
#7492 = PLANE ( 'NONE',  #4903 ) ;
#7493 = CARTESIAN_POINT ( 'NONE',  ( 6.350000000000001421, -7.450000000000000178, -3.585000000000000853 ) ) ;
#7494 = FACE_OUTER_BOUND ( 'NONE', #11365, .T. ) ;
#7495 = DIRECTION ( 'NONE',  ( -1.000000000000000000, 0.000000000000000000, 1.630660900174878325E-16 ) ) ;
#7496 = EDGE_CURVE ( 'NONE', #3174, #1233, #5446, .T. ) ;
#7497 =( NAMED_UNIT ( * ) PLANE_ANGLE_UNIT ( ) SI_UNIT ( $, .RADIAN. ) );
#7498 = VECTOR ( 'NONE', #11490, 1000.000000000000114 ) ;
#7499 = AXIS2_PLACEMENT_3D ( 'NONE', #320, #9230, #10016 ) ;
#7500 = ORIENTED_EDGE ( 'NONE', *, *, #7056, .F. ) ;
#7501 = CARTESIAN_POINT ( 'NONE',  ( 6.999999999999997335, 4.799999999999999822, 3.025000000000000799 ) ) ;
#7502 = ORIENTED_EDGE ( 'NONE', *, *, #7022, .F. ) ;
#7503 = ORIENTED_EDGE ( 'NONE', *, *, #2555, .F. ) ;
#7504 = CIRCLE ( 'NONE', #5724, 0.2249999999999999500 ) ;
#7505 = DIRECTION ( 'NONE',  ( 0.000000000000000000, -0.000000000000000000, 1.000000000000000000 ) ) ;
#7506 = DIRECTION ( 'NONE',  ( 1.000000000000000000, 0.000000000000000000, -2.072739447398762653E-16 ) ) ;
#7507 = DIRECTION ( 'NONE',  ( 0.000000000000000000, 1.000000000000000000, 0.000000000000000000 ) ) ;
#7508 = AXIS2_PLACEMENT_3D ( 'NONE', #11407, #10715, #4473 ) ;
#7509 = ORIENTED_EDGE ( 'NONE', *, *, #3557, .F. ) ;
#7510 = PLANE ( 'NONE',  #1911 ) ;
#7511 = LINE ( 'NONE', #5562, #7757 ) ;
#7512 =( LENGTH_UNIT ( ) NAMED_UNIT ( * ) SI_UNIT ( .MILLI., .METRE. ) );
#7513 = FACE_OUTER_BOUND ( 'NONE', #2544, .T. ) ;
#7514 = UNCERTAINTY_MEASURE_WITH_UNIT (LENGTH_MEASURE( 1.000000000000000082E-05 ), #6621, 'distance_accuracy_value', 'NONE');
#7515 = DIRECTION ( 'NONE',  ( 0.000000000000000000, 0.000000000000000000, 1.000000000000000000 ) ) ;
#7516 = CARTESIAN_POINT ( 'NONE',  ( -10.44951173440878556, 5.799999999999999822, -0.09999999999999982514 ) ) ;
#7517 = CYLINDRICAL_SURFACE ( 'NONE', #9228, 0.2250000000000003664 ) ;
#7518 = EDGE_CURVE ( 'NONE', #1457, #8133, #9415, .T. ) ;
#7519 = VERTEX_POINT ( 'NONE', #294 ) ;
#7520 = EDGE_LOOP ( 'NONE', ( #4847, #9349, #743, #1040 ) ) ;
#7521 = DIRECTION ( 'NONE',  ( -0.1736481776669316357, 0.000000000000000000, 0.9848077530122076872 ) ) ;
#7522 = VERTEX_POINT ( 'NONE', #7525 ) ;
#7523 = PRESENTATION_STYLE_ASSIGNMENT (( #3988 ) ) ;
#7524 = AXIS2_PLACEMENT_3D ( 'NONE', #5815, #3063, #3289 ) ;
#7525 = CARTESIAN_POINT ( 'NONE',  ( -5.765711135040744395, 5.799999999999999822, -3.500000000000000444 ) ) ;
#7526 = DIRECTION ( 'NONE',  ( 0.000000000000000000, 0.000000000000000000, 1.000000000000000000 ) ) ;
#7527 = ADVANCED_FACE ( 'NONE', ( #9343 ), #4767, .T. ) ;
#7528 = PLANE ( 'NONE',  #2619 ) ;
#7529 = DIRECTION ( 'NONE',  ( 1.000000000000000000, -0.000000000000000000, -0.000000000000000000 ) ) ;
#7530 = DIRECTION ( 'NONE',  ( -0.000000000000000000, 1.000000000000000000, -0.000000000000000000 ) ) ;
#7531 = ADVANCED_FACE ( 'NONE', ( #5314 ), #10231, .T. ) ;
#7532 = DIRECTION ( 'NONE',  ( 0.000000000000000000, -0.000000000000000000, 1.000000000000000000 ) ) ;
#7533 = ORIENTED_EDGE ( 'NONE', *, *, #3668, .T. ) ;
#7534 = AXIS2_PLACEMENT_3D ( 'NONE', #11440, #647, #6090 ) ;
#7535 = FACE_OUTER_BOUND ( 'NONE', #6804, .T. ) ;
#7536 = EDGE_CURVE ( 'NONE', #8419, #11129, #5482, .T. ) ;
#7537 = DIRECTION ( 'NONE',  ( 0.1736481776669313026, 0.000000000000000000, -0.9848077530122080203 ) ) ;
#7538 = LINE ( 'NONE', #6693, #3762 ) ;
#7539 = LINE ( 'NONE', #1255, #11262 ) ;
#7540 = EDGE_LOOP ( 'NONE', ( #8900, #6542, #8129, #9123 ) ) ;
#7541 = VERTEX_POINT ( 'NONE', #9056 ) ;
#7542 = EDGE_CURVE ( 'NONE', #5247, #7990, #5332, .T. ) ;
#7543 = DIRECTION ( 'NONE',  ( -0.1736481776669316635, 0.000000000000000000, 0.9848077530122076872 ) ) ;
#7544 = ORIENTED_EDGE ( 'NONE', *, *, #9966, .F. ) ;
#7545 = CARTESIAN_POINT ( 'NONE',  ( 14.14999999999999680, 4.799999999999999822, -3.500000000000000444 ) ) ;
#7546 = VECTOR ( 'NONE', #9525, 999.9999999999998863 ) ;
#7547 = DIRECTION ( 'NONE',  ( -0.000000000000000000, 1.000000000000000000, -0.000000000000000000 ) ) ;
#7548 =( LENGTH_UNIT ( ) NAMED_UNIT ( * ) SI_UNIT ( .MILLI., .METRE. ) );
#7549 = CARTESIAN_POINT ( 'NONE',  ( 10.44951173440878378, 5.799999999999999822, 0.1000000000000000056 ) ) ;
#7550 = DIRECTION ( 'NONE',  ( 0.000000000000000000, -1.000000000000000000, 0.000000000000000000 ) ) ;
#7551 = CARTESIAN_POINT ( 'NONE',  ( -16.10000000000000142, 0.000000000000000000, 4.350000000000000533 ) ) ;
#7552 = ORIENTED_EDGE ( 'NONE', *, *, #4104, .T. ) ;
#7553 = LINE ( 'NONE', #3943, #287 ) ;
#7554 = CARTESIAN_POINT ( 'NONE',  ( 10.48477713055047822, 4.799999999999999822, -0.1000000000000000056 ) ) ;
#7555 = CARTESIAN_POINT ( 'NONE',  ( -14.14999999999999858, 5.799999999999999822, 3.500000000000000444 ) ) ;
#7556 = DIRECTION ( 'NONE',  ( -0.000000000000000000, 1.000000000000000000, -0.000000000000000000 ) ) ;
#7557 = VECTOR ( 'NONE', #160, 1000.000000000000000 ) ;
#7558 = VECTOR ( 'NONE', #5544, 1000.000000000000000 ) ;
#7559 = VERTEX_POINT ( 'NONE', #8352 ) ;
#7560 = ORIENTED_EDGE ( 'NONE', *, *, #9195, .T. ) ;
#7561 = ORIENTED_EDGE ( 'NONE', *, *, #10998, .T. ) ;
#7562 = FACE_OUTER_BOUND ( 'NONE', #1709, .T. ) ;
#7563 = CARTESIAN_POINT ( 'NONE',  ( -5.550488265591217107, 4.799999999999999822, 0.1000000000000000056 ) ) ;
#7564 = DIRECTION ( 'NONE',  ( -0.000000000000000000, 0.000000000000000000, 1.000000000000000000 ) ) ;
#7565 =( NAMED_UNIT ( * ) SI_UNIT ( $, .STERADIAN. ) SOLID_ANGLE_UNIT ( ) );
#7566 = ORIENTED_EDGE ( 'NONE', *, *, #8895, .F. ) ;
#7567 = DIRECTION ( 'NONE',  ( -0.000000000000000000, 1.000000000000000000, -0.000000000000000000 ) ) ;
#7568 = VECTOR ( 'NONE', #4034, 1000.000000000000000 ) ;
#7569 = FACE_OUTER_BOUND ( 'NONE', #3176, .T. ) ;
#7570 = ADVANCED_FACE ( 'NONE', ( #1396 ), #5448, .T. ) ;
#7571 = CARTESIAN_POINT ( 'NONE',  ( 0.000000000000000000, 4.799999999999999822, 0.000000000000000000 ) ) ;
#7572 = VECTOR ( 'NONE', #6630, 1000.000000000000000 ) ;
#7573 =( GEOMETRIC_REPRESENTATION_CONTEXT ( 3 ) GLOBAL_UNCERTAINTY_ASSIGNED_CONTEXT ( ( #2691 ) ) GLOBAL_UNIT_ASSIGNED_CONTEXT ( ( #5079, #10686, #2379 ) ) REPRESENTATION_CONTEXT ( 'NONE', 'WORKASPACE' ) );
#7574 = ADVANCED_FACE ( 'NONE', ( #9159 ), #10150, .F. ) ;
#7575 = SURFACE_STYLE_USAGE ( .BOTH. , #6708 ) ;
#7576 = LINE ( 'NONE', #6843, #3802 ) ;
#7577 = ORIENTED_EDGE ( 'NONE', *, *, #10495, .T. ) ;
#7578 = DIRECTION ( 'NONE',  ( -1.000000000000000000, 0.000000000000000000, 1.630660900174878325E-16 ) ) ;
#7579 = EDGE_CURVE ( 'NONE', #10168, #7095, #5512, .T. ) ;
#7580 = EDGE_CURVE ( 'NONE', #2826, #2380, #5256, .T. ) ;
#7581 = ORIENTED_EDGE ( 'NONE', *, *, #6647, .F. ) ;
#7582 = VERTEX_POINT ( 'NONE', #450 ) ;
#7583 = LINE ( 'NONE', #1459, #38 ) ;
#7584 = CARTESIAN_POINT ( 'NONE',  ( 1.270000000000000240, 0.5000000000000000000, -4.035000000000001030 ) ) ;
#7585 = CARTESIAN_POINT ( 'NONE',  ( 9.599511734408782360, 4.799999999999999822, 0.09999999999999982514 ) ) ;
#7586 = ORIENTED_EDGE ( 'NONE', *, *, #4979, .F. ) ;
#7587 = LINE ( 'NONE', #2965, #3915 ) ;
#7588 = CARTESIAN_POINT ( 'NONE',  ( 11.08428886495926058, 4.799999999999999822, -3.500000000000000444 ) ) ;
#7589 = LINE ( 'NONE', #6657, #7735 ) ;
#7590 = PLANE ( 'NONE',  #2947 ) ;
#7591 = FACE_OUTER_BOUND ( 'NONE', #485, .T. ) ;
#7592 = VECTOR ( 'NONE', #10931, 1000.000000000000000 ) ;
#7593 = EDGE_CURVE ( 'NONE', #4654, #10877, #9122, .T. ) ;
#7594 = EDGE_LOOP ( 'NONE', ( #2612, #1360, #90, #10666 ) ) ;
#7595 = AXIS2_PLACEMENT_3D ( 'NONE', #5566, #9180, #2081 ) ;
#7596 = ORIENTED_EDGE ( 'NONE', *, *, #5393, .T. ) ;
#7597 = CARTESIAN_POINT ( 'NONE',  ( -13.76571113504074617, 5.799999999999999822, -3.500000000000000444 ) ) ;
#7598 = AXIS2_PLACEMENT_3D ( 'NONE', #555, #1479, #7706 ) ;
#7599 = ORIENTED_EDGE ( 'NONE', *, *, #9456, .T. ) ;
#7600 = VECTOR ( 'NONE', #1395, 1000.000000000000000 ) ;
#7601 = EDGE_CURVE ( 'NONE', #11420, #8082, #5275, .T. ) ;
#7602 = CARTESIAN_POINT ( 'NONE',  ( 11.11986355566336648, 5.799999999999999822, -2.550000000000000711 ) ) ;
#7603 = EDGE_CURVE ( 'NONE', #7135, #1223, #5299, .T. ) ;
#7604 = CARTESIAN_POINT ( 'NONE',  ( 3.810000000000000941, 0.5000000000000000000, -3.810000000000000941 ) ) ;
#7605 = CARTESIAN_POINT ( 'NONE',  ( 4.880136444336628188, 1.103909596859301789, 2.550000000000000711 ) ) ;
#7606 = DIRECTION ( 'NONE',  ( 0.000000000000000000, 1.000000000000000000, 0.000000000000000000 ) ) ;
#7607 = DIRECTION ( 'NONE',  ( 0.9848077530122079093, 0.000000000000000000, 0.1736481776669312749 ) ) ;
#7608 = ORIENTED_EDGE ( 'NONE', *, *, #892, .F. ) ;
#7609 = VECTOR ( 'NONE', #4649, 1000.000000000000000 ) ;
#7610 = LINE ( 'NONE', #1000, #8024 ) ;
#7611 = EDGE_CURVE ( 'NONE', #7213, #4950, #9527, .T. ) ;
#7612 = CARTESIAN_POINT ( 'NONE',  ( -1.634777130550480573, 4.799999999999999822, 0.1000000000000000056 ) ) ;
#7613 = FACE_OUTER_BOUND ( 'NONE', #10072, .T. ) ;
#7614 = ORIENTED_EDGE ( 'NONE', *, *, #5226, .F. ) ;
#7615 = EDGE_CURVE ( 'NONE', #653, #1059, #1899, .T. ) ;
#7616 = ORIENTED_EDGE ( 'NONE', *, *, #455, .T. ) ;
#7617 = DIRECTION ( 'NONE',  ( 0.000000000000000000, -0.000000000000000000, 1.000000000000000000 ) ) ;
#7618 = VERTEX_POINT ( 'NONE', #11182 ) ;
#7619 = DIRECTION ( 'NONE',  ( 0.000000000000000000, 0.000000000000000000, 1.000000000000000000 ) ) ;
#7620 = CARTESIAN_POINT ( 'NONE',  ( 14.99999999999999822, 5.799999999999999822, 3.025000000000000799 ) ) ;
#7621 = DIRECTION ( 'NONE',  ( 0.000000000000000000, 0.000000000000000000, 1.000000000000000000 ) ) ;
#7622 = ADVANCED_FACE ( 'NONE', ( #2190 ), #7847, .T. ) ;
#7623 = CARTESIAN_POINT ( 'NONE',  ( 13.51522286944952000, 5.799999999999999822, 0.09999999999999982514 ) ) ;
#7624 = ORIENTED_EDGE ( 'NONE', *, *, #9992, .T. ) ;
#7625 = EDGE_CURVE ( 'NONE', #9977, #2397, #2251, .T. ) ;
#7626 = AXIS2_PLACEMENT_3D ( 'NONE', #2283, #2670, #10747 ) ;
#7627 = ADVANCED_FACE ( 'NONE', ( #9491 ), #6122, .T. ) ;
#7628 = CARTESIAN_POINT ( 'NONE',  ( 10.44951173440878378, 5.799999999999999822, 0.1000000000000000056 ) ) ;
#7629 = CARTESIAN_POINT ( 'NONE',  ( 6.149999999999997691, 5.799999999999999822, -3.500000000000000444 ) ) ;
#7630 = EDGE_LOOP ( 'NONE', ( #6694, #10323 ) ) ;
#7631 = VECTOR ( 'NONE', #957, 1000.000000000000000 ) ;
#7632 = FACE_OUTER_BOUND ( 'NONE', #7906, .T. ) ;
#7633 = DIRECTION ( 'NONE',  ( 0.1736481776669307753, 0.000000000000000000, -0.9848077530122080203 ) ) ;
#7634 = PLANE ( 'NONE',  #3578 ) ;
#7635 = LINE ( 'NONE', #4211, #3679 ) ;
#7636 = PRESENTATION_STYLE_ASSIGNMENT (( #4171 ) ) ;
#7637 = ORIENTED_EDGE ( 'NONE', *, *, #10684, .F. ) ;
#7638 = CARTESIAN_POINT ( 'NONE',  ( -13.94691467762285164, 4.799999999999999822, 3.500000000000000444 ) ) ;
#7639 = DIRECTION ( 'NONE',  ( 0.000000000000000000, 1.000000000000000000, 0.000000000000000000 ) ) ;
#7640 = VERTEX_POINT ( 'NONE', #618 ) ;
#7641 = ORIENTED_EDGE ( 'NONE', *, *, #8020, .T. ) ;
#7642 = LINE ( 'NONE', #10316, #3791 ) ;
#7643 = EDGE_LOOP ( 'NONE', ( #9236, #9590, #5015, #5164 ) ) ;
#7644 = CARTESIAN_POINT ( 'NONE',  ( 0.2205331856370010557, 4.799999999999999822, -0.7757058463255043224 ) ) ;
#7645 = CARTESIAN_POINT ( 'NONE',  ( -13.24601492930670155, 5.799999999999999822, -0.4749999999999989231 ) ) ;
#7646 = AXIS2_PLACEMENT_3D ( 'NONE', #7374, #9134, #219 ) ;
#7647 = ADVANCED_FACE ( 'NONE', ( #9976 ), #8776, .F. ) ;
#7648 = DIRECTION ( 'NONE',  ( -0.1736481776669313026, -0.000000000000000000, 0.9848077530122079093 ) ) ;
#7649 = ORIENTED_EDGE ( 'NONE', *, *, #912, .F. ) ;
#7650 = PLANE ( 'NONE',  #10488 ) ;
#7651 = LINE ( 'NONE', #45, #7631 ) ;
#7652 = LINE ( 'NONE', #4772, #7694 ) ;
#7653 = DIRECTION ( 'NONE',  ( -0.000000000000000000, 1.000000000000000000, -0.000000000000000000 ) ) ;
#7654 = VECTOR ( 'NONE', #1240, 1000.000000000000000 ) ;
#7655 = CARTESIAN_POINT ( 'NONE',  ( 16.09999999999999787, 0.5000000000000000000, -4.350000000000000533 ) ) ;
#7656 = FACE_OUTER_BOUND ( 'NONE', #11498, .T. ) ;
#7657 = ORIENTED_EDGE ( 'NONE', *, *, #6156, .F. ) ;
#7658 =( LENGTH_UNIT ( ) NAMED_UNIT ( * ) SI_UNIT ( .MILLI., .METRE. ) );
#7659 = MECHANICAL_DESIGN_GEOMETRIC_PRESENTATION_REPRESENTATION (  '', ( #9769 ), #7126 ) ;
#7660 = ORIENTED_EDGE ( 'NONE', *, *, #151, .T. ) ;
#7661 = VERTEX_POINT ( 'NONE', #2559 ) ;
#7662 = VECTOR ( 'NONE', #11004, 1000.000000000000000 ) ;
#7663 = AXIS2_PLACEMENT_3D ( 'NONE', #8027, #3604, #10136 ) ;
#7664 = UNCERTAINTY_MEASURE_WITH_UNIT (LENGTH_MEASURE( 1.000000000000000082E-05 ), #10763, 'distance_accuracy_value', 'NONE');
#7665 = DIRECTION ( 'NONE',  ( -0.000000000000000000, 0.000000000000000000, -1.000000000000000000 ) ) ;
#7666 = VERTEX_POINT ( 'NONE', #3152 ) ;
#7667 = CARTESIAN_POINT ( 'NONE',  ( -14.40048826559121942, 4.799999999999999822, 0.09999999999999982514 ) ) ;
#7668 = CARTESIAN_POINT ( 'NONE',  ( -11.08428886495926591, 5.799999999999999822, 3.499999999999999556 ) ) ;
#7669 = CARTESIAN_POINT ( 'NONE',  ( 3.810000000000000941, 0.5000000000000000000, 3.584999999999999964 ) ) ;
#7670 = EDGE_CURVE ( 'NONE', #3482, #3129, #1729, .T. ) ;
#7671 = EDGE_LOOP ( 'NONE', ( #10449, #9830, #2364, #2954 ) ) ;
#7672 = DIRECTION ( 'NONE',  ( -0.1736481776669302757, -0.000000000000000000, 0.9848077530122080203 ) ) ;
#7673 = VECTOR ( 'NONE', #8716, 1000.000000000000114 ) ;
#7674 =( NAMED_UNIT ( * ) PLANE_ANGLE_UNIT ( ) SI_UNIT ( $, .RADIAN. ) );
#7675 = VECTOR ( 'NONE', #3708, 1000.000000000000114 ) ;
#7676 = MECHANICAL_DESIGN_GEOMETRIC_PRESENTATION_REPRESENTATION (  '', ( #734 ), #9645 ) ;
#7677 = ADVANCED_FACE ( 'NONE', ( #5988 ), #1601, .T. ) ;
#7678 = DIRECTION ( 'NONE',  ( 0.000000000000000000, 0.000000000000000000, -1.000000000000000000 ) ) ;
#7679 = VECTOR ( 'NONE', #10167, 1000.000000000000000 ) ;
#7680 = ADVANCED_FACE ( 'NONE', ( #1937 ), #9878, .T. ) ;
#7681 = VECTOR ( 'NONE', #2127, 1000.000000000000000 ) ;
#7682 = EDGE_CURVE ( 'NONE', #1270, #1399, #2231, .T. ) ;
#7683 = EDGE_LOOP ( 'NONE', ( #2208, #6749, #188, #663 ) ) ;
#7684 = ORIENTED_EDGE ( 'NONE', *, *, #10726, .T. ) ;
#7685 = VERTEX_POINT ( 'NONE', #1458 ) ;
#7686 = DIRECTION ( 'NONE',  ( 0.000000000000000000, 0.000000000000000000, 1.000000000000000000 ) ) ;
#7687 = DIRECTION ( 'NONE',  ( -1.000000000000000000, 0.000000000000000000, 0.000000000000000000 ) ) ;
#7688 = FILL_AREA_STYLE ('',( #702 ) ) ;
#7689 = CARTESIAN_POINT ( 'NONE',  ( -16.10000000000000142, 5.799999999999999822, -5.100000000000000533 ) ) ;
#7690 = EDGE_LOOP ( 'NONE', ( #9613, #4999, #326, #9316 ) ) ;
#7691 = EDGE_LOOP ( 'NONE', ( #788, #2578, #990, #773 ) ) ;
#7692 = CIRCLE ( 'NONE', #2102, 0.2249999999999999500 ) ;
#7693 = EDGE_CURVE ( 'NONE', #11366, #7541, #9508, .T. ) ;
#7694 = VECTOR ( 'NONE', #1236, 1000.000000000000000 ) ;
#7695 = PRESENTATION_LAYER_ASSIGNMENT (  '', '', ( #10925 ) ) ;
#7696 = LINE ( 'NONE', #8644, #11225 ) ;
#7697 = ORIENTED_EDGE ( 'NONE', *, *, #6944, .T. ) ;
#7698 = VERTEX_POINT ( 'NONE', #10565 ) ;
#7699 = CARTESIAN_POINT ( 'NONE',  ( 5.779404045949801727, 4.799999999999999822, -2.550000000000000711 ) ) ;
#7700 = ORIENTED_EDGE ( 'NONE', *, *, #10580, .T. ) ;
#7701 = DIRECTION ( 'NONE',  ( -1.000000000000000000, 0.000000000000000000, 0.000000000000000000 ) ) ;
#7702 = LINE ( 'NONE', #4203, #7546 ) ;
#7703 = CARTESIAN_POINT ( 'NONE',  ( -5.515222869449522669, 4.799999999999999822, -0.1000000000000000056 ) ) ;
#7704 = ADVANCED_FACE ( 'NONE', ( #9941 ), #5784, .T. ) ;
#7705 = CARTESIAN_POINT ( 'NONE',  ( -3.287374187336412845, 4.799999999999999822, 3.500000000000000444 ) ) ;
#7706 = DIRECTION ( 'NONE',  ( 0.000000000000000000, 0.000000000000000000, 1.000000000000000000 ) ) ;
#7707 = ORIENTED_EDGE ( 'NONE', *, *, #2577, .F. ) ;
#7708 = CARTESIAN_POINT ( 'NONE',  ( -13.77940404594980883, 4.799999999999999822, 2.550000000000001155 ) ) ;
#7709 = EDGE_CURVE ( 'NONE', #10877, #10552, #1744, .T. ) ;
#7710 =( NAMED_UNIT ( * ) PLANE_ANGLE_UNIT ( ) SI_UNIT ( $, .RADIAN. ) );
#7711 = DIRECTION ( 'NONE',  ( 0.000000000000000000, 0.000000000000000000, 1.000000000000000000 ) ) ;
#7712 = CARTESIAN_POINT ( 'NONE',  ( -2.053085322377157684, 1.103909596859301789, -3.500000000000000444 ) ) ;
#7713 = VERTEX_POINT ( 'NONE', #7602 ) ;
#7714 = CYLINDRICAL_SURFACE ( 'NONE', #281, 0.4750000000000005884 ) ;
#7715 = VECTOR ( 'NONE', #2487, 1000.000000000000000 ) ;
#7716 = DIRECTION ( 'NONE',  ( 0.000000000000000000, 1.000000000000000000, 0.000000000000000000 ) ) ;
#7717 = CARTESIAN_POINT ( 'NONE',  ( -2.484777130550480884, 4.799999999999999822, 0.09999999999999982514 ) ) ;
#7718 = DIRECTION ( 'NONE',  ( -1.000000000000000000, 0.000000000000000000, 1.630660900174878325E-16 ) ) ;
#7719 = VECTOR ( 'NONE', #11104, 1000.000000000000000 ) ;
#7720 = EDGE_LOOP ( 'NONE', ( #575, #4915, #514, #8387 ) ) ;
#7721 = ORIENTED_EDGE ( 'NONE', *, *, #10778, .F. ) ;
#7722 = ORIENTED_EDGE ( 'NONE', *, *, #4972, .T. ) ;
#7723 = FACE_OUTER_BOUND ( 'NONE', #10936, .T. ) ;
#7724 = ADVANCED_FACE ( 'NONE', ( #5686 ), #9377, .F. ) ;
#7725 = VERTEX_POINT ( 'NONE', #109 ) ;
#7726 = CARTESIAN_POINT ( 'NONE',  ( 6.999999999999997335, 4.799999999999999822, 3.025000000000000799 ) ) ;
#7727 = AXIS2_PLACEMENT_3D ( 'NONE', #10906, #9922, #214 ) ;
#7728 = CARTESIAN_POINT ( 'NONE',  ( 6.999999999999997335, 4.799999999999999822, 3.025000000000000799 ) ) ;
#7729 = CARTESIAN_POINT ( 'NONE',  ( -16.10000000000000142, 5.799999999999999822, -5.100000000000000533 ) ) ;
#7730 = EDGE_CURVE ( 'NONE', #7103, #3491, #9664, .T. ) ;
#7731 = VERTEX_POINT ( 'NONE', #5549 ) ;
#7732 = CARTESIAN_POINT ( 'NONE',  ( -3.809999999999999609, -15.53639610306789187, -3.810000000000000941 ) ) ;
#7733 = EDGE_CURVE ( 'NONE', #4059, #6370, #9958, .T. ) ;
#7734 = LINE ( 'NONE', #2502, #3739 ) ;
#7735 = VECTOR ( 'NONE', #460, 999.9999999999998863 ) ;
#7736 = LINE ( 'NONE', #1296, #7719 ) ;
#7737 = PLANE ( 'NONE',  #1081 ) ;
#7738 = LINE ( 'NONE', #105, #3566 ) ;
#7739 = EDGE_LOOP ( 'NONE', ( #4341, #457, #3422, #11343 ) ) ;
#7740 = CARTESIAN_POINT ( 'NONE',  ( -14.40048826559121942, 4.799999999999999822, 0.09999999999999982514 ) ) ;
#7741 = DIRECTION ( 'NONE',  ( 1.000000000000000000, -0.000000000000000000, -0.000000000000000000 ) ) ;
#7742 = ORIENTED_EDGE ( 'NONE', *, *, #595, .T. ) ;
#7743 = DIRECTION ( 'NONE',  ( 1.000000000000000000, -0.000000000000000000, -0.000000000000000000 ) ) ;
#7744 = ORIENTED_EDGE ( 'NONE', *, *, #8433, .T. ) ;
#7745 = CIRCLE ( 'NONE', #430, 0.4750000000000005884 ) ;
#7746 = EDGE_CURVE ( 'NONE', #10299, #1457, #1787, .T. ) ;
#7747 = CARTESIAN_POINT ( 'NONE',  ( 3.119863555663366483, 4.799999999999999822, -2.550000000000000711 ) ) ;
#7748 = EDGE_LOOP ( 'NONE', ( #8604, #4508, #111, #4569 ) ) ;
#7749 = MECHANICAL_DESIGN_GEOMETRIC_PRESENTATION_REPRESENTATION (  '', ( #5659 ), #9845 ) ;
#7750 = CARTESIAN_POINT ( 'NONE',  ( 1.000000000000000888, 1.103909596859301789, 3.500000000000000444 ) ) ;
#7751 = DIRECTION ( 'NONE',  ( 2.072739447398758462E-16, 0.000000000000000000, -1.000000000000000000 ) ) ;
#7752 = EDGE_CURVE ( 'NONE', #3902, #6893, #9434, .T. ) ;
#7753 = ADVANCED_FACE ( 'NONE', ( #9543 ), #8392, .F. ) ;
#7754 = AXIS2_PLACEMENT_3D ( 'NONE', #4711, #1177, #10013 ) ;
#7755 = EDGE_LOOP ( 'NONE', ( #1591, #3128, #1250, #6626 ) ) ;
#7756 = DIRECTION ( 'NONE',  ( -0.000000000000000000, 1.000000000000000000, -0.000000000000000000 ) ) ;
#7757 = VECTOR ( 'NONE', #4809, 1000.000000000000000 ) ;
#7758 = DIRECTION ( 'NONE',  ( -0.000000000000000000, 1.000000000000000000, -0.000000000000000000 ) ) ;
#7759 = VECTOR ( 'NONE', #5027, 1000.000000000000000 ) ;
#7760 = EDGE_CURVE ( 'NONE', #1035, #5488, #2217, .T. ) ;
#7761 = CARTESIAN_POINT ( 'NONE',  ( 5.550488265591215331, 4.799999999999999822, -0.09999999999999982514 ) ) ;
#7762 = FACE_OUTER_BOUND ( 'NONE', #3202, .T. ) ;
#7763 = ORIENTED_EDGE ( 'NONE', *, *, #200, .F. ) ;
#7764 = ORIENTED_EDGE ( 'NONE', *, *, #2895, .T. ) ;
#7765 = ORIENTED_EDGE ( 'NONE', *, *, #1086, .T. ) ;
#7766 = VECTOR ( 'NONE', #10288, 1000.000000000000000 ) ;
#7767 = CARTESIAN_POINT ( 'NONE',  ( 5.515222869449519116, 1.103909596859301789, 0.09999999999999982514 ) ) ;
#7768 = CARTESIAN_POINT ( 'NONE',  ( 3.810000000000000941, -15.53639610306789187, -4.035000000000001030 ) ) ;
#7769 =( NAMED_UNIT ( * ) SI_UNIT ( $, .STERADIAN. ) SOLID_ANGLE_UNIT ( ) );
#7770 = DIRECTION ( 'NONE',  ( -0.9848077530122080203, 0.000000000000000000, -0.1736481776669307753 ) ) ;
#7771 = ORIENTED_EDGE ( 'NONE', *, *, #1485, .T. ) ;
#7772 = EDGE_CURVE ( 'NONE', #8234, #1594, #5630, .T. ) ;
#7773 = DIRECTION ( 'NONE',  ( 1.000000000000000000, 0.000000000000000000, -2.072739447398754025E-16 ) ) ;
#7774 = CARTESIAN_POINT ( 'NONE',  ( -0.2205331856370015831, 4.799999999999999822, 1.250705846325504966 ) ) ;
#7775 = EDGE_LOOP ( 'NONE', ( #8471, #6653, #2015, #9512 ) ) ;
#7776 = LINE ( 'NONE', #8679, #325 ) ;
#7777 = CIRCLE ( 'NONE', #7, 0.4750000000000005884 ) ;
#7778 = EDGE_CURVE ( 'NONE', #9989, #6343, #5587, .T. ) ;
#7779 = ADVANCED_FACE ( 'NONE', ( #9468 ), #1805, .F. ) ;
#7780 = VECTOR ( 'NONE', #8245, 1000.000000000000114 ) ;
#7781 = AXIS2_PLACEMENT_3D ( 'NONE', #6898, #9580, #5193 ) ;
#7782 = CARTESIAN_POINT ( 'NONE',  ( -2.586474439020264526, 4.799999999999999822, -0.4750000000000000333 ) ) ;
#7783 = VERTEX_POINT ( 'NONE', #9084 ) ;
#7784 = ORIENTED_EDGE ( 'NONE', *, *, #6330, .F. ) ;
#7785 = CARTESIAN_POINT ( 'NONE',  ( 14.99999999999999822, 4.799999999999999822, 3.025000000000000799 ) ) ;
#7786 = VERTEX_POINT ( 'NONE', #7323 ) ;
#7787 = DIRECTION ( 'NONE',  ( 0.000000000000000000, 0.000000000000000000, 1.000000000000000000 ) ) ;
#7788 = VECTOR ( 'NONE', #4355, 1000.000000000000000 ) ;
#7789 = DIRECTION ( 'NONE',  ( 0.000000000000000000, 1.000000000000000000, 0.000000000000000000 ) ) ;
#7790 = DIRECTION ( 'NONE',  ( 0.000000000000000000, -0.000000000000000000, 1.000000000000000000 ) ) ;
#7791 = ORIENTED_EDGE ( 'NONE', *, *, #4185, .F. ) ;
#7792 = PLANE ( 'NONE',  #9306 ) ;
#7793 = AXIS2_PLACEMENT_3D ( 'NONE', #3667, #9750, #6384 ) ;
#7794 = PLANE ( 'NONE',  #6035 ) ;
#7795 = CARTESIAN_POINT ( 'NONE',  ( 12.91571113504073587, 4.799999999999999822, 3.499999999999999556 ) ) ;
#7796 = CARTESIAN_POINT ( 'NONE',  ( 11.08428886495926058, 5.799999999999999822, -3.500000000000000444 ) ) ;
#7797 = ORIENTED_EDGE ( 'NONE', *, *, #3425, .T. ) ;
#7798 = LINE ( 'NONE', #4731, #7609 ) ;
#7799 = CYLINDRICAL_SURFACE ( 'NONE', #8641, 0.2250000000000003664 ) ;
#7800 = CARTESIAN_POINT ( 'NONE',  ( 6.999999999999997335, 4.799999999999999822, -3.500000000000000444 ) ) ;
#7801 = DIRECTION ( 'NONE',  ( 0.000000000000000000, 0.000000000000000000, -1.000000000000000000 ) ) ;
#7802 = LINE ( 'NONE', #8108, #11296 ) ;
#7803 = CIRCLE ( 'NONE', #5524, 0.2249999999999999500 ) ;
#7804 = ORIENTED_EDGE ( 'NONE', *, *, #7306, .T. ) ;
#7805 = ORIENTED_EDGE ( 'NONE', *, *, #4953, .F. ) ;
#7806 = ORIENTED_EDGE ( 'NONE', *, *, #3854, .F. ) ;
#7807 = LINE ( 'NONE', #5955, #8126 ) ;
#7808 = ADVANCED_FACE ( 'NONE', ( #6026 ), #6516, .F. ) ;
#7809 = ORIENTED_EDGE ( 'NONE', *, *, #9255, .T. ) ;
#7810 = CARTESIAN_POINT ( 'NONE',  ( 14.14999999999999680, 5.799999999999999822, -3.500000000000000444 ) ) ;
#7811 = DIRECTION ( 'NONE',  ( 0.000000000000000000, 0.000000000000000000, 1.000000000000000000 ) ) ;
#7812 = CARTESIAN_POINT ( 'NONE',  ( 1.634777130550475466, 4.799999999999999822, -0.09999999999999982514 ) ) ;
#7813 = ORIENTED_EDGE ( 'NONE', *, *, #4242, .F. ) ;
#7814 = CARTESIAN_POINT ( 'NONE',  ( 3.810000000000000941, -7.450000000000000178, -3.810000000000000941 ) ) ;
#7815 = STYLED_ITEM ( 'NONE', ( #7523 ), #6870 ) ;
#7816 = AXIS2_PLACEMENT_3D ( 'NONE', #9321, #5422, #3514 ) ;
#7817 = FILL_AREA_STYLE ('',( #6864 ) ) ;
#7818 = EDGE_CURVE ( 'NONE', #5547, #7348, #9561, .T. ) ;
#7819 = UNCERTAINTY_MEASURE_WITH_UNIT (LENGTH_MEASURE( 1.000000000000000082E-05 ), #10350, 'distance_accuracy_value', 'NONE');
#7820 = LINE ( 'NONE', #6718, #7452 ) ;
#7821 = DIRECTION ( 'NONE',  ( -0.000000000000000000, 1.000000000000000000, -0.000000000000000000 ) ) ;
#7822 = LINE ( 'NONE', #9752, #7927 ) ;
#7823 = ORIENTED_EDGE ( 'NONE', *, *, #6903, .T. ) ;
#7824 = CARTESIAN_POINT ( 'NONE',  ( -13.94691467762285164, 4.799999999999999822, 3.500000000000000444 ) ) ;
#7825 =( NAMED_UNIT ( * ) PLANE_ANGLE_UNIT ( ) SI_UNIT ( $, .RADIAN. ) );
#7826 = CARTESIAN_POINT ( 'NONE',  ( 15.34999999999999609, 0.000000000000000000, 5.099999999999998757 ) ) ;
#7827 = EDGE_CURVE ( 'NONE', #3077, #6023, #5705, .T. ) ;
#7828 = ORIENTED_EDGE ( 'NONE', *, *, #3768, .F. ) ;
#7829 = ADVANCED_FACE ( 'NONE', ( #9584 ), #5726, .F. ) ;
#7830 = PLANE ( 'NONE',  #8190 ) ;
#7831 = EDGE_LOOP ( 'NONE', ( #4824, #8756, #8664, #1576 ) ) ;
#7832 = CARTESIAN_POINT ( 'NONE',  ( -16.10000000000000142, 0.5000000000000000000, 4.350000000000000533 ) ) ;
#7833 = CARTESIAN_POINT ( 'NONE',  ( 5.413525560979735474, 4.799999999999999822, -0.4750000000000000333 ) ) ;
#7834 = EDGE_CURVE ( 'NONE', #3399, #4062, #6009, .T. ) ;
#7835 = ORIENTED_EDGE ( 'NONE', *, *, #9447, .T. ) ;
#7836 = CARTESIAN_POINT ( 'NONE',  ( -9.000000000000003553, 1.103909596859301789, 3.025000000000000799 ) ) ;
#7837 = CIRCLE ( 'NONE', #7508, 0.2250000000000003664 ) ;
#7838 = DIRECTION ( 'NONE',  ( -1.000000000000000000, 0.000000000000000000, -0.000000000000000000 ) ) ;
#7839 = DIRECTION ( 'NONE',  ( -0.1736481776669316635, 0.000000000000000000, 0.9848077530122076872 ) ) ;
#7840 = CIRCLE ( 'NONE', #9771, 0.4750000000000005884 ) ;
#7841 = VECTOR ( 'NONE', #6917, 1000.000000000000000 ) ;
#7842 = EDGE_LOOP ( 'NONE', ( #3371, #2603, #11184, #7813 ) ) ;
#7843 = AXIS2_PLACEMENT_3D ( 'NONE', #4981, #1571, #2441 ) ;
#7844 = FACE_OUTER_BOUND ( 'NONE', #1257, .T. ) ;
#7845 = VERTEX_POINT ( 'NONE', #3732 ) ;
#7846 = VECTOR ( 'NONE', #7648, 1000.000000000000000 ) ;
#7847 = PLANE ( 'NONE',  #657 ) ;
#7848 = CARTESIAN_POINT ( 'NONE',  ( 6.149999999999997691, 4.799999999999999822, -3.500000000000000444 ) ) ;
#7849 = CARTESIAN_POINT ( 'NONE',  ( 10.48477713055047822, 4.799999999999999822, -0.1000000000000000056 ) ) ;
#7850 = DIRECTION ( 'NONE',  ( -0.1736481776669302757, 0.000000000000000000, 0.9848077530122080203 ) ) ;
#7851 = ORIENTED_EDGE ( 'NONE', *, *, #2790, .T. ) ;
#7852 = AXIS2_PLACEMENT_3D ( 'NONE', #9978, #3680, #5807 ) ;
#7853 = CARTESIAN_POINT ( 'NONE',  ( 11.08428886495926058, 5.799999999999999822, -3.500000000000000444 ) ) ;
#7854 = PLANE ( 'NONE',  #982 ) ;
#7855 = ADVANCED_FACE ( 'NONE', ( #1920 ), #1180, .F. ) ;
#7856 = CARTESIAN_POINT ( 'NONE',  ( -12.71262581266359248, 1.103909596859301789, -3.500000000000000000 ) ) ;
#7857 = EDGE_LOOP ( 'NONE', ( #3767, #6014, #2637, #7660 ) ) ;
#7858 = LINE ( 'NONE', #11061, #4088 ) ;
#7859 = LINE ( 'NONE', #8058, #4273 ) ;
#7860 = LINE ( 'NONE', #8958, #8080 ) ;
#7861 = DIRECTION ( 'NONE',  ( 0.000000000000000000, -0.000000000000000000, 1.000000000000000000 ) ) ;
#7862 = ORIENTED_EDGE ( 'NONE', *, *, #2543, .F. ) ;
#7863 = EDGE_CURVE ( 'NONE', #3958, #8151, #5762, .T. ) ;
#7864 = EDGE_CURVE ( 'NONE', #6782, #241, #2137, .T. ) ;
#7865 = DIRECTION ( 'NONE',  ( -0.000000000000000000, 1.000000000000000000, -0.000000000000000000 ) ) ;
#7866 = ORIENTED_EDGE ( 'NONE', *, *, #10279, .F. ) ;
#7867 = CARTESIAN_POINT ( 'NONE',  ( 3.810000000000000941, 0.5000000000000000000, 4.035000000000000142 ) ) ;
#7868 = VECTOR ( 'NONE', #9452, 1000.000000000000000 ) ;
#7869 = PLANE ( 'NONE',  #863 ) ;
#7870 = CARTESIAN_POINT ( 'NONE',  ( 6.999999999999997335, 1.103909596859301789, -3.500000000000000444 ) ) ;
#7871 = ORIENTED_EDGE ( 'NONE', *, *, #5404, .T. ) ;
#7872 = CARTESIAN_POINT ( 'NONE',  ( 0.000000000000000000, 4.799999999999999822, 0.000000000000000000 ) ) ;
#7873 = DIRECTION ( 'NONE',  ( 0.000000000000000000, 0.000000000000000000, 1.000000000000000000 ) ) ;
#7874 = ORIENTED_EDGE ( 'NONE', *, *, #4471, .T. ) ;
#7875 = LINE ( 'NONE', #9368, #461 ) ;
#7876 = ADVANCED_FACE ( 'NONE', ( #6046 ), #405, .F. ) ;
#7877 = LINE ( 'NONE', #9897, #4275 ) ;
#7878 = ORIENTED_EDGE ( 'NONE', *, *, #8168, .T. ) ;
#7879 = AXIS2_PLACEMENT_3D ( 'NONE', #7098, #7965, #9777 ) ;
#7880 = PRESENTATION_STYLE_ASSIGNMENT (( #4553 ) ) ;
#7881 = AXIS2_PLACEMENT_3D ( 'NONE', #7667, #8596, #6799 ) ;
#7882 = VERTEX_POINT ( 'NONE', #5856 ) ;
#7883 = FACE_OUTER_BOUND ( 'NONE', #7720, .T. ) ;
#7884 = EDGE_CURVE ( 'NONE', #9009, #6308, #9904, .T. ) ;
#7885 = EDGE_CURVE ( 'NONE', #1189, #4511, #9923, .T. ) ;
#7886 = ORIENTED_EDGE ( 'NONE', *, *, #8611, .F. ) ;
#7887 = DIRECTION ( 'NONE',  ( 0.000000000000000000, 1.000000000000000000, 0.000000000000000000 ) ) ;
#7888 = EDGE_LOOP ( 'NONE', ( #5225, #8791, #2456, #4667 ) ) ;
#7889 = CARTESIAN_POINT ( 'NONE',  ( -4.915711135040740309, 4.799999999999999822, -3.500000000000000444 ) ) ;
#7890 = FACE_OUTER_BOUND ( 'NONE', #4350, .T. ) ;
#7891 = EDGE_CURVE ( 'NONE', #2436, #5301, #6451, .T. ) ;
#7892 = CARTESIAN_POINT ( 'NONE',  ( -9.000000000000003553, 5.799999999999999822, -3.500000000000000444 ) ) ;
#7893 = LINE ( 'NONE', #9942, #4038 ) ;
#7894 = VECTOR ( 'NONE', #9682, 999.9999999999998863 ) ;
#7895 = EDGE_LOOP ( 'NONE', ( #9213, #1995 ) ) ;
#7896 = DIRECTION ( 'NONE',  ( -0.1736481776669307475, 0.000000000000000000, 0.9848077530122080203 ) ) ;
#7897 = CIRCLE ( 'NONE', #4570, 0.2249999999999999500 ) ;
#7898 = EDGE_CURVE ( 'NONE', #10392, #3774, #6153, .T. ) ;
#7899 = ORIENTED_EDGE ( 'NONE', *, *, #2896, .T. ) ;
#7900 = AXIS2_PLACEMENT_3D ( 'NONE', #9524, #7550, #4043 ) ;
#7901 = ADVANCED_FACE ( 'NONE', ( #2470 ), #10352, .T. ) ;
#7902 = DIRECTION ( 'NONE',  ( -1.000000000000000000, 0.000000000000000000, 1.630660900174879311E-16 ) ) ;
#7903 = VERTEX_POINT ( 'NONE', #10598 ) ;
#7904 = EDGE_CURVE ( 'NONE', #7457, #4378, #6210, .T. ) ;
#7905 = MECHANICAL_DESIGN_GEOMETRIC_PRESENTATION_REPRESENTATION (  '', ( #9993 ), #5288 ) ;
#7906 = EDGE_LOOP ( 'NONE', ( #114, #3301, #3725, #9463 ) ) ;
#7907 = LINE ( 'NONE', #11227, #8135 ) ;
#7908 = DIRECTION ( 'NONE',  ( 0.1736481776669312471, 0.000000000000000000, -0.9848077530122079093 ) ) ;
#7909 = LINE ( 'NONE', #2969, #407 ) ;
#7910 = EDGE_LOOP ( 'NONE', ( #4620, #9201, #8222, #4208 ) ) ;
#7911 = CYLINDRICAL_SURFACE ( 'NONE', #5703, 0.2249999999999999500 ) ;
#7912 = VERTEX_POINT ( 'NONE', #7947 ) ;
#7913 = LINE ( 'NONE', #5050, #7933 ) ;
#7914 = ADVANCED_FACE ( 'NONE', ( #6229 ), #8729, .T. ) ;
#7915 = CARTESIAN_POINT ( 'NONE',  ( -9.000000000000003553, 5.799999999999999822, -3.500000000000000444 ) ) ;
#7916 = DIRECTION ( 'NONE',  ( -0.1736481776669313026, 0.000000000000000000, 0.9848077530122079093 ) ) ;
#7917 = ORIENTED_EDGE ( 'NONE', *, *, #2032, .T. ) ;
#7918 =( NAMED_UNIT ( * ) PLANE_ANGLE_UNIT ( ) SI_UNIT ( $, .RADIAN. ) );
#7919 = EDGE_CURVE ( 'NONE', #8543, #2196, #6172, .T. ) ;
#7920 = DIRECTION ( 'NONE',  ( 0.000000000000000000, 1.000000000000000000, 0.000000000000000000 ) ) ;
#7921 = AXIS2_PLACEMENT_3D ( 'NONE', #536, #11124, #9275 ) ;
#7922 = CARTESIAN_POINT ( 'NONE',  ( 2.449511734408783337, 4.799999999999999822, 0.1000000000000000056 ) ) ;
#7923 = DIRECTION ( 'NONE',  ( 0.000000000000000000, 1.000000000000000000, 0.000000000000000000 ) ) ;
#7924 = ORIENTED_EDGE ( 'NONE', *, *, #2579, .T. ) ;
#7925 = FACE_OUTER_BOUND ( 'NONE', #11455, .T. ) ;
#7926 = VECTOR ( 'NONE', #2634, 1000.000000000000114 ) ;
#7927 = VECTOR ( 'NONE', #5361, 1000.000000000000000 ) ;
#7928 = ORIENTED_EDGE ( 'NONE', *, *, #8383, .F. ) ;
#7929 = AXIS2_PLACEMENT_3D ( 'NONE', #3043, #10948, #6449 ) ;
#7930 = DIRECTION ( 'NONE',  ( 0.000000000000000000, -1.000000000000000000, 0.000000000000000000 ) ) ;
#7931 = EDGE_LOOP ( 'NONE', ( #5082, #777, #8645, #10571 ) ) ;
#7932 =( NAMED_UNIT ( * ) PLANE_ANGLE_UNIT ( ) SI_UNIT ( $, .RADIAN. ) );
#7933 = VECTOR ( 'NONE', #6920, 1000.000000000000114 ) ;
#7934 = CARTESIAN_POINT ( 'NONE',  ( -11.08428886495926591, 1.103909596859301789, 3.499999999999999556 ) ) ;
#7935 =( NAMED_UNIT ( * ) PLANE_ANGLE_UNIT ( ) SI_UNIT ( $, .RADIAN. ) );
#7936 = DIRECTION ( 'NONE',  ( -0.000000000000000000, 1.000000000000000000, -0.000000000000000000 ) ) ;
#7937 = VERTEX_POINT ( 'NONE', #2356 ) ;
#7938 = CARTESIAN_POINT ( 'NONE',  ( -9.000000000000003553, 1.103909596859301789, 3.500000000000001332 ) ) ;
#7939 = ADVANCED_FACE ( 'NONE', ( #6471 ), #11368, .F. ) ;
#7940 = EDGE_CURVE ( 'NONE', #10640, #3914, #9994, .T. ) ;
#7941 = PRESENTATION_LAYER_ASSIGNMENT (  '', '', ( #3091 ) ) ;
#7942 = CARTESIAN_POINT ( 'NONE',  ( 1.850000000000000977, 4.799999999999999822, 3.500000000000000444 ) ) ;
#7943 = CARTESIAN_POINT ( 'NONE',  ( -12.91571113504074120, 5.799999999999999822, -3.500000000000000444 ) ) ;
#7944 = DIRECTION ( 'NONE',  ( 1.000000000000000000, 0.000000000000000000, 0.000000000000000000 ) ) ;
#7945 = EDGE_LOOP ( 'NONE', ( #5439, #10547, #1254, #9109 ) ) ;
#7946 = FACE_OUTER_BOUND ( 'NONE', #6820, .T. ) ;
#7947 = CARTESIAN_POINT ( 'NONE',  ( -5.765711135040744395, 5.799999999999999822, -3.500000000000000444 ) ) ;
#7948 = DIRECTION ( 'NONE',  ( -0.1736481776669316357, 0.000000000000000000, 0.9848077530122076872 ) ) ;
#7949 = DIRECTION ( 'NONE',  ( 0.000000000000000000, 0.000000000000000000, -1.000000000000000000 ) ) ;
#7950 = FACE_OUTER_BOUND ( 'NONE', #1090, .T. ) ;
#7951 = CYLINDRICAL_SURFACE ( 'NONE', #3426, 0.4750000000000005884 ) ;
#7952 = ORIENTED_EDGE ( 'NONE', *, *, #3533, .T. ) ;
#7953 = LINE ( 'NONE', #3321, #509 ) ;
#7954 = AXIS2_PLACEMENT_3D ( 'NONE', #2872, #2640, #9875 ) ;
#7955 = ORIENTED_EDGE ( 'NONE', *, *, #11484, .F. ) ;
#7956 = CARTESIAN_POINT ( 'NONE',  ( 9.599511734408782360, 1.103909596859301789, 0.09999999999999982514 ) ) ;
#7957 = EDGE_CURVE ( 'NONE', #2472, #4108, #6322, .T. ) ;
#7958 = PLANE ( 'NONE',  #1921 ) ;
#7959 = ORIENTED_EDGE ( 'NONE', *, *, #3278, .T. ) ;
#7960 = DIRECTION ( 'NONE',  ( 1.000000000000000000, 0.000000000000000000, -0.000000000000000000 ) ) ;
#7961 = SURFACE_STYLE_FILL_AREA ( #4785 ) ;
#7962 = EDGE_CURVE ( 'NONE', #9772, #9280, #2608, .T. ) ;
#7963 = AXIS2_PLACEMENT_3D ( 'NONE', #10822, #2089, #2910 ) ;
#7964 = LINE ( 'NONE', #7489, #4113 ) ;
#7965 = DIRECTION ( 'NONE',  ( 0.000000000000000000, 1.000000000000000000, 0.000000000000000000 ) ) ;
#7966 = LINE ( 'NONE', #9105, #7983 ) ;
#7967 = FACE_OUTER_BOUND ( 'NONE', #11008, .T. ) ;
#7968 = ORIENTED_EDGE ( 'NONE', *, *, #1639, .T. ) ;
#7969 = DIRECTION ( 'NONE',  ( -1.000000000000000000, -0.000000000000000000, -2.072739447398758462E-16 ) ) ;
#7970 =( NAMED_UNIT ( * ) SI_UNIT ( $, .STERADIAN. ) SOLID_ANGLE_UNIT ( ) );
#7971 = LINE ( 'NONE', #9599, #8047 ) ;
#7972 = CARTESIAN_POINT ( 'NONE',  ( 2.220595954050192056, 4.799999999999999822, 2.550000000000001155 ) ) ;
#7973 = CARTESIAN_POINT ( 'NONE',  ( -2.484777130550480884, 1.103909596859301789, 0.09999999999999982514 ) ) ;
#7974 = VERTEX_POINT ( 'NONE', #2282 ) ;
#7975 = ORIENTED_EDGE ( 'NONE', *, *, #830, .F. ) ;
#7976 = CARTESIAN_POINT ( 'NONE',  ( 4.880136444336628188, 4.799999999999999822, 2.550000000000000711 ) ) ;
#7977 = ORIENTED_EDGE ( 'NONE', *, *, #3280, .T. ) ;
#7978 = DIRECTION ( 'NONE',  ( 0.000000000000000000, 0.000000000000000000, 1.000000000000000000 ) ) ;
#7979 = DIRECTION ( 'NONE',  ( -0.000000000000000000, 1.000000000000000000, -0.000000000000000000 ) ) ;
#7980 = DIRECTION ( 'NONE',  ( 0.000000000000000000, 0.000000000000000000, 1.000000000000000000 ) ) ;
#7981 = PLANE ( 'NONE',  #4101 ) ;
#7982 = COLOUR_RGB ( '',0.7529411764705882248, 0.000000000000000000, 0.000000000000000000 ) ;
#7983 = VECTOR ( 'NONE', #189, 1000.000000000000000 ) ;
#7984 = LINE ( 'NONE', #8456, #7759 ) ;
#7985 = ORIENTED_EDGE ( 'NONE', *, *, #4531, .T. ) ;
#7986 = VECTOR ( 'NONE', #10345, 1000.000000000000000 ) ;
#7987 = ADVANCED_FACE ( 'NONE', ( #10066 ), #11445, .T. ) ;
#7988 = CARTESIAN_POINT ( 'NONE',  ( -13.76571113504074440, 4.799999999999999822, -3.500000000000000444 ) ) ;
#7989 = DIRECTION ( 'NONE',  ( -0.000000000000000000, 1.000000000000000000, -0.000000000000000000 ) ) ;
#7990 = VERTEX_POINT ( 'NONE', #807 ) ;
#7991 = ORIENTED_EDGE ( 'NONE', *, *, #632, .T. ) ;
#7992 = CARTESIAN_POINT ( 'NONE',  ( 3.084288864959259691, 4.799999999999999822, -3.500000000000000444 ) ) ;
#7993 = PLANE ( 'NONE',  #9215 ) ;
#7994 = AXIS2_PLACEMENT_3D ( 'NONE', #2587, #6016, #5053 ) ;
#7995 = CARTESIAN_POINT ( 'NONE',  ( 2.449511734408783337, 5.799999999999999822, 0.1000000000000000056 ) ) ;
#7996 = CARTESIAN_POINT ( 'NONE',  ( -10.44951173440878556, 4.799999999999999822, -0.09999999999999982514 ) ) ;
#7997 = EDGE_CURVE ( 'NONE', #7081, #7450, #6493, .T. ) ;
#7998 = ORIENTED_EDGE ( 'NONE', *, *, #6241, .T. ) ;
#7999 = EDGE_CURVE ( 'NONE', #4438, #6854, #2531, .T. ) ;
#8000 = FACE_OUTER_BOUND ( 'NONE', #9919, .T. ) ;
#8001 = LINE ( 'NONE', #4470, #4073 ) ;
#8002 = FACE_OUTER_BOUND ( 'NONE', #9665, .T. ) ;
#8003 = VECTOR ( 'NONE', #9064, 1000.000000000000000 ) ;
#8004 = VERTEX_POINT ( 'NONE', #10268 ) ;
#8005 = LINE ( 'NONE', #6155, #8201 ) ;
#8006 = CARTESIAN_POINT ( 'NONE',  ( -14.36522286944952498, 4.799999999999999822, -0.09999999999999982514 ) ) ;
#8007 = DIRECTION ( 'NONE',  ( -0.1736481776669302757, 0.000000000000000000, 0.9848077530122080203 ) ) ;
#8008 = CARTESIAN_POINT ( 'NONE',  ( -15.35000000000000320, 0.5000000000000000000, -4.350000000000000533 ) ) ;
#8009 = EDGE_LOOP ( 'NONE', ( #9344, #7128, #7533, #11350 ) ) ;
#8010 = ORIENTED_EDGE ( 'NONE', *, *, #5627, .T. ) ;
#8011 = PLANE ( 'NONE',  #9909 ) ;
#8012 = EDGE_CURVE ( 'NONE', #5499, #2332, #6193, .T. ) ;
#8013 = DIRECTION ( 'NONE',  ( -0.000000000000000000, 1.000000000000000000, -0.000000000000000000 ) ) ;
#8014 = CARTESIAN_POINT ( 'NONE',  ( 1.599511734408781694, 4.799999999999999822, 0.09999999999999982514 ) ) ;
#8015 = AXIS2_PLACEMENT_3D ( 'NONE', #5618, #8219, #2050 ) ;
#8016 = VERTEX_POINT ( 'NONE', #11150 ) ;
#8017 = PRESENTATION_STYLE_ASSIGNMENT (( #9145 ) ) ;
#8018 = PRESENTATION_LAYER_ASSIGNMENT (  '', '', ( #7305 ) ) ;
#8019 = DIRECTION ( 'NONE',  ( 0.000000000000000000, 0.000000000000000000, 1.000000000000000000 ) ) ;
#8020 = EDGE_CURVE ( 'NONE', #1739, #9676, #10086, .T. ) ;
#8021 = DIRECTION ( 'NONE',  ( 1.000000000000000000, 0.000000000000000000, 0.000000000000000000 ) ) ;
#8022 = EDGE_CURVE ( 'NONE', #9332, #3192, #10317, .T. ) ;
#8023 = CYLINDRICAL_SURFACE ( 'NONE', #3093, 0.2250000000000003664 ) ;
#8024 = VECTOR ( 'NONE', #2929, 999.9999999999998863 ) ;
#8025 = EDGE_LOOP ( 'NONE', ( #11092, #5199, #5602, #9945 ) ) ;
#8026 = VECTOR ( 'NONE', #8883, 1000.000000000000000 ) ;
#8027 = CARTESIAN_POINT ( 'NONE',  ( 12.91571113504073587, 4.799999999999999822, 3.499999999999999556 ) ) ;
#8028 = LINE ( 'NONE', #6532, #4120 ) ;
#8029 = ORIENTED_EDGE ( 'NONE', *, *, #7327, .T. ) ;
#8030 = EDGE_CURVE ( 'NONE', #11419, #5239, #2395, .T. ) ;
#8031 = VERTEX_POINT ( 'NONE', #3839 ) ;
#8032 =( NAMED_UNIT ( * ) SI_UNIT ( $, .STERADIAN. ) SOLID_ANGLE_UNIT ( ) );
#8033 = ADVANCED_FACE ( 'NONE', ( #10339 ), #9038, .T. ) ;
#8034 = CARTESIAN_POINT ( 'NONE',  ( -13.55048826559121622, 4.799999999999999822, 0.1000000000000000056 ) ) ;
#8035 = DIRECTION ( 'NONE',  ( -0.1736481776669302757, 0.000000000000000000, 0.9848077530122080203 ) ) ;
#8036 = VERTEX_POINT ( 'NONE', #1930 ) ;
#8037 = EDGE_CURVE ( 'NONE', #1849, #3553, #6306, .T. ) ;
#8038 = VECTOR ( 'NONE', #4144, 1000.000000000000114 ) ;
#8039 = CARTESIAN_POINT ( 'NONE',  ( -16.10000000000000142, 0.000000000000000000, -4.350000000000000533 ) ) ;
#8040 = FACE_OUTER_BOUND ( 'NONE', #3850, .T. ) ;
#8041 = EDGE_CURVE ( 'NONE', #7661, #2887, #2671, .T. ) ;
#8042 = CARTESIAN_POINT ( 'NONE',  ( -3.084288864959265020, 1.103909596859301789, 3.499999999999999556 ) ) ;
#8043 = AXIS2_PLACEMENT_3D ( 'NONE', #5994, #11127, #383 ) ;
#8044 = VERTEX_POINT ( 'NONE', #885 ) ;
#8045 = CARTESIAN_POINT ( 'NONE',  ( 13.94691467762284276, 5.799999999999999822, -3.500000000000000444 ) ) ;
#8046 = DIRECTION ( 'NONE',  ( 0.000000000000000000, 0.000000000000000000, 1.000000000000000000 ) ) ;
#8047 = VECTOR ( 'NONE', #8643, 1000.000000000000000 ) ;
#8048 = PLANE ( 'NONE',  #7646 ) ;
#8049 = LINE ( 'NONE', #4964, #7868 ) ;
#8050 = DIRECTION ( 'NONE',  ( 0.000000000000000000, -0.000000000000000000, -1.000000000000000000 ) ) ;
#8051 = ORIENTED_EDGE ( 'NONE', *, *, #9288, .T. ) ;
#8052 = VERTEX_POINT ( 'NONE', #1776 ) ;
#8053 = AXIS2_PLACEMENT_3D ( 'NONE', #6335, #6408, #8912 ) ;
#8054 = DIRECTION ( 'NONE',  ( -0.000000000000000000, 1.000000000000000000, 0.000000000000000000 ) ) ;
#8055 = ORIENTED_EDGE ( 'NONE', *, *, #1133, .F. ) ;
#8056 = DIRECTION ( 'NONE',  ( 0.000000000000000000, 1.000000000000000000, 0.000000000000000000 ) ) ;
#8057 = VECTOR ( 'NONE', #7308, 1000.000000000000000 ) ;
#8058 = CARTESIAN_POINT ( 'NONE',  ( -11.08428886495926591, 4.799999999999999822, 3.499999999999999556 ) ) ;
#8059 = CARTESIAN_POINT ( 'NONE',  ( 6.365222869449519649, 4.799999999999999822, 0.1000000000000000056 ) ) ;
#8060 = LINE ( 'NONE', #5817, #362 ) ;
#8061 = LINE ( 'NONE', #6680, #251 ) ;
#8062 = DIRECTION ( 'NONE',  ( -0.000000000000000000, 1.000000000000000000, -0.000000000000000000 ) ) ;
#8063 = ORIENTED_EDGE ( 'NONE', *, *, #5728, .F. ) ;
#8064 = ORIENTED_EDGE ( 'NONE', *, *, #10556, .F. ) ;
#8065 = AXIS2_PLACEMENT_3D ( 'NONE', #10912, #3000, #5322 ) ;
#8066 = VECTOR ( 'NONE', #11364, 1000.000000000000000 ) ;
#8067 = DIRECTION ( 'NONE',  ( 0.000000000000000000, 0.000000000000000000, -1.000000000000000000 ) ) ;
#8068 = CARTESIAN_POINT ( 'NONE',  ( -2.586474439020264526, 4.799999999999999822, -0.4750000000000000333 ) ) ;
#8069 = DIRECTION ( 'NONE',  ( -1.000000000000000000, 0.000000000000000000, 4.280484862959055418E-16 ) ) ;
#8070 = ORIENTED_EDGE ( 'NONE', *, *, #9369, .T. ) ;
#8071 = ORIENTED_EDGE ( 'NONE', *, *, #6829, .T. ) ;
#8072 = CARTESIAN_POINT ( 'NONE',  ( -5.550488265591217107, 5.799999999999999822, 0.1000000000000000056 ) ) ;
#8073 = CARTESIAN_POINT ( 'NONE',  ( -13.24601492930670155, 4.799999999999999822, -0.4749999999999989231 ) ) ;
#8074 = CARTESIAN_POINT ( 'NONE',  ( 8.000000000000000000, 5.799999999999999822, 0.000000000000000000 ) ) ;
#8075 = AXIS2_PLACEMENT_3D ( 'NONE', #316, #3173, #11273 ) ;
#8076 = ORIENTED_EDGE ( 'NONE', *, *, #3446, .T. ) ;
#8077 =( GEOMETRIC_REPRESENTATION_CONTEXT ( 3 ) GLOBAL_UNCERTAINTY_ASSIGNED_CONTEXT ( ( #117 ) ) GLOBAL_UNIT_ASSIGNED_CONTEXT ( ( #10005, #3797, #8371 ) ) REPRESENTATION_CONTEXT ( 'NONE', 'WORKASPACE' ) );
#8078 = LINE ( 'NONE', #3123, #8156 ) ;
#8079 = VECTOR ( 'NONE', #8996, 1000.000000000000000 ) ;
#8080 = VECTOR ( 'NONE', #963, 1000.000000000000000 ) ;
#8081 = VECTOR ( 'NONE', #5347, 1000.000000000000000 ) ;
#8082 = VERTEX_POINT ( 'NONE', #7272 ) ;
#8083 = VERTEX_POINT ( 'NONE', #9184 ) ;
#8084 = EDGE_CURVE ( 'NONE', #1751, #1791, #2631, .T. ) ;
#8085 = DIRECTION ( 'NONE',  ( 0.000000000000000000, 0.000000000000000000, 1.000000000000000000 ) ) ;
#8086 = DIRECTION ( 'NONE',  ( 0.000000000000000000, 0.000000000000000000, 1.000000000000000000 ) ) ;
#8087 = ADVANCED_FACE ( 'NONE', ( #2514 ), #10815, .T. ) ;
#8088 = SURFACE_STYLE_USAGE ( .BOTH. , #3515 ) ;
#8089 = DIRECTION ( 'NONE',  ( -0.000000000000000000, 1.000000000000000000, -0.000000000000000000 ) ) ;
#8090 = AXIS2_PLACEMENT_3D ( 'NONE', #65, #5508, #3689 ) ;
#8091 = CLOSED_SHELL ( 'NONE', ( #2243, #6822, #8087, #1998, #8968, #9713 ) ) ;
#8092 = ORIENTED_EDGE ( 'NONE', *, *, #5968, .F. ) ;
#8093 = DIRECTION ( 'NONE',  ( -0.000000000000000000, 1.000000000000000000, -0.000000000000000000 ) ) ;
#8094 = CARTESIAN_POINT ( 'NONE',  ( -2.449511734408785113, 4.799999999999999822, -0.09999999999999982514 ) ) ;
#8095 = PLANE ( 'NONE',  #4534 ) ;
#8096 = DIRECTION ( 'NONE',  ( 0.000000000000000000, 0.000000000000000000, 1.000000000000000000 ) ) ;
#8097 = ORIENTED_EDGE ( 'NONE', *, *, #9052, .F. ) ;
#8098 = FACE_OUTER_BOUND ( 'NONE', #3683, .T. ) ;
#8099 = DIRECTION ( 'NONE',  ( 0.1736481776669313026, -0.000000000000000000, -0.9848077530122079093 ) ) ;
#8100 = DIRECTION ( 'NONE',  ( -0.000000000000000000, -1.000000000000000000, -0.000000000000000000 ) ) ;
#8101 = FACE_OUTER_BOUND ( 'NONE', #3268, .T. ) ;
#8102 = VECTOR ( 'NONE', #10887, 1000.000000000000000 ) ;
#8103 = LINE ( 'NONE', #6295, #8197 ) ;
#8104 = EDGE_CURVE ( 'NONE', #2509, #8995, #2491, .T. ) ;
#8105 = VERTEX_POINT ( 'NONE', #9755 ) ;
#8106 = DIRECTION ( 'NONE',  ( 0.9848077530122080203, -0.000000000000000000, 0.1736481776669307753 ) ) ;
#8107 = COLOUR_RGB ( '',0.7529411764705882248, 0.000000000000000000, 0.000000000000000000 ) ;
#8108 = CARTESIAN_POINT ( 'NONE',  ( 3.119863555663366483, 4.799999999999999822, -2.550000000000000711 ) ) ;
#8109 = LINE ( 'NONE', #9300, #3959 ) ;
#8110 = ORIENTED_EDGE ( 'NONE', *, *, #5208, .F. ) ;
#8111 = ORIENTED_EDGE ( 'NONE', *, *, #10899, .T. ) ;
#8112 = DIRECTION ( 'NONE',  ( 0.000000000000000000, 0.000000000000000000, 1.000000000000000000 ) ) ;
#8113 = DIRECTION ( 'NONE',  ( -0.9848077530122079093, 0.000000000000000000, -0.1736481776669316635 ) ) ;
#8114 = VERTEX_POINT ( 'NONE', #3673 ) ;
#8115 = CARTESIAN_POINT ( 'NONE',  ( -13.94691467762285164, 1.103909596859301789, 3.500000000000000444 ) ) ;
#8116 = VECTOR ( 'NONE', #3271, 1000.000000000000114 ) ;
#8117 = VECTOR ( 'NONE', #2786, 1000.000000000000000 ) ;
#8118 = CARTESIAN_POINT ( 'NONE',  ( -3.084288864959265020, 5.799999999999999822, 3.499999999999999556 ) ) ;
#8119 = LINE ( 'NONE', #4354, #8140 ) ;
#8120 = FACE_OUTER_BOUND ( 'NONE', #794, .T. ) ;
#8121 = EDGE_LOOP ( 'NONE', ( #7159, #10944, #3196, #10401 ) ) ;
#8122 = DIRECTION ( 'NONE',  ( -1.000000000000000000, -0.000000000000000000, -2.072739447398754025E-16 ) ) ;
#8123 = CARTESIAN_POINT ( 'NONE',  ( -10.22059595405019827, 5.799999999999999822, -2.550000000000000711 ) ) ;
#8124 = VECTOR ( 'NONE', #5849, 999.9999999999998863 ) ;
#8125 = DIRECTION ( 'NONE',  ( -0.000000000000000000, 1.000000000000000000, -0.000000000000000000 ) ) ;
#8126 = VECTOR ( 'NONE', #2296, 1000.000000000000000 ) ;
#8127 = DIRECTION ( 'NONE',  ( 0.000000000000000000, 0.000000000000000000, 1.000000000000000000 ) ) ;
#8128 = ORIENTED_EDGE ( 'NONE', *, *, #6327, .F. ) ;
#8129 = ORIENTED_EDGE ( 'NONE', *, *, #11070, .T. ) ;
#8130 = CARTESIAN_POINT ( 'NONE',  ( -2.220595954050198717, 4.799999999999999822, -2.550000000000000711 ) ) ;
#8131 = ADVANCED_FACE ( 'NONE', ( #6361 ), #1046, .T. ) ;
#8132 = DIRECTION ( 'NONE',  ( 1.000000000000000000, -0.000000000000000000, -0.000000000000000000 ) ) ;
#8133 = VERTEX_POINT ( 'NONE', #4433 ) ;
#8134 = DIRECTION ( 'NONE',  ( -0.9848077530122081313, 0.000000000000000000, -0.1736481776669303034 ) ) ;
#8135 = VECTOR ( 'NONE', #2298, 1000.000000000000000 ) ;
#8136 = VECTOR ( 'NONE', #1586, 1000.000000000000000 ) ;
#8137 = PLANE ( 'NONE',  #10625 ) ;
#8138 = CARTESIAN_POINT ( 'NONE',  ( -3.287374187336412845, 5.799999999999999822, 3.500000000000000444 ) ) ;
#8139 = PLANE ( 'NONE',  #5943 ) ;
#8140 = VECTOR ( 'NONE', #5291, 1000.000000000000000 ) ;
#8141 = LINE ( 'NONE', #175, #8317 ) ;
#8142 = ORIENTED_EDGE ( 'NONE', *, *, #374, .T. ) ;
#8143 = PRESENTATION_LAYER_ASSIGNMENT (  '', '', ( #7815 ) ) ;
#8144 = LINE ( 'NONE', #1555, #328 ) ;
#8145 = LINE ( 'NONE', #1707, #4026 ) ;
#8146 = EDGE_CURVE ( 'NONE', #8688, #11021, #10233, .T. ) ;
#8147 = DIRECTION ( 'NONE',  ( -0.1736481776669302757, 0.000000000000000000, 0.9848077530122080203 ) ) ;
#8148 = DIRECTION ( 'NONE',  ( 0.000000000000000000, -0.000000000000000000, -1.000000000000000000 ) ) ;
#8149 = CARTESIAN_POINT ( 'NONE',  ( 5.246014929306694441, 4.799999999999999822, 0.4749999999999995892 ) ) ;
#8150 = ORIENTED_EDGE ( 'NONE', *, *, #8631, .T. ) ;
#8151 = VERTEX_POINT ( 'NONE', #2975 ) ;
#8152 = CARTESIAN_POINT ( 'NONE',  ( 6.365222869449519649, 5.799999999999999822, 0.1000000000000000056 ) ) ;
#8153 = CARTESIAN_POINT ( 'NONE',  ( -5.246014929306701546, 4.799999999999999822, -0.4749999999999989231 ) ) ;
#8154 = CARTESIAN_POINT ( 'NONE',  ( 10.58647443902025564, 5.799999999999999822, 0.4750000000000004774 ) ) ;
#8155 = ORIENTED_EDGE ( 'NONE', *, *, #113, .T. ) ;
#8156 = VECTOR ( 'NONE', #3989, 1000.000000000000114 ) ;
#8157 = LINE ( 'NONE', #4699, #4156 ) ;
#8158 = AXIS2_PLACEMENT_3D ( 'NONE', #4862, #5459, #4698 ) ;
#8159 = FACE_OUTER_BOUND ( 'NONE', #6521, .T. ) ;
#8160 = EDGE_LOOP ( 'NONE', ( #1101, #8110 ) ) ;
#8161 = VECTOR ( 'NONE', #6679, 1000.000000000000000 ) ;
#8162 = EDGE_CURVE ( 'NONE', #4302, #8044, #2651, .T. ) ;
#8163 = CARTESIAN_POINT ( 'NONE',  ( -5.515222869449522669, 5.799999999999999822, -0.1000000000000000056 ) ) ;
#8164 = AXIS2_PLACEMENT_3D ( 'NONE', #3022, #4789, #8148 ) ;
#8165 = AXIS2_PLACEMENT_3D ( 'NONE', #4574, #2737, #8239 ) ;
#8166 = DIRECTION ( 'NONE',  ( 0.000000000000000000, 0.000000000000000000, 1.000000000000000000 ) ) ;
#8167 = ORIENTED_EDGE ( 'NONE', *, *, #5137, .F. ) ;
#8168 = EDGE_CURVE ( 'NONE', #2420, #9331, #2374, .T. ) ;
#8169 = VERTEX_POINT ( 'NONE', #5364 ) ;
#8170 = CARTESIAN_POINT ( 'NONE',  ( -9.000000000000003553, 4.799999999999999822, -3.500000000000000444 ) ) ;
#8171 = MANIFOLD_SOLID_BREP ( 'LPattern2[2]', #3554 ) ;
#8172 = DIRECTION ( 'NONE',  ( -0.000000000000000000, 1.000000000000000000, -0.000000000000000000 ) ) ;
#8173 = DIRECTION ( 'NONE',  ( 2.072739447398762653E-16, -0.000000000000000000, 1.000000000000000000 ) ) ;
#8174 = ORIENTED_EDGE ( 'NONE', *, *, #5287, .F. ) ;
#8175 = CIRCLE ( 'NONE', #6143, 0.2249999999999999500 ) ;
#8176 = EDGE_CURVE ( 'NONE', #9884, #722, #2590, .T. ) ;
#8177 = VECTOR ( 'NONE', #5718, 1000.000000000000114 ) ;
#8178 = FACE_OUTER_BOUND ( 'NONE', #7357, .T. ) ;
#8179 = ORIENTED_EDGE ( 'NONE', *, *, #7536, .F. ) ;
#8180 = DIRECTION ( 'NONE',  ( 0.1736481776669298038, 0.000000000000000000, -0.9848077530122082424 ) ) ;
#8181 = LINE ( 'NONE', #3180, #346 ) ;
#8182 = CARTESIAN_POINT ( 'NONE',  ( -4.712625812663592484, 5.799999999999999822, -3.500000000000000000 ) ) ;
#8183 = DIRECTION ( 'NONE',  ( 0.1736481776669307753, 0.000000000000000000, -0.9848077530122080203 ) ) ;
#8184 = VECTOR ( 'NONE', #10209, 1000.000000000000114 ) ;
#8185 = ADVANCED_FACE ( 'NONE', ( #10377 ), #59, .T. ) ;
#8186 = ORIENTED_EDGE ( 'NONE', *, *, #11165, .T. ) ;
#8187 = ORIENTED_EDGE ( 'NONE', *, *, #10347, .T. ) ;
#8188 = CARTESIAN_POINT ( 'NONE',  ( -14.14999999999999858, 5.799999999999999822, 3.500000000000000444 ) ) ;
#8189 = EDGE_CURVE ( 'NONE', #9793, #8169, #2688, .T. ) ;
#8190 = AXIS2_PLACEMENT_3D ( 'NONE', #5326, #4381, #7902 ) ;
#8191 = CARTESIAN_POINT ( 'NONE',  ( -10.48477713055048000, 4.799999999999999822, 0.09999999999999982514 ) ) ;
#8192 = EDGE_LOOP ( 'NONE', ( #4077, #10381, #10236, #11380 ) ) ;
#8193 = LINE ( 'NONE', #4343, #3931 ) ;
#8194 = DIRECTION ( 'NONE',  ( 0.000000000000000000, 0.000000000000000000, -1.000000000000000000 ) ) ;
#8195 = CARTESIAN_POINT ( 'NONE',  ( 2.053085322377148803, 4.799999999999999822, 3.500000000000000444 ) ) ;
#8196 = LINE ( 'NONE', #10207, #8530 ) ;
#8197 = VECTOR ( 'NONE', #9736, 1000.000000000000000 ) ;
#8198 = ORIENTED_EDGE ( 'NONE', *, *, #384, .T. ) ;
#8199 = DIRECTION ( 'NONE',  ( 0.000000000000000000, 0.000000000000000000, 1.000000000000000000 ) ) ;
#8200 = DIRECTION ( 'NONE',  ( 1.000000000000000000, 0.000000000000000000, -2.072739447398754025E-16 ) ) ;
#8201 = VECTOR ( 'NONE', #7000, 1000.000000000000114 ) ;
#8202 = LINE ( 'NONE', #10888, #675 ) ;
#8203 = ORIENTED_EDGE ( 'NONE', *, *, #9324, .F. ) ;
#8204 = ORIENTED_EDGE ( 'NONE', *, *, #5947, .F. ) ;
#8205 = CARTESIAN_POINT ( 'NONE',  ( -1.000000000000002665, 5.799999999999999822, 3.025000000000000799 ) ) ;
#8206 = EDGE_LOOP ( 'NONE', ( #2492, #5649, #2636, #5466 ) ) ;
#8207 = LINE ( 'NONE', #5338, #4571 ) ;
#8208 =( NAMED_UNIT ( * ) SI_UNIT ( $, .STERADIAN. ) SOLID_ANGLE_UNIT ( ) );
#8209 = DIRECTION ( 'NONE',  ( 0.000000000000000000, 1.000000000000000000, 0.000000000000000000 ) ) ;
#8210 = DIRECTION ( 'NONE',  ( -1.000000000000000000, 0.000000000000000000, -0.000000000000000000 ) ) ;
#8211 = LINE ( 'NONE', #10557, #4235 ) ;
#8212 = VECTOR ( 'NONE', #379, 1000.000000000000000 ) ;
#8213 = VECTOR ( 'NONE', #4131, 1000.000000000000114 ) ;
#8214 = VERTEX_POINT ( 'NONE', #347 ) ;
#8215 = FACE_OUTER_BOUND ( 'NONE', #8690, .T. ) ;
#8216 = VECTOR ( 'NONE', #9402, 1000.000000000000000 ) ;
#8217 = DIRECTION ( 'NONE',  ( -1.000000000000000000, 0.000000000000000000, -2.072739447398754025E-16 ) ) ;
#8218 = AXIS2_PLACEMENT_3D ( 'NONE', #1897, #4787, #3724 ) ;
#8219 = DIRECTION ( 'NONE',  ( 0.000000000000000000, 1.000000000000000000, 0.000000000000000000 ) ) ;
#8220 = SURFACE_STYLE_USAGE ( .BOTH. , #4963 ) ;
#8221 = EDGE_LOOP ( 'NONE', ( #3272, #11022, #7469, #6223 ) ) ;
#8222 = ORIENTED_EDGE ( 'NONE', *, *, #3615, .T. ) ;
#8223 = DIRECTION ( 'NONE',  ( 0.1736481776669298871, 0.000000000000000000, -0.9848077530122082424 ) ) ;
#8224 = DIRECTION ( 'NONE',  ( 0.000000000000000000, 1.000000000000000000, 0.000000000000000000 ) ) ;
#8225 = ADVANCED_FACE ( 'NONE', ( #2919 ), #2764, .F. ) ;
#8226 = CARTESIAN_POINT ( 'NONE',  ( 2.220595954050192056, 4.799999999999999822, 2.550000000000001155 ) ) ;
#8227 = ORIENTED_EDGE ( 'NONE', *, *, #7092, .F. ) ;
#8228 = LINE ( 'NONE', #9872, #4512 ) ;
#8229 = EDGE_CURVE ( 'NONE', #11408, #857, #10773, .T. ) ;
#8230 = DIRECTION ( 'NONE',  ( -0.000000000000000000, 1.000000000000000000, -0.000000000000000000 ) ) ;
#8231 = UNCERTAINTY_MEASURE_WITH_UNIT (LENGTH_MEASURE( 1.000000000000000082E-05 ), #8713, 'distance_accuracy_value', 'NONE');
#8232 = VECTOR ( 'NONE', #7743, 1000.000000000000000 ) ;
#8233 = SURFACE_STYLE_FILL_AREA ( #5937 ) ;
#8234 = VERTEX_POINT ( 'NONE', #9330 ) ;
#8235 = EDGE_CURVE ( 'NONE', #11281, #11408, #10626, .T. ) ;
#8236 = DIRECTION ( 'NONE',  ( 0.000000000000000000, 0.000000000000000000, 1.000000000000000000 ) ) ;
#8237 = CIRCLE ( 'NONE', #8892, 0.2250000000000003664 ) ;
#8238 = DIRECTION ( 'NONE',  ( 0.1736481776669298316, 0.000000000000000000, -0.9848077530122082424 ) ) ;
#8239 = DIRECTION ( 'NONE',  ( 0.000000000000000000, 0.000000000000000000, -1.000000000000000000 ) ) ;
#8240 = ORIENTED_EDGE ( 'NONE', *, *, #7058, .T. ) ;
#8241 = ORIENTED_EDGE ( 'NONE', *, *, #7670, .F. ) ;
#8242 = PLANE ( 'NONE',  #6692 ) ;
#8243 = CARTESIAN_POINT ( 'NONE',  ( -13.41352556097974436, 4.799999999999999822, 0.4750000000000004774 ) ) ;
#8244 = EDGE_CURVE ( 'NONE', #9686, #4176, #10417, .T. ) ;
#8245 = DIRECTION ( 'NONE',  ( 0.1736481776669307753, -0.000000000000000000, -0.9848077530122080203 ) ) ;
#8246 =( LENGTH_UNIT ( ) NAMED_UNIT ( * ) SI_UNIT ( .MILLI., .METRE. ) );
#8247 = VERTEX_POINT ( 'NONE', #6871 ) ;
#8248 = CARTESIAN_POINT ( 'NONE',  ( 24.00000000000000000, 4.799999999999999822, 0.000000000000000000 ) ) ;
#8249 =( NAMED_UNIT ( * ) SI_UNIT ( $, .STERADIAN. ) SOLID_ANGLE_UNIT ( ) );
#8250 = CARTESIAN_POINT ( 'NONE',  ( -2.753985070693306003, 4.799999999999999822, 0.4749999999999995892 ) ) ;
#8251 = EDGE_CURVE ( 'NONE', #8114, #1131, #2938, .T. ) ;
#8252 = FACE_OUTER_BOUND ( 'NONE', #2246, .T. ) ;
#8253 = FACE_OUTER_BOUND ( 'NONE', #7831, .T. ) ;
#8254 = VECTOR ( 'NONE', #5411, 1000.000000000000000 ) ;
#8255 = PRESENTATION_LAYER_ASSIGNMENT (  '', '', ( #3125 ) ) ;
#8256 = VERTEX_POINT ( 'NONE', #2237 ) ;
#8257 = DIRECTION ( 'NONE',  ( -0.000000000000000000, 1.000000000000000000, -0.000000000000000000 ) ) ;
#8258 = CIRCLE ( 'NONE', #9430, 0.2250000000000003664 ) ;
#8259 = AXIS2_PLACEMENT_3D ( 'NONE', #4624, #10472, #1737 ) ;
#8260 = MANIFOLD_SOLID_BREP ( 'Boss-Extrude4[1]', #9247 ) ;
#8261 = DIRECTION ( 'NONE',  ( 0.9848077530122080203, -0.000000000000000000, 0.1736481776669307753 ) ) ;
#8262 = DIRECTION ( 'NONE',  ( -0.1736481776669302757, 0.000000000000000000, 0.9848077530122080203 ) ) ;
#8263 = FACE_OUTER_BOUND ( 'NONE', #10305, .T. ) ;
#8264 = VERTEX_POINT ( 'NONE', #9548 ) ;
#8265 = EDGE_LOOP ( 'NONE', ( #11120, #2701, #5883, #2674 ) ) ;
#8266 = CARTESIAN_POINT ( 'NONE',  ( -10.75398507069330556, 4.799999999999999822, 0.4749999999999995892 ) ) ;
#8267 = CARTESIAN_POINT ( 'NONE',  ( 24.00000000000000000, 4.799999999999999822, 0.000000000000000000 ) ) ;
#8268 = EDGE_CURVE ( 'NONE', #7251, #444, #6963, .T. ) ;
#8269 = EDGE_LOOP ( 'NONE', ( #5423, #4975, #5122, #5262 ) ) ;
#8270 = EDGE_CURVE ( 'NONE', #8403, #5795, #6943, .T. ) ;
#8271 = CYLINDRICAL_SURFACE ( 'NONE', #1442, 0.2249999999999999500 ) ;
#8272 = CARTESIAN_POINT ( 'NONE',  ( -10.23428886495926449, 4.799999999999999822, 3.500000000000000000 ) ) ;
#8273 = DIRECTION ( 'NONE',  ( 0.000000000000000000, 1.000000000000000000, 0.000000000000000000 ) ) ;
#8274 = VECTOR ( 'NONE', #9929, 999.9999999999998863 ) ;
#8275 = LINE ( 'NONE', #10578, #671 ) ;
#8276 = ORIENTED_EDGE ( 'NONE', *, *, #4641, .T. ) ;
#8277 = DIRECTION ( 'NONE',  ( -0.000000000000000000, 1.000000000000000000, -0.000000000000000000 ) ) ;
#8278 = DIRECTION ( 'NONE',  ( 1.000000000000000000, 0.000000000000000000, 0.000000000000000000 ) ) ;
#8279 = VECTOR ( 'NONE', #9753, 1000.000000000000000 ) ;
#8280 = ADVANCED_FACE ( 'NONE', ( #3012 ), #592, .F. ) ;
#8281 = CARTESIAN_POINT ( 'NONE',  ( -5.779404045949807944, 4.799999999999999822, 2.550000000000001155 ) ) ;
#8282 = EDGE_LOOP ( 'NONE', ( #6475, #2173, #5667, #5949 ) ) ;
#8283 = VERTEX_POINT ( 'NONE', #2382 ) ;
#8284 = EDGE_CURVE ( 'NONE', #1399, #4010, #3054, .T. ) ;
#8285 = AXIS2_PLACEMENT_3D ( 'NONE', #1425, #3185, #3255 ) ;
#8286 = VERTEX_POINT ( 'NONE', #10293 ) ;
#8287 = LINE ( 'NONE', #2795, #8523 ) ;
#8288 = CARTESIAN_POINT ( 'NONE',  ( 0.000000000000000000, -7.450000000000000178, 0.000000000000000000 ) ) ;
#8289 = AXIS2_PLACEMENT_3D ( 'NONE', #612, #3363, #7678 ) ;
#8290 = EDGE_CURVE ( 'NONE', #9686, #11391, #2749, .T. ) ;
#8291 = EDGE_CURVE ( 'NONE', #829, #4374, #6921, .T. ) ;
#8292 = DIRECTION ( 'NONE',  ( 0.000000000000000000, 0.000000000000000000, -1.000000000000000000 ) ) ;
#8293 = LINE ( 'NONE', #6345, #943 ) ;
#8294 = LINE ( 'NONE', #8986, #4612 ) ;
#8295 = CARTESIAN_POINT ( 'NONE',  ( 1.000000000000000888, 5.799999999999999822, 3.500000000000000444 ) ) ;
#8296 = ORIENTED_EDGE ( 'NONE', *, *, #10540, .F. ) ;
#8297 = LINE ( 'NONE', #2346, #908 ) ;
#8298 = VECTOR ( 'NONE', #3131, 1000.000000000000000 ) ;
#8299 = CARTESIAN_POINT ( 'NONE',  ( 11.08428886495926058, 4.799999999999999822, -3.500000000000000444 ) ) ;
#8300 = DIRECTION ( 'NONE',  ( -1.000000000000000000, -0.000000000000000000, -2.072739447398758462E-16 ) ) ;
#8301 = FILL_AREA_STYLE ('',( #7317 ) ) ;
#8302 = ORIENTED_EDGE ( 'NONE', *, *, #2039, .T. ) ;
#8303 = VERTEX_POINT ( 'NONE', #2305 ) ;
#8304 = DIRECTION ( 'NONE',  ( 1.000000000000000000, 0.000000000000000000, 0.000000000000000000 ) ) ;
#8305 = CARTESIAN_POINT ( 'NONE',  ( -5.779404045949807944, 5.799999999999999822, 2.550000000000001155 ) ) ;
#8306 = DIRECTION ( 'NONE',  ( -0.1736481776669312749, 0.000000000000000000, 0.9848077530122079093 ) ) ;
#8308 = MECHANICAL_DESIGN_GEOMETRIC_PRESENTATION_REPRESENTATION (  '', ( #1444 ), #1913 ) ;
#8307 =( NAMED_UNIT ( * ) SI_UNIT ( $, .STERADIAN. ) SOLID_ANGLE_UNIT ( ) );
#8309 = FILL_AREA_STYLE_COLOUR ( '', #585 ) ;
#8310 = ORIENTED_EDGE ( 'NONE', *, *, #1368, .T. ) ;
#8311 = EDGE_CURVE ( 'NONE', #10583, #1160, #3072, .T. ) ;
#8312 = FACE_OUTER_BOUND ( 'NONE', #334, .T. ) ;
#8313 = AXIS2_PLACEMENT_3D ( 'NONE', #10861, #168, #1627 ) ;
#8314 = VECTOR ( 'NONE', #8132, 1000.000000000000000 ) ;
#8315 = EDGE_CURVE ( 'NONE', #4302, #8747, #2811, .T. ) ;
#8316 = FACE_OUTER_BOUND ( 'NONE', #2980, .T. ) ;
#8317 = VECTOR ( 'NONE', #2723, 1000.000000000000000 ) ;
#8318 = ORIENTED_EDGE ( 'NONE', *, *, #9835, .T. ) ;
#8319 = CARTESIAN_POINT ( 'NONE',  ( -1.269999999999999352, -15.53639610306789187, 3.810000000000000053 ) ) ;
#8320 = FACE_OUTER_BOUND ( 'NONE', #5455, .T. ) ;
#8321 = CARTESIAN_POINT ( 'NONE',  ( 2.586474439020256089, 1.103909596859301789, 0.4750000000000004774 ) ) ;
#8322 = ORIENTED_EDGE ( 'NONE', *, *, #7884, .T. ) ;
#8323 = ORIENTED_EDGE ( 'NONE', *, *, #8037, .T. ) ;
#8324 = EDGE_CURVE ( 'NONE', #10412, #4654, #2884, .T. ) ;
#8325 = DIRECTION ( 'NONE',  ( 2.072739447398758462E-16, 0.000000000000000000, -1.000000000000000000 ) ) ;
#8326 = ADVANCED_FACE ( 'NONE', ( #10716 ), #10459, .T. ) ;
#8327 = DIRECTION ( 'NONE',  ( 0.000000000000000000, 0.000000000000000000, -1.000000000000000000 ) ) ;
#8328 = EDGE_LOOP ( 'NONE', ( #8186, #4415, #739, #1172 ) ) ;
#8329 = LINE ( 'NONE', #5617, #644 ) ;
#8330 = DIRECTION ( 'NONE',  ( 0.000000000000000000, 1.000000000000000000, 0.000000000000000000 ) ) ;
#8331 = LINE ( 'NONE', #4309, #8274 ) ;
#8332 = VECTOR ( 'NONE', #3109, 1000.000000000000114 ) ;
#8333 = ORIENTED_EDGE ( 'NONE', *, *, #8458, .F. ) ;
#8334 = DIRECTION ( 'NONE',  ( -0.9848077530122082424, 0.000000000000000000, -0.1736481776669299149 ) ) ;
#8335 = EDGE_CURVE ( 'NONE', #3803, #1644, #6769, .T. ) ;
#8336 = LINE ( 'NONE', #3318, #4638 ) ;
#8337 = AXIS2_PLACEMENT_3D ( 'NONE', #1981, #5480, #5553 ) ;
#8338 = CARTESIAN_POINT ( 'NONE',  ( 16.00000000000000000, 4.799999999999999822, 0.000000000000000000 ) ) ;
#8339 = CARTESIAN_POINT ( 'NONE',  ( 1.270000000000000240, -15.53639610306789187, 3.810000000000000053 ) ) ;
#8340 = SURFACE_STYLE_FILL_AREA ( #5720 ) ;
#8341 = VERTEX_POINT ( 'NONE', #5080 ) ;
#8342 = ORIENTED_EDGE ( 'NONE', *, *, #2067, .T. ) ;
#8343 = DIRECTION ( 'NONE',  ( 0.000000000000000000, -1.000000000000000000, -0.000000000000000000 ) ) ;
#8344 = PRODUCT_DEFINITION_SHAPE ( 'NONE', 'NONE',  #1734 ) ;
#8345 = DIRECTION ( 'NONE',  ( 0.000000000000000000, 1.000000000000000000, 0.000000000000000000 ) ) ;
#8346 = ORIENTED_EDGE ( 'NONE', *, *, #10942, .T. ) ;
#8347 = MANIFOLD_SOLID_BREP ( 'LPattern3[7]', #4747 ) ;
#8348 = PRESENTATION_LAYER_ASSIGNMENT (  '', '', ( #3472 ) ) ;
#8349 = LINE ( 'NONE', #7768, #8462 ) ;
#8350 = DIRECTION ( 'NONE',  ( -1.000000000000000000, 0.000000000000000000, 1.630660900174878325E-16 ) ) ;
#8351 = LINE ( 'NONE', #10245, #8314 ) ;
#8352 = CARTESIAN_POINT ( 'NONE',  ( -13.77940404594980883, 4.799999999999999822, 2.550000000000001155 ) ) ;
#8353 = PLANE ( 'NONE',  #8542 ) ;
#8354 = FACE_OUTER_BOUND ( 'NONE', #149, .T. ) ;
#8355 = CIRCLE ( 'NONE', #11537, 0.2250000000000003664 ) ;
#8356 = ORIENTED_EDGE ( 'NONE', *, *, #6096, .F. ) ;
#8357 = CARTESIAN_POINT ( 'NONE',  ( 1.634777130550475466, 1.103909596859301789, -0.09999999999999982514 ) ) ;
#8358 = CARTESIAN_POINT ( 'NONE',  ( 10.05308532237714836, 1.103909596859301789, 3.500000000000000444 ) ) ;
#8359 = COLOUR_RGB ( '',0.7921568627450980005, 0.8196078431372548767, 0.9333333333333333481 ) ;
#8360 = FACE_OUTER_BOUND ( 'NONE', #6666, .T. ) ;
#8361 = DIRECTION ( 'NONE',  ( 0.000000000000000000, 1.000000000000000000, 0.000000000000000000 ) ) ;
#8362 = ORIENTED_EDGE ( 'NONE', *, *, #10708, .T. ) ;
#8363 = ORIENTED_EDGE ( 'NONE', *, *, #3512, .T. ) ;
#8364 = ORIENTED_EDGE ( 'NONE', *, *, #3768, .T. ) ;
#8365 = CARTESIAN_POINT ( 'NONE',  ( -2.234288864959264931, 1.103909596859301789, 3.499999999999999556 ) ) ;
#8366 = ORIENTED_EDGE ( 'NONE', *, *, #11036, .F. ) ;
#8367 = CARTESIAN_POINT ( 'NONE',  ( 1.850000000000000977, 1.103909596859301789, 3.500000000000000444 ) ) ;
#8368 = VECTOR ( 'NONE', #9223, 1000.000000000000000 ) ;
#8369 = PLANE ( 'NONE',  #3351 ) ;
#8370 = AXIS2_PLACEMENT_3D ( 'NONE', #7712, #6160, #2430 ) ;
#8371 =( NAMED_UNIT ( * ) SI_UNIT ( $, .STERADIAN. ) SOLID_ANGLE_UNIT ( ) );
#8372 = CARTESIAN_POINT ( 'NONE',  ( -3.809999999999999609, 0.5000000000000000000, 3.810000000000000053 ) ) ;
#8373 = LINE ( 'NONE', #4035, #8488 ) ;
#8374 = VECTOR ( 'NONE', #8125, 1000.000000000000000 ) ;
#8375 = DIRECTION ( 'NONE',  ( -0.9848077530122082424, 0.000000000000000000, -0.1736481776669299149 ) ) ;
#8376 = LINE ( 'NONE', #4799, #609 ) ;
#8377 = DIRECTION ( 'NONE',  ( -0.1736481776669302757, -0.000000000000000000, 0.9848077530122080203 ) ) ;
#8378 = EDGE_CURVE ( 'NONE', #10050, #11228, #2993, .T. ) ;
#8379 = ORIENTED_EDGE ( 'NONE', *, *, #5597, .F. ) ;
#8380 = VECTOR ( 'NONE', #6314, 1000.000000000000000 ) ;
#8381 = ADVANCED_FACE ( 'NONE', ( #10544 ), #1801, .T. ) ;
#8382 = CARTESIAN_POINT ( 'NONE',  ( 16.09999999999999787, 5.799999999999999822, 5.099999999999999645 ) ) ;
#8383 = EDGE_CURVE ( 'NONE', #10849, #10489, #6703, .T. ) ;
#8384 = CARTESIAN_POINT ( 'NONE',  ( -13.51522286944952356, 5.799999999999999822, -0.1000000000000000056 ) ) ;
#8385 = CARTESIAN_POINT ( 'NONE',  ( 14.99999999999999822, 5.799999999999999822, 2.550000000000000266 ) ) ;
#8386 = ORIENTED_EDGE ( 'NONE', *, *, #2725, .F. ) ;
#8387 = ORIENTED_EDGE ( 'NONE', *, *, #9118, .T. ) ;
#8388 = FILL_AREA_STYLE ('',( #5854 ) ) ;
#8389 = DIRECTION ( 'NONE',  ( 0.9848077530122082424, -0.000000000000000000, 0.1736481776669298038 ) ) ;
#8390 = EDGE_LOOP ( 'NONE', ( #9003, #9873, #7616, #10000 ) ) ;
#8391 = UNCERTAINTY_MEASURE_WITH_UNIT (LENGTH_MEASURE( 1.000000000000000082E-05 ), #1343, 'distance_accuracy_value', 'NONE');
#8392 = PLANE ( 'NONE',  #197 ) ;
#8393 = PLANE ( 'NONE',  #397 ) ;
#8394 = DIRECTION ( 'NONE',  ( 0.1736481776669298316, 0.000000000000000000, -0.9848077530122082424 ) ) ;
#8395 = EDGE_LOOP ( 'NONE', ( #4523, #431 ) ) ;
#8396 = EDGE_CURVE ( 'NONE', #4705, #9036, #3211, .T. ) ;
#8397 = VECTOR ( 'NONE', #9001, 1000.000000000000000 ) ;
#8398 = CYLINDRICAL_SURFACE ( 'NONE', #5969, 0.4750000000000005884 ) ;
#8399 = DIRECTION ( 'NONE',  ( 0.1736481776669298871, 0.000000000000000000, -0.9848077530122082424 ) ) ;
#8400 = CIRCLE ( 'NONE', #6144, 0.4750000000000005884 ) ;
#8401 = CYLINDRICAL_SURFACE ( 'NONE', #4439, 0.2250000000000003664 ) ;
#8402 = COLOUR_RGB ( '',0.7529411764705882248, 0.000000000000000000, 0.000000000000000000 ) ;
#8403 = VERTEX_POINT ( 'NONE', #11388 ) ;
#8404 = FACE_OUTER_BOUND ( 'NONE', #4223, .T. ) ;
#8405 = CARTESIAN_POINT ( 'NONE',  ( 1.850000000000000977, 4.799999999999999822, 3.500000000000000444 ) ) ;
#8406 = LINE ( 'NONE', #6161, #4678 ) ;
#8407 = AXIS2_PLACEMENT_3D ( 'NONE', #2523, #3270, #5869 ) ;
#8408 = PLANE ( 'NONE',  #10761 ) ;
#8409 = ADVANCED_FACE ( 'NONE', ( #3265 ), #9629, .F. ) ;
#8410 = CARTESIAN_POINT ( 'NONE',  ( 6.149999999999997691, 5.799999999999999822, -3.500000000000000444 ) ) ;
#8411 = ORIENTED_EDGE ( 'NONE', *, *, #3549, .T. ) ;
#8412 = ORIENTED_EDGE ( 'NONE', *, *, #70, .T. ) ;
#8413 = FILL_AREA_STYLE ('',( #1760 ) ) ;
#8414 = EDGE_LOOP ( 'NONE', ( #6142, #2366, #6688, #1722 ) ) ;
#8415 = DIRECTION ( 'NONE',  ( -1.000000000000000000, 0.000000000000000000, -0.000000000000000000 ) ) ;
#8416 = CARTESIAN_POINT ( 'NONE',  ( -10.44951173440878556, 1.103909596859301789, -0.09999999999999982514 ) ) ;
#8417 = PLANE ( 'NONE',  #3207 ) ;
#8418 = DIRECTION ( 'NONE',  ( 0.000000000000000000, -0.000000000000000000, -1.000000000000000000 ) ) ;
#8419 = VERTEX_POINT ( 'NONE', #7292 ) ;
#8420 = LINE ( 'NONE', #9295, #4419 ) ;
#8421 = CARTESIAN_POINT ( 'NONE',  ( 14.40048826559121409, 4.799999999999999822, -0.1000000000000000056 ) ) ;
#8422 = LINE ( 'NONE', #2273, #8507 ) ;
#8423 = LINE ( 'NONE', #7164, #4312 ) ;
#8424 = LINE ( 'NONE', #7996, #4516 ) ;
#8425 = ORIENTED_EDGE ( 'NONE', *, *, #5435, .F. ) ;
#8426 = ORIENTED_EDGE ( 'NONE', *, *, #3443, .T. ) ;
#8427 = CARTESIAN_POINT ( 'NONE',  ( 10.75398507069329845, 1.103909596859301789, -0.4749999999999989231 ) ) ;
#8428 = LINE ( 'NONE', #5923, #741 ) ;
#8429 = PLANE ( 'NONE',  #10611 ) ;
#8430 = DIRECTION ( 'NONE',  ( 0.000000000000000000, 1.000000000000000000, 0.000000000000000000 ) ) ;
#8431 = FACE_OUTER_BOUND ( 'NONE', #8481, .T. ) ;
#8432 = EDGE_CURVE ( 'NONE', #5577, #2436, #7256, .T. ) ;
#8433 = EDGE_CURVE ( 'NONE', #11056, #2593, #10949, .T. ) ;
#8434 = CLOSED_SHELL ( 'NONE', ( #11405, #5019, #5531, #10208, #306, #356 ) ) ;
#8435 = ORIENTED_EDGE ( 'NONE', *, *, #226, .F. ) ;
#8436 = CARTESIAN_POINT ( 'NONE',  ( -11.28737418733641285, 4.799999999999999822, 3.500000000000000444 ) ) ;
#8437 =( NAMED_UNIT ( * ) PLANE_ANGLE_UNIT ( ) SI_UNIT ( $, .RADIAN. ) );
#8438 = ORIENTED_EDGE ( 'NONE', *, *, #11280, .F. ) ;
#8439 = ADVANCED_FACE ( 'NONE', ( #6984 ), #4376, .F. ) ;
#8440 = CARTESIAN_POINT ( 'NONE',  ( -10.44951173440878556, 4.799999999999999822, -0.09999999999999982514 ) ) ;
#8441 = ADVANCED_FACE ( 'NONE', ( #10967 ), #8751, .F. ) ;
#8442 = FACE_OUTER_BOUND ( 'NONE', #3107, .T. ) ;
#8443 = CARTESIAN_POINT ( 'NONE',  ( 6.350000000000001421, -15.53639610306789187, -3.585000000000000853 ) ) ;
#8444 = DIRECTION ( 'NONE',  ( 2.072739447398758462E-16, 0.000000000000000000, -1.000000000000000000 ) ) ;
#8445 = CIRCLE ( 'NONE', #3327, 0.2249999999999999500 ) ;
#8446 = FACE_OUTER_BOUND ( 'NONE', #7210, .T. ) ;
#8447 = ORIENTED_EDGE ( 'NONE', *, *, #11090, .F. ) ;
#8448 = ORIENTED_EDGE ( 'NONE', *, *, #10431, .T. ) ;
#8449 = CARTESIAN_POINT ( 'NONE',  ( -6.349999999999999645, -15.53639610306789187, -3.810000000000000941 ) ) ;
#8450 = CARTESIAN_POINT ( 'NONE',  ( 6.400488265591213199, 4.799999999999999822, -0.1000000000000000056 ) ) ;
#8451 = EDGE_CURVE ( 'NONE', #4663, #2995, #11106, .T. ) ;
#8452 = PLANE ( 'NONE',  #11263 ) ;
#8453 = MECHANICAL_DESIGN_GEOMETRIC_PRESENTATION_REPRESENTATION (  '', ( #6346 ), #1364 ) ;
#8454 = DIRECTION ( 'NONE',  ( 0.000000000000000000, 0.000000000000000000, 1.000000000000000000 ) ) ;
#8455 = AXIS2_PLACEMENT_3D ( 'NONE', #574, #3973, #3037 ) ;
#8456 = CARTESIAN_POINT ( 'NONE',  ( -6.400488265591218529, 5.799999999999999822, 0.09999999999999982514 ) ) ;
#8457 = ORIENTED_EDGE ( 'NONE', *, *, #3500, .T. ) ;
#8458 = EDGE_CURVE ( 'NONE', #7786, #10755, #7219, .T. ) ;
#8459 = VERTEX_POINT ( 'NONE', #9848 ) ;
#8460 = VERTEX_POINT ( 'NONE', #10766 ) ;
#8461 = DIRECTION ( 'NONE',  ( 0.000000000000000000, -0.000000000000000000, 1.000000000000000000 ) ) ;
#8462 = VECTOR ( 'NONE', #11327, 1000.000000000000000 ) ;
#8463 = CARTESIAN_POINT ( 'NONE',  ( 0.000000000000000000, 5.799999999999999822, 0.000000000000000000 ) ) ;
#8464 = DIRECTION ( 'NONE',  ( -0.000000000000000000, -1.000000000000000000, -0.000000000000000000 ) ) ;
#8465 = CARTESIAN_POINT ( 'NONE',  ( -2.234288864959264931, 4.799999999999999822, 3.499999999999999556 ) ) ;
#8466 = EDGE_CURVE ( 'NONE', #4643, #9033, #3466, .T. ) ;
#8467 = ADVANCED_FACE ( 'NONE', ( #3403 ), #78, .T. ) ;
#8468 = LINE ( 'NONE', #9553, #4330 ) ;
#8469 = DIRECTION ( 'NONE',  ( 0.9848077530122081313, 0.000000000000000000, 0.1736481776669298316 ) ) ;
#8470 = DIRECTION ( 'NONE',  ( -1.000000000000000000, 0.000000000000000000, -2.072739447398754025E-16 ) ) ;
#8471 = ORIENTED_EDGE ( 'NONE', *, *, #1027, .F. ) ;
#8472 = ORIENTED_EDGE ( 'NONE', *, *, #11375, .F. ) ;
#8473 = SURFACE_SIDE_STYLE ('',( #775 ) ) ;
#8474 = COLOUR_RGB ( '',0.7921568627450980005, 0.8196078431372548767, 0.9333333333333333481 ) ;
#8475 = DIRECTION ( 'NONE',  ( 0.000000000000000000, 1.000000000000000000, 0.000000000000000000 ) ) ;
#8476 = EDGE_CURVE ( 'NONE', #1354, #10281, #3134, .T. ) ;
#8477 = CARTESIAN_POINT ( 'NONE',  ( 10.58647443902025564, 5.799999999999999822, 0.4750000000000004774 ) ) ;
#8478 = ORIENTED_EDGE ( 'NONE', *, *, #4951, .T. ) ;
#8479 = EDGE_LOOP ( 'NONE', ( #1297, #6337, #10796, #10777 ) ) ;
#8480 = DIRECTION ( 'NONE',  ( -1.000000000000000000, 0.000000000000000000, 0.000000000000000000 ) ) ;
#8481 = EDGE_LOOP ( 'NONE', ( #3147, #9795, #3031, #2709 ) ) ;
#8482 = DIRECTION ( 'NONE',  ( 1.000000000000000000, 0.000000000000000000, -2.072739447398754025E-16 ) ) ;
#8483 = EDGE_CURVE ( 'NONE', #3508, #8004, #11126, .T. ) ;
#8484 = DIRECTION ( 'NONE',  ( 0.1736481776669307753, 0.000000000000000000, -0.9848077530122080203 ) ) ;
#8485 = AXIS2_PLACEMENT_3D ( 'NONE', #9307, #486, #3969 ) ;
#8486 = SURFACE_STYLE_FILL_AREA ( #317 ) ;
#8487 = DIRECTION ( 'NONE',  ( 1.000000000000000000, 0.000000000000000000, 0.000000000000000000 ) ) ;
#8488 = VECTOR ( 'NONE', #9441, 1000.000000000000000 ) ;
#8489 = LINE ( 'NONE', #3702, #628 ) ;
#8490 = ADVANCED_FACE ( 'NONE', ( #11189 ), #10839, .F. ) ;
#8491 = ORIENTED_EDGE ( 'NONE', *, *, #9412, .T. ) ;
#8492 = EDGE_LOOP ( 'NONE', ( #6169, #11047 ) ) ;
#8493 = DIRECTION ( 'NONE',  ( -0.000000000000000000, 1.000000000000000000, -0.000000000000000000 ) ) ;
#8494 = ADVANCED_FACE ( 'NONE', ( #3149 ), #3242, .T. ) ;
#8495 = DIRECTION ( 'NONE',  ( -0.000000000000000000, 1.000000000000000000, -0.000000000000000000 ) ) ;
#8496 = CARTESIAN_POINT ( 'NONE',  ( -9.000000000000003553, 4.799999999999999822, 2.550000000000000266 ) ) ;
#8497 = ORIENTED_EDGE ( 'NONE', *, *, #8792, .T. ) ;
#8498 = VERTEX_POINT ( 'NONE', #535 ) ;
#8499 = CARTESIAN_POINT ( 'NONE',  ( 2.220595954050192056, 4.799999999999999822, 2.550000000000001155 ) ) ;
#8500 = ORIENTED_EDGE ( 'NONE', *, *, #8383, .T. ) ;
#8501 = DIRECTION ( 'NONE',  ( 0.000000000000000000, 0.000000000000000000, 1.000000000000000000 ) ) ;
#8502 = EDGE_CURVE ( 'NONE', #3399, #8114, #7020, .T. ) ;
#8503 = SURFACE_SIDE_STYLE ('',( #8340 ) ) ;
#8504 = AXIS2_PLACEMENT_3D ( 'NONE', #686, #2310, #1589 ) ;
#8505 = LINE ( 'NONE', #7747, #8136 ) ;
#8506 = DIRECTION ( 'NONE',  ( -0.1736481776669316635, 0.000000000000000000, 0.9848077530122076872 ) ) ;
#8507 = VECTOR ( 'NONE', #720, 1000.000000000000114 ) ;
#8508 = LINE ( 'NONE', #7294, #501 ) ;
#8509 = VERTEX_POINT ( 'NONE', #216 ) ;
#8510 = EDGE_LOOP ( 'NONE', ( #3995, #3439, #7959, #10804 ) ) ;
#8511 = CARTESIAN_POINT ( 'NONE',  ( 11.28737418733640752, 4.799999999999999822, -3.500000000000000000 ) ) ;
#8512 = DIRECTION ( 'NONE',  ( 0.000000000000000000, 1.000000000000000000, 0.000000000000000000 ) ) ;
#8513 = VECTOR ( 'NONE', #4958, 1000.000000000000000 ) ;
#8514 = DIRECTION ( 'NONE',  ( -1.000000000000000000, -0.000000000000000000, -2.072739447398754025E-16 ) ) ;
#8515 = PRESENTATION_LAYER_ASSIGNMENT (  '', '', ( #5580 ) ) ;
#8516 = ADVANCED_FACE ( 'NONE', ( #7156 ), #6482, .T. ) ;
#8517 = ORIENTED_EDGE ( 'NONE', *, *, #9029, .F. ) ;
#8518 = ORIENTED_EDGE ( 'NONE', *, *, #5528, .T. ) ;
#8519 = DIRECTION ( 'NONE',  ( 0.000000000000000000, 0.000000000000000000, 1.000000000000000000 ) ) ;
#8520 = CARTESIAN_POINT ( 'NONE',  ( -16.10000000000000142, 0.000000000000000000, 5.099999999999999645 ) ) ;
#8521 = ORIENTED_EDGE ( 'NONE', *, *, #89, .F. ) ;
#8522 = DIRECTION ( 'NONE',  ( 0.000000000000000000, 0.000000000000000000, -1.000000000000000000 ) ) ;
#8523 = VECTOR ( 'NONE', #8475, 1000.000000000000000 ) ;
#8524 = LINE ( 'NONE', #8758, #11393 ) ;
#8525 = EDGE_CURVE ( 'NONE', #9900, #10138, #3419, .T. ) ;
#8526 = AXIS2_PLACEMENT_3D ( 'NONE', #562, #10349, #4044 ) ;
#8527 = CYLINDRICAL_SURFACE ( 'NONE', #8830, 0.4750000000000005884 ) ;
#8528 = CARTESIAN_POINT ( 'NONE',  ( -4.712625812663592484, 4.799999999999999822, -3.500000000000000000 ) ) ;
#8529 = CARTESIAN_POINT ( 'NONE',  ( 12.88013644433662819, 4.799999999999999822, 2.550000000000000711 ) ) ;
#8530 = VECTOR ( 'NONE', #2386, 1000.000000000000000 ) ;
#8531 = ORIENTED_EDGE ( 'NONE', *, *, #3140, .T. ) ;
#8532 = ORIENTED_EDGE ( 'NONE', *, *, #9433, .T. ) ;
#8533 = CARTESIAN_POINT ( 'NONE',  ( -9.599511734408787689, 4.799999999999999822, -0.1000000000000000056 ) ) ;
#8534 = CARTESIAN_POINT ( 'NONE',  ( -3.119863555663371812, 1.103909596859301789, 2.550000000000000711 ) ) ;
#8535 = LINE ( 'NONE', #8719, #571 ) ;
#8536 = SURFACE_STYLE_USAGE ( .BOTH. , #454 ) ;
#8537 = VECTOR ( 'NONE', #9183, 1000.000000000000000 ) ;
#8538 = PLANE ( 'NONE',  #3429 ) ;
#8539 = DIRECTION ( 'NONE',  ( 0.000000000000000000, 1.000000000000000000, 0.000000000000000000 ) ) ;
#8540 = ORIENTED_EDGE ( 'NONE', *, *, #7138, .T. ) ;
#8541 = VERTEX_POINT ( 'NONE', #6649 ) ;
#8542 = AXIS2_PLACEMENT_3D ( 'NONE', #7441, #11119, #2020 ) ;
#8543 = VERTEX_POINT ( 'NONE', #2926 ) ;
#8544 = ADVANCED_FACE ( 'NONE', ( #11018 ), #3863, .F. ) ;
#8545 = EDGE_CURVE ( 'NONE', #11403, #93, #7169, .T. ) ;
#8546 = ADVANCED_FACE ( 'NONE', ( #7105 ), #3780, .F. ) ;
#8547 = VECTOR ( 'NONE', #10643, 1000.000000000000000 ) ;
#8548 = PLANE ( 'NONE',  #800 ) ;
#8549 = EDGE_CURVE ( 'NONE', #2655, #890, #11035, .T. ) ;
#8550 = CARTESIAN_POINT ( 'NONE',  ( 2.053085322377148803, 4.799999999999999822, 3.500000000000000444 ) ) ;
#8551 = PRESENTATION_STYLE_ASSIGNMENT (( #11426 ) ) ;
#8552 = FACE_OUTER_BOUND ( 'NONE', #11102, .T. ) ;
#8553 = DIRECTION ( 'NONE',  ( 0.1736481776669298316, 0.000000000000000000, -0.9848077530122081313 ) ) ;
#8554 = AXIS2_PLACEMENT_3D ( 'NONE', #127, #3992, #2967 ) ;
#8555 = EDGE_LOOP ( 'NONE', ( #5557, #5415, #1827, #7066, #2752, #10548, #10262, #6827 ) ) ;
#8556 = ORIENTED_EDGE ( 'NONE', *, *, #5647, .T. ) ;
#8557 = UNCERTAINTY_MEASURE_WITH_UNIT (LENGTH_MEASURE( 1.000000000000000082E-05 ), #10307, 'distance_accuracy_value', 'NONE');
#8558 = CARTESIAN_POINT ( 'NONE',  ( 1.000000000000000888, 4.799999999999999822, 3.500000000000000444 ) ) ;
#8559 = LINE ( 'NONE', #11520, #4545 ) ;
#8560 =( NAMED_UNIT ( * ) SI_UNIT ( $, .STERADIAN. ) SOLID_ANGLE_UNIT ( ) );
#8561 = DIRECTION ( 'NONE',  ( 0.9848077530122080203, -0.000000000000000000, 0.1736481776669307753 ) ) ;
#8562 = CARTESIAN_POINT ( 'NONE',  ( -3.287374187336412845, 1.103909596859301789, 3.500000000000000444 ) ) ;
#8563 = VERTEX_POINT ( 'NONE', #7372 ) ;
#8564 = EDGE_LOOP ( 'NONE', ( #6600, #5688, #9544, #2731 ) ) ;
#8565 = EDGE_LOOP ( 'NONE', ( #342, #9571, #9833, #5889 ) ) ;
#8566 = ORIENTED_EDGE ( 'NONE', *, *, #5794, .T. ) ;
#8567 = VECTOR ( 'NONE', #7465, 999.9999999999998863 ) ;
#8568 = AXIS2_PLACEMENT_3D ( 'NONE', #7726, #3119, #8739 ) ;
#8569 = ADVANCED_FACE ( 'NONE', ( #7074 ), #10067, .F. ) ;
#8570 = VECTOR ( 'NONE', #1608, 1000.000000000000000 ) ;
#8571 = ORIENTED_EDGE ( 'NONE', *, *, #7176, .T. ) ;
#8572 = EDGE_LOOP ( 'NONE', ( #2417, #9725, #1520, #10559 ) ) ;
#8573 = CYLINDRICAL_SURFACE ( 'NONE', #1390, 0.4750000000000005884 ) ;
#8574 = CARTESIAN_POINT ( 'NONE',  ( 16.09999999999999787, 0.5000000000000000000, 4.349999999999998757 ) ) ;
#8575 = VECTOR ( 'NONE', #3993, 1000.000000000000000 ) ;
#8576 = DIRECTION ( 'NONE',  ( 0.000000000000000000, 1.000000000000000000, 0.000000000000000000 ) ) ;
#8577 = CARTESIAN_POINT ( 'NONE',  ( -1.269999999999999352, 0.5000000000000000000, -3.810000000000000941 ) ) ;
#8578 = ORIENTED_EDGE ( 'NONE', *, *, #2664, .F. ) ;
#8579 = ORIENTED_EDGE ( 'NONE', *, *, #8315, .F. ) ;
#8580 = CARTESIAN_POINT ( 'NONE',  ( 0.000000000000000000, 4.799999999999999822, 0.000000000000000000 ) ) ;
#8581 = ORIENTED_EDGE ( 'NONE', *, *, #3045, .F. ) ;
#8582 = VERTEX_POINT ( 'NONE', #5748 ) ;
#8583 = DIRECTION ( 'NONE',  ( 0.9848077530122082424, -0.000000000000000000, 0.1736481776669298871 ) ) ;
#8584 = AXIS2_PLACEMENT_3D ( 'NONE', #6848, #7716, #8814 ) ;
#8585 = CARTESIAN_POINT ( 'NONE',  ( 3.287374187336407516, 5.799999999999999822, -3.500000000000000000 ) ) ;
#8586 = VECTOR ( 'NONE', #8147, 1000.000000000000114 ) ;
#8587 = DIRECTION ( 'NONE',  ( -1.000000000000000000, 0.000000000000000000, 4.280484862959055418E-16 ) ) ;
#8588 = EDGE_CURVE ( 'NONE', #4176, #9686, #3114, .T. ) ;
#8589 = EDGE_CURVE ( 'NONE', #2995, #3491, #10930, .T. ) ;
#8590 = VECTOR ( 'NONE', #4956, 1000.000000000000000 ) ;
#8591 = FACE_OUTER_BOUND ( 'NONE', #11066, .T. ) ;
#8592 = ADVANCED_FACE ( 'NONE', ( #7286 ), #7528, .T. ) ;
#8593 = ORIENTED_EDGE ( 'NONE', *, *, #6933, .F. ) ;
#8594 = EDGE_LOOP ( 'NONE', ( #332, #4129, #4262, #8952 ) ) ;
#8595 = CARTESIAN_POINT ( 'NONE',  ( 5.413525560979735474, 4.799999999999999822, -0.4750000000000000333 ) ) ;
#8596 = DIRECTION ( 'NONE',  ( 2.072739447398754025E-16, 0.000000000000000000, -1.000000000000000000 ) ) ;
#8597 = LINE ( 'NONE', #10335, #760 ) ;
#8598 = LINE ( 'NONE', #9035, #4583 ) ;
#8599 = ORIENTED_EDGE ( 'NONE', *, *, #8315, .T. ) ;
#8600 = AXIS2_PLACEMENT_3D ( 'NONE', #1064, #11457, #822 ) ;
#8601 = VERTEX_POINT ( 'NONE', #8533 ) ;
#8602 = CARTESIAN_POINT ( 'NONE',  ( -12.71262581266359248, 5.799999999999999822, -3.500000000000000000 ) ) ;
#8603 = CARTESIAN_POINT ( 'NONE',  ( 13.94691467762284276, 4.799999999999999822, -3.500000000000000444 ) ) ;
#8604 = ORIENTED_EDGE ( 'NONE', *, *, #3950, .F. ) ;
#8605 = ORIENTED_EDGE ( 'NONE', *, *, #10653, .T. ) ;
#8606 = CARTESIAN_POINT ( 'NONE',  ( -6.150000000000000355, 5.799999999999999822, 3.500000000000000000 ) ) ;
#8607 = VECTOR ( 'NONE', #10476, 1000.000000000000000 ) ;
#8608 = AXIS2_PLACEMENT_3D ( 'NONE', #5592, #2258, #297 ) ;
#8609 = AXIS2_PLACEMENT_3D ( 'NONE', #799, #1697, #7790 ) ;
#8610 = FACE_OUTER_BOUND ( 'NONE', #73, .T. ) ;
#8611 = EDGE_CURVE ( 'NONE', #5119, #1035, #3296, .T. ) ;
#8612 = DIRECTION ( 'NONE',  ( 2.072739447398758462E-16, 0.000000000000000000, -1.000000000000000000 ) ) ;
#8613 = CARTESIAN_POINT ( 'NONE',  ( -0.2205331856370015831, 4.799999999999999822, 1.725705846325505499 ) ) ;
#8614 = EDGE_CURVE ( 'NONE', #10441, #9744, #3279, .T. ) ;
#8615 = VERTEX_POINT ( 'NONE', #3232 ) ;
#8616 = ORIENTED_EDGE ( 'NONE', *, *, #7058, .F. ) ;
#8617 = DIRECTION ( 'NONE',  ( 0.000000000000000000, 1.000000000000000000, 0.000000000000000000 ) ) ;
#8618 = CARTESIAN_POINT ( 'NONE',  ( 5.413525560979735474, 4.799999999999999822, -0.4750000000000000333 ) ) ;
#8619 = LINE ( 'NONE', #7870, #4580 ) ;
#8620 = CARTESIAN_POINT ( 'NONE',  ( 14.99999999999999822, 1.103909596859301789, -3.500000000000000444 ) ) ;
#8621 = LINE ( 'NONE', #3206, #8184 ) ;
#8622 = CARTESIAN_POINT ( 'NONE',  ( 10.44951173440878378, 1.103909596859301789, 0.1000000000000000056 ) ) ;
#8623 = ADVANCED_FACE ( 'NONE', ( #3312 ), #7057, .T. ) ;
#8624 = CARTESIAN_POINT ( 'NONE',  ( 9.599511734408782360, 4.799999999999999822, 0.09999999999999982514 ) ) ;
#8625 = ORIENTED_EDGE ( 'NONE', *, *, #9851, .T. ) ;
#8626 = ORIENTED_EDGE ( 'NONE', *, *, #896, .T. ) ;
#8627 = VERTEX_POINT ( 'NONE', #9995 ) ;
#8628 = ORIENTED_EDGE ( 'NONE', *, *, #4664, .F. ) ;
#8629 = EDGE_CURVE ( 'NONE', #8031, #11449, #3331, .T. ) ;
#8630 = LINE ( 'NONE', #5264, #8607 ) ;
#8631 = EDGE_CURVE ( 'NONE', #2221, #288, #7187, .T. ) ;
#8632 = DIRECTION ( 'NONE',  ( 0.000000000000000000, 1.000000000000000000, 0.000000000000000000 ) ) ;
#8633 = CARTESIAN_POINT ( 'NONE',  ( -6.349999999999999645, -15.53639610306789187, -3.810000000000000941 ) ) ;
#8634 = DIRECTION ( 'NONE',  ( -1.000000000000000000, 0.000000000000000000, -2.072739447398754025E-16 ) ) ;
#8635 = VECTOR ( 'NONE', #4097, 1000.000000000000000 ) ;
#8636 = CARTESIAN_POINT ( 'NONE',  ( -5.550488265591217107, 4.799999999999999822, 0.1000000000000000056 ) ) ;
#8637 = VERTEX_POINT ( 'NONE', #2481 ) ;
#8638 = EDGE_LOOP ( 'NONE', ( #4525, #859 ) ) ;
#8639 = EDGE_CURVE ( 'NONE', #5244, #3803, #11142, .T. ) ;
#8640 = VECTOR ( 'NONE', #11275, 1000.000000000000114 ) ;
#8641 = AXIS2_PLACEMENT_3D ( 'NONE', #5756, #10163, #11055 ) ;
#8642 = FACE_BOUND ( 'NONE', #7008, .T. ) ;
#8643 = DIRECTION ( 'NONE',  ( -1.000000000000000000, -0.000000000000000000, -2.072739447398754025E-16 ) ) ;
#8644 = CARTESIAN_POINT ( 'NONE',  ( -13.94691467762285164, 4.799999999999999822, 3.500000000000000444 ) ) ;
#8645 = ORIENTED_EDGE ( 'NONE', *, *, #3293, .F. ) ;
#8646 = ORIENTED_EDGE ( 'NONE', *, *, #10653, .F. ) ;
#8647 = DIRECTION ( 'NONE',  ( -0.000000000000000000, 1.000000000000000000, -0.000000000000000000 ) ) ;
#8648 = ORIENTED_EDGE ( 'NONE', *, *, #9176, .T. ) ;
#8649 = DIRECTION ( 'NONE',  ( 0.000000000000000000, 0.000000000000000000, -1.000000000000000000 ) ) ;
#8650 = ORIENTED_EDGE ( 'NONE', *, *, #11235, .T. ) ;
#8651 = DIRECTION ( 'NONE',  ( -0.1736481776669307753, 0.000000000000000000, 0.9848077530122080203 ) ) ;
#8652 = ADVANCED_FACE ( 'NONE', ( #3349 ), #11331, .T. ) ;
#8653 = AXIS2_PLACEMENT_3D ( 'NONE', #1880, #2775, #299 ) ;
#8654 = ADVANCED_FACE ( 'NONE', ( #10826 ), #11411, .T. ) ;
#8655 = FACE_OUTER_BOUND ( 'NONE', #8565, .T. ) ;
#8656 = FACE_OUTER_BOUND ( 'NONE', #1885, .T. ) ;
#8657 = ORIENTED_EDGE ( 'NONE', *, *, #1615, .T. ) ;
#8658 = VERTEX_POINT ( 'NONE', #5189 ) ;
#8659 = FACE_OUTER_BOUND ( 'NONE', #7594, .T. ) ;
#8660 = FACE_BOUND ( 'NONE', #3032, .T. ) ;
#8661 = DIRECTION ( 'NONE',  ( 0.000000000000000000, 0.000000000000000000, 1.000000000000000000 ) ) ;
#8662 = STYLED_ITEM ( 'NONE', ( #4733 ), #9611 ) ;
#8663 = DIRECTION ( 'NONE',  ( 0.000000000000000000, 0.000000000000000000, 1.000000000000000000 ) ) ;
#8664 = ORIENTED_EDGE ( 'NONE', *, *, #517, .F. ) ;
#8665 = ORIENTED_EDGE ( 'NONE', *, *, #5416, .F. ) ;
#8666 = PLANE ( 'NONE',  #11270 ) ;
#8667 = VERTEX_POINT ( 'NONE', #936 ) ;
#8668 = VERTEX_POINT ( 'NONE', #6061 ) ;
#8669 = DIRECTION ( 'NONE',  ( -0.000000000000000000, 1.000000000000000000, -0.000000000000000000 ) ) ;
#8670 = FILL_AREA_STYLE_COLOUR ( '', #2958 ) ;
#8671 = DIRECTION ( 'NONE',  ( -0.9848077530122081313, 0.000000000000000000, -0.1736481776669303034 ) ) ;
#8672 = AXIS2_PLACEMENT_3D ( 'NONE', #7814, #9620, #10530 ) ;
#8673 = CARTESIAN_POINT ( 'NONE',  ( 2.053085322377148803, 4.799999999999999822, 3.500000000000000444 ) ) ;
#8674 = VECTOR ( 'NONE', #4547, 1000.000000000000000 ) ;
#8675 = ADVANCED_FACE ( 'NONE', ( #3366 ), #1825, .F. ) ;
#8676 = PRESENTATION_STYLE_ASSIGNMENT (( #6138 ) ) ;
#8677 = ORIENTED_EDGE ( 'NONE', *, *, #3158, .F. ) ;
#8678 = ORIENTED_EDGE ( 'NONE', *, *, #4813, .F. ) ;
#8679 = CARTESIAN_POINT ( 'NONE',  ( -9.599511734408787689, 4.799999999999999822, -0.1000000000000000056 ) ) ;
#8680 = LINE ( 'NONE', #6754, #546 ) ;
#8681 = CARTESIAN_POINT ( 'NONE',  ( 3.810000000000000941, -7.450000000000000178, 3.584999999999999964 ) ) ;
#8682 = FACE_BOUND ( 'NONE', #3154, .T. ) ;
#8683 = DIRECTION ( 'NONE',  ( 0.000000000000000000, 1.000000000000000000, 0.000000000000000000 ) ) ;
#8684 = EDGE_CURVE ( 'NONE', #7456, #7172, #11159, .T. ) ;
#8685 = ORIENTED_EDGE ( 'NONE', *, *, #14, .T. ) ;
#8686 = ORIENTED_EDGE ( 'NONE', *, *, #3688, .F. ) ;
#8687 = CARTESIAN_POINT ( 'NONE',  ( 14.40048826559121409, 4.799999999999999822, -0.1000000000000000056 ) ) ;
#8688 = VERTEX_POINT ( 'NONE', #3572 ) ;
#8689 = AXIS2_PLACEMENT_3D ( 'NONE', #6472, #5307, #10679 ) ;
#8690 = EDGE_LOOP ( 'NONE', ( #3795, #10148, #11149, #2465 ) ) ;
#8691 = CARTESIAN_POINT ( 'NONE',  ( -2.484777130550480884, 4.799999999999999822, 0.09999999999999982514 ) ) ;
#8692 = EDGE_CURVE ( 'NONE', #4462, #865, #3382, .T. ) ;
#8693 = VECTOR ( 'NONE', #2419, 1000.000000000000000 ) ;
#8694 = DIRECTION ( 'NONE',  ( 1.000000000000000000, 0.000000000000000000, 0.000000000000000000 ) ) ;
#8695 = DIRECTION ( 'NONE',  ( -0.1736481776669316635, 0.000000000000000000, 0.9848077530122076872 ) ) ;
#8696 = LINE ( 'NONE', #7853, #8735 ) ;
#8697 = ADVANCED_FACE ( 'NONE', ( #10915 ), #8781, .F. ) ;
#8698 = ORIENTED_EDGE ( 'NONE', *, *, #3612, .F. ) ;
#8699 = VERTEX_POINT ( 'NONE', #7849 ) ;
#8700 = DIRECTION ( 'NONE',  ( -1.630660900174878325E-16, 0.000000000000000000, -1.000000000000000000 ) ) ;
#8701 = CYLINDRICAL_SURFACE ( 'NONE', #496, 0.4750000000000004774 ) ;
#8702 = PLANE ( 'NONE',  #7921 ) ;
#8703 = EDGE_CURVE ( 'NONE', #2955, #9989, #7005, .T. ) ;
#8704 = FACE_BOUND ( 'NONE', #6925, .T. ) ;
#8705 = PLANE ( 'NONE',  #1800 ) ;
#8706 = EDGE_LOOP ( 'NONE', ( #10176, #9509, #2933, #1714 ) ) ;
#8707 = ORIENTED_EDGE ( 'NONE', *, *, #5059, .T. ) ;
#8708 = EDGE_CURVE ( 'NONE', #4675, #5513, #3639, .T. ) ;
#8709 = EDGE_LOOP ( 'NONE', ( #7378, #7117, #10918, #6947 ) ) ;
#8710 = ORIENTED_EDGE ( 'NONE', *, *, #10095, .F. ) ;
#8711 = AXIS2_PLACEMENT_3D ( 'NONE', #6564, #211, #7366 ) ;
#8712 = UNCERTAINTY_MEASURE_WITH_UNIT (LENGTH_MEASURE( 1.000000000000000082E-05 ), #5366, 'distance_accuracy_value', 'NONE');
#8713 =( LENGTH_UNIT ( ) NAMED_UNIT ( * ) SI_UNIT ( .MILLI., .METRE. ) );
#8714 =( NAMED_UNIT ( * ) PLANE_ANGLE_UNIT ( ) SI_UNIT ( $, .RADIAN. ) );
#8715 = FACE_OUTER_BOUND ( 'NONE', #3772, .T. ) ;
#8716 = DIRECTION ( 'NONE',  ( -0.1736481776669302757, 0.000000000000000000, 0.9848077530122080203 ) ) ;
#8717 = ORIENTED_EDGE ( 'NONE', *, *, #11090, .T. ) ;
#8718 = ORIENTED_EDGE ( 'NONE', *, *, #11340, .F. ) ;
#8719 = CARTESIAN_POINT ( 'NONE',  ( 9.634777130550475022, 4.799999999999999822, -0.09999999999999982514 ) ) ;
#8720 = FACE_OUTER_BOUND ( 'NONE', #2769, .T. ) ;
#8721 = DIRECTION ( 'NONE',  ( 0.000000000000000000, 1.000000000000000000, 0.000000000000000000 ) ) ;
#8722 = ADVANCED_FACE ( 'NONE', ( #11397 ), #1745, .F. ) ;
#8723 = CARTESIAN_POINT ( 'NONE',  ( 0.2205331856370010557, 4.799999999999999822, -0.7757058463255043224 ) ) ;
#8724 = PLANE ( 'NONE',  #1153 ) ;
#8725 = EDGE_LOOP ( 'NONE', ( #4614, #7273, #4945, #6180 ) ) ;
#8726 = VERTEX_POINT ( 'NONE', #7114 ) ;
#8727 = PLANE ( 'NONE',  #10819 ) ;
#8728 = ORIENTED_EDGE ( 'NONE', *, *, #8708, .F. ) ;
#8729 = PLANE ( 'NONE',  #4948 ) ;
#8730 = VERTEX_POINT ( 'NONE', #9802 ) ;
#8731 = FILL_AREA_STYLE ('',( #9530 ) ) ;
#8732 = MANIFOLD_SOLID_BREP ( 'LPattern2[14]', #8434 ) ;
#8733 = CARTESIAN_POINT ( 'NONE',  ( 10.44951173440878378, 1.103909596859301789, 0.1000000000000000056 ) ) ;
#8734 = VECTOR ( 'NONE', #6545, 1000.000000000000000 ) ;
#8735 = VECTOR ( 'NONE', #2874, 1000.000000000000000 ) ;
#8736 = ORIENTED_EDGE ( 'NONE', *, *, #9324, .T. ) ;
#8737 = VERTEX_POINT ( 'NONE', #9577 ) ;
#8738 = LINE ( 'NONE', #2784, #1115 ) ;
#8739 = DIRECTION ( 'NONE',  ( 0.000000000000000000, 0.000000000000000000, 1.000000000000000000 ) ) ;
#8740 =( GEOMETRIC_REPRESENTATION_CONTEXT ( 3 ) GLOBAL_UNCERTAINTY_ASSIGNED_CONTEXT ( ( #2982 ) ) GLOBAL_UNIT_ASSIGNED_CONTEXT ( ( #1799, #3416, #10615 ) ) REPRESENTATION_CONTEXT ( 'NONE', 'WORKASPACE' ) );
#8741 = CARTESIAN_POINT ( 'NONE',  ( 14.36522286944951965, 4.799999999999999822, 0.1000000000000000056 ) ) ;
#8742 = VERTEX_POINT ( 'NONE', #1605 ) ;
#8743 = EDGE_CURVE ( 'NONE', #11129, #7457, #3658, .T. ) ;
#8744 = ORIENTED_EDGE ( 'NONE', *, *, #4370, .T. ) ;
#8745 = CARTESIAN_POINT ( 'NONE',  ( -6.349999999999999645, -15.53639610306789187, 4.035000000000000142 ) ) ;
#8746 = EDGE_CURVE ( 'NONE', #11474, #6343, #7539, .T. ) ;
#8747 = VERTEX_POINT ( 'NONE', #10181 ) ;
#8748 = ORIENTED_EDGE ( 'NONE', *, *, #5939, .T. ) ;
#8749 = DIRECTION ( 'NONE',  ( 0.000000000000000000, -1.000000000000000000, -0.000000000000000000 ) ) ;
#8750 = ADVANCED_FACE ( 'NONE', ( #51 ), #9155, .T. ) ;
#8751 = PLANE ( 'NONE',  #9854 ) ;
#8752 = CARTESIAN_POINT ( 'NONE',  ( 16.00000000000000000, 5.799999999999999822, 0.000000000000000000 ) ) ;
#8753 = CIRCLE ( 'NONE', #10420, 0.2249999999999999500 ) ;
#8754 = AXIS2_PLACEMENT_3D ( 'NONE', #8923, #3488, #9069 ) ;
#8755 = FACE_OUTER_BOUND ( 'NONE', #2405, .T. ) ;
#8756 = ORIENTED_EDGE ( 'NONE', *, *, #6187, .F. ) ;
#8757 = EDGE_LOOP ( 'NONE', ( #1731, #5483, #6500, #1922 ) ) ;
#8758 = CARTESIAN_POINT ( 'NONE',  ( 2.220595954050192056, 4.799999999999999822, 2.550000000000001155 ) ) ;
#8759 = VECTOR ( 'NONE', #1847, 1000.000000000000000 ) ;
#8760 = DIRECTION ( 'NONE',  ( 0.000000000000000000, -1.000000000000000000, -0.000000000000000000 ) ) ;
#8761 = FACE_BOUND ( 'NONE', #9863, .T. ) ;
#8762 = CARTESIAN_POINT ( 'NONE',  ( 0.000000000000000000, -7.450000000000000178, 0.000000000000000000 ) ) ;
#8763 = EDGE_CURVE ( 'NONE', #3663, #7450, #11297, .T. ) ;
#8764 = AXIS2_PLACEMENT_3D ( 'NONE', #6709, #1510, #7578 ) ;
#8765 = VERTEX_POINT ( 'NONE', #1342 ) ;
#8766 = ORIENTED_EDGE ( 'NONE', *, *, #9288, .F. ) ;
#8767 = DIRECTION ( 'NONE',  ( 0.000000000000000000, 0.000000000000000000, 1.000000000000000000 ) ) ;
#8768 = DIRECTION ( 'NONE',  ( -0.1736481776669299149, 0.000000000000000000, 0.9848077530122082424 ) ) ;
#8769 = EDGE_LOOP ( 'NONE', ( #8150, #661, #2519, #17 ) ) ;
#8770 = AXIS2_PLACEMENT_3D ( 'NONE', #8865, #6443, #11337 ) ;
#8771 = ORIENTED_EDGE ( 'NONE', *, *, #5947, .T. ) ;
#8772 = EDGE_CURVE ( 'NONE', #7937, #813, #3496, .T. ) ;
#8773 = PLANE ( 'NONE',  #1084 ) ;
#8774 = LINE ( 'NONE', #1130, #1183 ) ;
#8775 = ADVANCED_FACE ( 'NONE', ( #3548 ), #9226, .T. ) ;
#8776 = PLANE ( 'NONE',  #3004 ) ;
#8777 = DIRECTION ( 'NONE',  ( 0.000000000000000000, -0.000000000000000000, 1.000000000000000000 ) ) ;
#8778 = CIRCLE ( 'NONE', #3872, 0.2250000000000003664 ) ;
#8779 = EDGE_LOOP ( 'NONE', ( #10473, #2673, #6195, #2554 ) ) ;
#8780 = ORIENTED_EDGE ( 'NONE', *, *, #396, .F. ) ;
#8781 = PLANE ( 'NONE',  #220 ) ;
#8782 = CARTESIAN_POINT ( 'NONE',  ( -1.599511734408786801, 5.799999999999999822, -0.1000000000000000056 ) ) ;
#8783 = EDGE_CURVE ( 'NONE', #6895, #2695, #7453, .T. ) ;
#8784 = LINE ( 'NONE', #11512, #5223 ) ;
#8785 = FILL_AREA_STYLE_COLOUR ( '', #5071 ) ;
#8786 = FACE_BOUND ( 'NONE', #7137, .T. ) ;
#8787 = CARTESIAN_POINT ( 'NONE',  ( 10.48477713055047822, 4.799999999999999822, -0.1000000000000000056 ) ) ;
#8788 = ORIENTED_EDGE ( 'NONE', *, *, #9912, .F. ) ;
#8789 = ORIENTED_EDGE ( 'NONE', *, *, #9118, .F. ) ;
#8790 = ORIENTED_EDGE ( 'NONE', *, *, #11301, .T. ) ;
#8791 = ORIENTED_EDGE ( 'NONE', *, *, #6829, .F. ) ;
#8792 = EDGE_CURVE ( 'NONE', #680, #314, #3742, .T. ) ;
#8793 = AXIS2_PLACEMENT_3D ( 'NONE', #7973, #1446, #1659 ) ;
#8794 = SURFACE_STYLE_USAGE ( .BOTH. , #9592 ) ;
#8795 = CARTESIAN_POINT ( 'NONE',  ( 3.287374187336407516, 5.799999999999999822, -3.500000000000000000 ) ) ;
#8796 = FACE_OUTER_BOUND ( 'NONE', #2012, .T. ) ;
#8797 = CARTESIAN_POINT ( 'NONE',  ( 3.084288864959259691, 1.103909596859301789, -3.500000000000000444 ) ) ;
#8798 = FACE_OUTER_BOUND ( 'NONE', #4735, .T. ) ;
#8799 = DIRECTION ( 'NONE',  ( 0.000000000000000000, -1.000000000000000000, 0.000000000000000000 ) ) ;
#8800 = ADVANCED_FACE ( 'NONE', ( #7345 ), #1969, .F. ) ;
#8801 = ORIENTED_EDGE ( 'NONE', *, *, #5148, .F. ) ;
#8802 = VERTEX_POINT ( 'NONE', #3809 ) ;
#8803 =( NAMED_UNIT ( * ) SI_UNIT ( $, .STERADIAN. ) SOLID_ANGLE_UNIT ( ) );
#8804 = LINE ( 'NONE', #6151, #4988 ) ;
#8805 = LINE ( 'NONE', #5959, #4928 ) ;
#8806 = DIRECTION ( 'NONE',  ( 0.000000000000000000, 1.000000000000000000, 0.000000000000000000 ) ) ;
#8807 = AXIS2_PLACEMENT_3D ( 'NONE', #727, #4959, #2428 ) ;
#8808 = CARTESIAN_POINT ( 'NONE',  ( 9.634777130550475022, 1.103909596859301789, -0.09999999999999982514 ) ) ;
#8809 = DIRECTION ( 'NONE',  ( -1.000000000000000000, 0.000000000000000000, 1.630660900174879311E-16 ) ) ;
#8810 = ORIENTED_EDGE ( 'NONE', *, *, #7069, .F. ) ;
#8811 = ORIENTED_EDGE ( 'NONE', *, *, #1638, .T. ) ;
#8812 = DIRECTION ( 'NONE',  ( 1.000000000000000000, 0.000000000000000000, -0.000000000000000000 ) ) ;
#8813 = ORIENTED_EDGE ( 'NONE', *, *, #4615, .T. ) ;
#8814 = DIRECTION ( 'NONE',  ( 0.000000000000000000, 0.000000000000000000, 1.000000000000000000 ) ) ;
#8815 = ORIENTED_EDGE ( 'NONE', *, *, #5606, .T. ) ;
#8816 = DIRECTION ( 'NONE',  ( 0.1736481776669298871, 0.000000000000000000, -0.9848077530122082424 ) ) ;
#8817 = CARTESIAN_POINT ( 'NONE',  ( -1.000000000000002665, 1.103909596859301789, 3.025000000000000799 ) ) ;
#8818 = LINE ( 'NONE', #2963, #1202 ) ;
#8819 = VERTEX_POINT ( 'NONE', #4554 ) ;
#8820 = VECTOR ( 'NONE', #7338, 1000.000000000000000 ) ;
#8821 = SURFACE_SIDE_STYLE ('',( #10126 ) ) ;
#8822 = COLOUR_RGB ( '',0.7529411764705882248, 0.000000000000000000, 0.000000000000000000 ) ;
#8823 = ADVANCED_FACE ( 'NONE', ( #11435 ), #7392, .T. ) ;
#8824 = CARTESIAN_POINT ( 'NONE',  ( -13.76571113504074440, 4.799999999999999822, -3.500000000000000444 ) ) ;
#8825 = EDGE_LOOP ( 'NONE', ( #2005, #1300, #6924, #8944 ) ) ;
#8826 = ORIENTED_EDGE ( 'NONE', *, *, #5137, .T. ) ;
#8827 = CARTESIAN_POINT ( 'NONE',  ( 5.779404045949801727, 5.799999999999999822, -2.550000000000000711 ) ) ;
#8828 = AXIS2_PLACEMENT_3D ( 'NONE', #1100, #4402, #7850 ) ;
#8829 = ORIENTED_EDGE ( 'NONE', *, *, #10206, .F. ) ;
#8830 = AXIS2_PLACEMENT_3D ( 'NONE', #3954, #4191, #7787 ) ;
#8831 = VERTEX_POINT ( 'NONE', #8384 ) ;
#8832 = DIRECTION ( 'NONE',  ( 1.000000000000000000, 0.000000000000000000, -3.465154412871613544E-16 ) ) ;
#8833 = EDGE_CURVE ( 'NONE', #5119, #6323, #11336, .T. ) ;
#8834 = CARTESIAN_POINT ( 'NONE',  ( -6.349999999999999645, -15.53639610306789187, 3.810000000000000053 ) ) ;
#8835 = CARTESIAN_POINT ( 'NONE',  ( -3.119863555663371812, 4.799999999999999822, 2.550000000000000711 ) ) ;
#8836 = DIRECTION ( 'NONE',  ( -0.1736481776669302757, 0.000000000000000000, 0.9848077530122080203 ) ) ;
#8837 = DIRECTION ( 'NONE',  ( 1.000000000000000000, 0.000000000000000000, 0.000000000000000000 ) ) ;
#8838 = EDGE_CURVE ( 'NONE', #5694, #6913, #11470, .T. ) ;
#8839 = LINE ( 'NONE', #2831, #9061 ) ;
#8840 = VECTOR ( 'NONE', #4021, 1000.000000000000000 ) ;
#8841 = VECTOR ( 'NONE', #254, 999.9999999999998863 ) ;
#8842 = ORIENTED_EDGE ( 'NONE', *, *, #4641, .F. ) ;
#8843 = CARTESIAN_POINT ( 'NONE',  ( 0.2205331856370011112, 4.799999999999999822, -1.725705846325505499 ) ) ;
#8844 = PRESENTATION_LAYER_ASSIGNMENT (  '', '', ( #292 ) ) ;
#8845 = FACE_OUTER_BOUND ( 'NONE', #1140, .T. ) ;
#8846 = EDGE_CURVE ( 'NONE', #9070, #2652, #32, .T. ) ;
#8847 = ORIENTED_EDGE ( 'NONE', *, *, #2493, .F. ) ;
#8848 = ORIENTED_EDGE ( 'NONE', *, *, #4642, .F. ) ;
#8849 = CARTESIAN_POINT ( 'NONE',  ( -15.00000000000000000, 1.103909596859301789, 3.500000000000000444 ) ) ;
#8850 = ORIENTED_EDGE ( 'NONE', *, *, #1485, .F. ) ;
#8851 = VERTEX_POINT ( 'NONE', #10096 ) ;
#8852 = CARTESIAN_POINT ( 'NONE',  ( 1.270000000000000240, -7.450000000000000178, -3.585000000000000853 ) ) ;
#8853 = ADVANCED_FACE ( 'NONE', ( #7656 ), #1900, .F. ) ;
#8854 = CARTESIAN_POINT ( 'NONE',  ( 11.28737418733640752, 5.799999999999999822, -3.500000000000000000 ) ) ;
#8855 = EDGE_CURVE ( 'NONE', #6265, #11438, #3681, .T. ) ;
#8856 = LINE ( 'NONE', #2082, #1366 ) ;
#8857 = CARTESIAN_POINT ( 'NONE',  ( 0.000000000000000000, 4.799999999999999822, 0.000000000000000000 ) ) ;
#8858 = ORIENTED_EDGE ( 'NONE', *, *, #6430, .T. ) ;
#8859 = DIRECTION ( 'NONE',  ( 1.000000000000000000, 0.000000000000000000, -2.072739447398754025E-16 ) ) ;
#8860 = CARTESIAN_POINT ( 'NONE',  ( -10.44951173440878556, 5.799999999999999822, -0.09999999999999982514 ) ) ;
#8861 = VECTOR ( 'NONE', #5563, 1000.000000000000114 ) ;
#8862 = FACE_BOUND ( 'NONE', #2232, .T. ) ;
#8863 = DIRECTION ( 'NONE',  ( 0.1736481776669307753, -0.000000000000000000, -0.9848077530122080203 ) ) ;
#8864 = AXIS2_PLACEMENT_3D ( 'NONE', #11475, #921, #7838 ) ;
#8865 = CARTESIAN_POINT ( 'NONE',  ( -5.246014929306701546, 4.799999999999999822, -0.4749999999999989231 ) ) ;
#8866 = EDGE_LOOP ( 'NONE', ( #5033, #2558 ) ) ;
#8867 = ORIENTED_EDGE ( 'NONE', *, *, #8871, .F. ) ;
#8868 = EDGE_LOOP ( 'NONE', ( #34, #5063, #7985, #3096 ) ) ;
#8869 = ORIENTED_EDGE ( 'NONE', *, *, #359, .T. ) ;
#8870 = EDGE_CURVE ( 'NONE', #10201, #10900, #11517, .T. ) ;
#8871 = EDGE_CURVE ( 'NONE', #701, #5577, #7738, .T. ) ;
#8872 = FILL_AREA_STYLE ('',( #4110 ) ) ;
#8873 = LINE ( 'NONE', #556, #8894 ) ;
#8874 = DIRECTION ( 'NONE',  ( 0.000000000000000000, 1.000000000000000000, 0.000000000000000000 ) ) ;
#8875 = ADVANCED_FACE ( 'NONE', ( #7418 ), #9946, .F. ) ;
#8876 = VECTOR ( 'NONE', #5407, 1000.000000000000000 ) ;
#8877 = CARTESIAN_POINT ( 'NONE',  ( -5.413525560979744355, 5.799999999999999822, 0.4750000000000004774 ) ) ;
#8878 = EDGE_LOOP ( 'NONE', ( #10113, #6318, #5952, #3867 ) ) ;
#8879 = CARTESIAN_POINT ( 'NONE',  ( 3.084288864959259691, 5.799999999999999822, -3.500000000000000444 ) ) ;
#8880 = VECTOR ( 'NONE', #2148, 1000.000000000000000 ) ;
#8881 = SURFACE_STYLE_FILL_AREA ( #9628 ) ;
#8882 = ORIENTED_EDGE ( 'NONE', *, *, #10911, .T. ) ;
#8883 = DIRECTION ( 'NONE',  ( 0.000000000000000000, 1.000000000000000000, 0.000000000000000000 ) ) ;
#8884 = ORIENTED_EDGE ( 'NONE', *, *, #1798, .F. ) ;
#8885 = ORIENTED_EDGE ( 'NONE', *, *, #5918, .F. ) ;
#8886 = DIRECTION ( 'NONE',  ( 0.000000000000000000, 1.000000000000000000, 0.000000000000000000 ) ) ;
#8887 = ORIENTED_EDGE ( 'NONE', *, *, #4539, .F. ) ;
#8888 = CARTESIAN_POINT ( 'NONE',  ( -9.599511734408787689, 4.799999999999999822, -0.1000000000000000056 ) ) ;
#8889 = ORIENTED_EDGE ( 'NONE', *, *, #5208, .T. ) ;
#8890 = CARTESIAN_POINT ( 'NONE',  ( 9.000000000000001776, 5.799999999999999822, 3.500000000000000444 ) ) ;
#8891 = EDGE_CURVE ( 'NONE', #7251, #6119, #7696, .T. ) ;
#8892 = AXIS2_PLACEMENT_3D ( 'NONE', #6458, #2973, #10372 ) ;
#8893 = AXIS2_PLACEMENT_3D ( 'NONE', #10146, #6639, #527 ) ;
#8894 = VECTOR ( 'NONE', #10739, 1000.000000000000000 ) ;
#8895 = EDGE_CURVE ( 'NONE', #10979, #9034, #3701, .T. ) ;
#8896 = EDGE_CURVE ( 'NONE', #9088, #2680, #7576, .T. ) ;
#8897 = ADVANCED_FACE ( 'NONE', ( #7435 ), #2507, .F. ) ;
#8898 = ORIENTED_EDGE ( 'NONE', *, *, #7999, .F. ) ;
#8899 = LINE ( 'NONE', #6380, #8861 ) ;
#8900 = ORIENTED_EDGE ( 'NONE', *, *, #3300, .T. ) ;
#8901 = CARTESIAN_POINT ( 'NONE',  ( -6.349999999999999645, 0.5000000000000000000, -3.810000000000000941 ) ) ;
#8902 = DIRECTION ( 'NONE',  ( 0.000000000000000000, -1.000000000000000000, -0.000000000000000000 ) ) ;
#8903 = ORIENTED_EDGE ( 'NONE', *, *, #7443, .F. ) ;
#8904 = EDGE_LOOP ( 'NONE', ( #5185, #758, #3535, #3135 ) ) ;
#8905 = ORIENTED_EDGE ( 'NONE', *, *, #10540, .T. ) ;
#8906 = EDGE_LOOP ( 'NONE', ( #7991, #2714, #7784, #8989 ) ) ;
#8907 = PRESENTATION_LAYER_ASSIGNMENT (  '', '', ( #11348 ) ) ;
#8908 = SURFACE_SIDE_STYLE ('',( #5394 ) ) ;
#8909 = DIRECTION ( 'NONE',  ( 1.000000000000000000, 0.000000000000000000, 0.000000000000000000 ) ) ;
#8910 = DIRECTION ( 'NONE',  ( -0.000000000000000000, 1.000000000000000000, -0.000000000000000000 ) ) ;
#8911 = EDGE_CURVE ( 'NONE', #1131, #10582, #11536, .T. ) ;
#8912 = DIRECTION ( 'NONE',  ( 0.1736481776669298593, 0.000000000000000000, -0.9848077530122081313 ) ) ;
#8913 = LINE ( 'NONE', #867, #4877 ) ;
#8914 = STYLED_ITEM ( 'NONE', ( #6247 ), #8171 ) ;
#8915 = ORIENTED_EDGE ( 'NONE', *, *, #7733, .T. ) ;
#8916 = CARTESIAN_POINT ( 'NONE',  ( -4.880136444336633517, 5.799999999999999822, -2.550000000000000711 ) ) ;
#8917 = EDGE_CURVE ( 'NONE', #3292, #3769, #7479, .T. ) ;
#8918 = CYLINDRICAL_SURFACE ( 'NONE', #7598, 0.2249999999999999500 ) ;
#8919 = ORIENTED_EDGE ( 'NONE', *, *, #7375, .T. ) ;
#8920 = ADVANCED_FACE ( 'NONE', ( #7380 ), #3583, .F. ) ;
#8921 = ORIENTED_EDGE ( 'NONE', *, *, #1406, .F. ) ;
#8922 = ORIENTED_EDGE ( 'NONE', *, *, #9576, .F. ) ;
#8923 = CARTESIAN_POINT ( 'NONE',  ( 1.270000000000000240, -7.450000000000000178, -3.810000000000000941 ) ) ;
#8924 = PLANE ( 'NONE',  #6751 ) ;
#8925 = ORIENTED_EDGE ( 'NONE', *, *, #8692, .F. ) ;
#8926 = DIRECTION ( 'NONE',  ( -0.9848077530122080203, 0.000000000000000000, -0.1736481776669307475 ) ) ;
#8927 = ORIENTED_EDGE ( 'NONE', *, *, #5392, .T. ) ;
#8928 = DIRECTION ( 'NONE',  ( 0.000000000000000000, 0.000000000000000000, 1.000000000000000000 ) ) ;
#8929 = EDGE_CURVE ( 'NONE', #3006, #9310, #3480, .T. ) ;
#8930 = LINE ( 'NONE', #9936, #4899 ) ;
#8931 = DIRECTION ( 'NONE',  ( -0.1736481776669313026, 0.000000000000000000, 0.9848077530122079093 ) ) ;
#8932 = EDGE_LOOP ( 'NONE', ( #20, #1017, #1038, #3938 ) ) ;
#8933 = DIRECTION ( 'NONE',  ( 2.072739447398762653E-16, 0.000000000000000000, 1.000000000000000000 ) ) ;
#8934 = CARTESIAN_POINT ( 'NONE',  ( 10.23428886495925383, 5.799999999999999822, -3.500000000000000444 ) ) ;
#8935 = CARTESIAN_POINT ( 'NONE',  ( -2.053085322377157684, 4.799999999999999822, -3.500000000000000444 ) ) ;
#8936 = DIRECTION ( 'NONE',  ( -0.000000000000000000, 1.000000000000000000, 0.000000000000000000 ) ) ;
#8937 = FACE_BOUND ( 'NONE', #11477, .T. ) ;
#8938 = ORIENTED_EDGE ( 'NONE', *, *, #9153, .T. ) ;
#8939 = EDGE_CURVE ( 'NONE', #3282, #10168, #11278, .T. ) ;
#8940 = DIRECTION ( 'NONE',  ( 0.000000000000000000, 0.000000000000000000, 1.000000000000000000 ) ) ;
#8941 = AXIS2_PLACEMENT_3D ( 'NONE', #10651, #10799, #5109 ) ;
#8942 = ORIENTED_EDGE ( 'NONE', *, *, #8244, .T. ) ;
#8943 = ORIENTED_EDGE ( 'NONE', *, *, #3743, .F. ) ;
#8944 = ORIENTED_EDGE ( 'NONE', *, *, #7496, .F. ) ;
#8945 = ORIENTED_EDGE ( 'NONE', *, *, #11235, .F. ) ;
#8946 = AXIS2_PLACEMENT_3D ( 'NONE', #9099, #7564, #1195 ) ;
#8947 = SURFACE_STYLE_USAGE ( .BOTH. , #5355 ) ;
#8948 = PLANE ( 'NONE',  #1692 ) ;
#8949 = VECTOR ( 'NONE', #7865, 1000.000000000000000 ) ;
#8950 = VECTOR ( 'NONE', #623, 1000.000000000000000 ) ;
#8951 =( LENGTH_UNIT ( ) NAMED_UNIT ( * ) SI_UNIT ( .MILLI., .METRE. ) );
#8952 = ORIENTED_EDGE ( 'NONE', *, *, #6186, .T. ) ;
#8953 = DIRECTION ( 'NONE',  ( -0.000000000000000000, -1.000000000000000000, -0.000000000000000000 ) ) ;
#8954 = VECTOR ( 'NONE', #2226, 1000.000000000000114 ) ;
#8955 = ORIENTED_EDGE ( 'NONE', *, *, #6327, .T. ) ;
#8956 = DIRECTION ( 'NONE',  ( 0.000000000000000000, -0.000000000000000000, -1.000000000000000000 ) ) ;
#8957 = DIRECTION ( 'NONE',  ( 0.1736481776669307753, 0.000000000000000000, -0.9848077530122080203 ) ) ;
#8958 = CARTESIAN_POINT ( 'NONE',  ( -9.634777130550480351, 4.799999999999999822, 0.1000000000000000056 ) ) ;
#8959 = ORIENTED_EDGE ( 'NONE', *, *, #7962, .F. ) ;
#8960 = ORIENTED_EDGE ( 'NONE', *, *, #9951, .F. ) ;
#8961 = DIRECTION ( 'NONE',  ( 1.000000000000000000, 0.000000000000000000, 0.000000000000000000 ) ) ;
#8962 = ORIENTED_EDGE ( 'NONE', *, *, #4753, .F. ) ;
#8963 = DIRECTION ( 'NONE',  ( -0.000000000000000000, -1.000000000000000000, -0.000000000000000000 ) ) ;
#8964 = ORIENTED_EDGE ( 'NONE', *, *, #3141, .F. ) ;
#8965 = DIRECTION ( 'NONE',  ( 0.000000000000000000, 0.000000000000000000, 1.000000000000000000 ) ) ;
#8966 = DIRECTION ( 'NONE',  ( -0.000000000000000000, 1.000000000000000000, -0.000000000000000000 ) ) ;
#8967 = FACE_OUTER_BOUND ( 'NONE', #506, .T. ) ;
#8968 = ADVANCED_FACE ( 'NONE', ( #385 ), #10510, .T. ) ;
#8969 = AXIS2_PLACEMENT_3D ( 'NONE', #9996, #2850, #10840 ) ;
#8970 = ORIENTED_EDGE ( 'NONE', *, *, #10370, .F. ) ;
#8971 = LINE ( 'NONE', #7310, #5179 ) ;
#8972 = EDGE_CURVE ( 'NONE', #4217, #10730, #4001, .T. ) ;
#8973 = FACE_BOUND ( 'NONE', #4287, .T. ) ;
#8974 = VERTEX_POINT ( 'NONE', #11282 ) ;
#8975 = PLANE ( 'NONE',  #5838 ) ;
#8976 = ORIENTED_EDGE ( 'NONE', *, *, #2167, .T. ) ;
#8977 = EDGE_LOOP ( 'NONE', ( #11112, #7438, #11285, #2526 ) ) ;
#8978 = DIRECTION ( 'NONE',  ( 0.1736481776669298871, 0.000000000000000000, -0.9848077530122082424 ) ) ;
#8979 = EDGE_CURVE ( 'NONE', #10382, #4467, #4020, .T. ) ;
#8980 = ORIENTED_EDGE ( 'NONE', *, *, #2398, .T. ) ;
#8981 = VERTEX_POINT ( 'NONE', #7629 ) ;
#8982 = AXIS2_PLACEMENT_3D ( 'NONE', #7785, #10496, #3513 ) ;
#8983 = DIRECTION ( 'NONE',  ( 0.000000000000000000, -0.000000000000000000, -1.000000000000000000 ) ) ;
#8984 = DIRECTION ( 'NONE',  ( -1.000000000000000000, 0.000000000000000000, 1.630660900174879311E-16 ) ) ;
#8985 = CARTESIAN_POINT ( 'NONE',  ( 2.234288864959256049, 4.799999999999999822, -3.500000000000000444 ) ) ;
#8986 = CARTESIAN_POINT ( 'NONE',  ( -3.084288864959265020, 5.799999999999999822, 3.499999999999999556 ) ) ;
#8987 = LINE ( 'NONE', #4186, #8693 ) ;
#8988 = FACE_OUTER_BOUND ( 'NONE', #3654, .T. ) ;
#8989 = ORIENTED_EDGE ( 'NONE', *, *, #11436, .T. ) ;
#8990 = VECTOR ( 'NONE', #7173, 999.9999999999998863 ) ;
#8991 = DIRECTION ( 'NONE',  ( 0.1736481776669298871, 0.000000000000000000, -0.9848077530122082424 ) ) ;
#8992 = ORIENTED_EDGE ( 'NONE', *, *, #4119, .T. ) ;
#8993 = ORIENTED_EDGE ( 'NONE', *, *, #1682, .F. ) ;
#8994 = VERTEX_POINT ( 'NONE', #561 ) ;
#8995 = VERTEX_POINT ( 'NONE', #731 ) ;
#8996 = DIRECTION ( 'NONE',  ( 1.000000000000000000, 0.000000000000000000, 0.000000000000000000 ) ) ;
#8997 = VERTEX_POINT ( 'NONE', #4280 ) ;
#8998 =( LENGTH_UNIT ( ) NAMED_UNIT ( * ) SI_UNIT ( .MILLI., .METRE. ) );
#8999 = CARTESIAN_POINT ( 'NONE',  ( -0.2205331856370015275, 5.799999999999999822, 0.7757058463255042113 ) ) ;
#9000 = FACE_OUTER_BOUND ( 'NONE', #4568, .T. ) ;
#9001 = DIRECTION ( 'NONE',  ( -0.000000000000000000, 1.000000000000000000, -0.000000000000000000 ) ) ;
#9002 = LINE ( 'NONE', #10237, #8635 ) ;
#9003 = ORIENTED_EDGE ( 'NONE', *, *, #8041, .F. ) ;
#9004 = CARTESIAN_POINT ( 'NONE',  ( -9.850000000000003197, 5.799999999999999822, -3.500000000000000444 ) ) ;
#9005 = DIRECTION ( 'NONE',  ( 1.000000000000000000, 0.000000000000000000, -2.072739447398762653E-16 ) ) ;
#9006 = LINE ( 'NONE', #5395, #5651 ) ;
#9007 =( NAMED_UNIT ( * ) SI_UNIT ( $, .STERADIAN. ) SOLID_ANGLE_UNIT ( ) );
#9008 = DIRECTION ( 'NONE',  ( 0.000000000000000000, -1.000000000000000000, -0.000000000000000000 ) ) ;
#9009 = VERTEX_POINT ( 'NONE', #4121 ) ;
#9010 = CARTESIAN_POINT ( 'NONE',  ( -9.000000000000003553, 5.799999999999999822, 3.025000000000000799 ) ) ;
#9011 = ADVANCED_FACE ( 'NONE', ( #4039 ), #11362, .T. ) ;
#9012 = DIRECTION ( 'NONE',  ( 0.000000000000000000, 1.000000000000000000, 0.000000000000000000 ) ) ;
#9013 = ORIENTED_EDGE ( 'NONE', *, *, #4642, .T. ) ;
#9014 = EDGE_CURVE ( 'NONE', #11383, #8052, #340, .T. ) ;
#9015 = VERTEX_POINT ( 'NONE', #5216 ) ;
#9016 = EDGE_CURVE ( 'NONE', #10794, #10280, #8119, .T. ) ;
#9017 = ORIENTED_EDGE ( 'NONE', *, *, #2543, .T. ) ;
#9018 = VERTEX_POINT ( 'NONE', #4202 ) ;
#9019 = DIRECTION ( 'NONE',  ( 0.1736481776669307753, 0.000000000000000000, -0.9848077530122080203 ) ) ;
#9020 = VECTOR ( 'NONE', #3521, 1000.000000000000000 ) ;
#9021 = VECTOR ( 'NONE', #107, 1000.000000000000000 ) ;
#9022 = CARTESIAN_POINT ( 'NONE',  ( 13.76571113504073551, 1.103909596859301789, 3.499999999999999556 ) ) ;
#9023 = ORIENTED_EDGE ( 'NONE', *, *, #2122, .T. ) ;
#9024 = CARTESIAN_POINT ( 'NONE',  ( -10.44951173440878556, 5.799999999999999822, -0.09999999999999982514 ) ) ;
#9025 = LINE ( 'NONE', #9024, #1012 ) ;
#9026 = VECTOR ( 'NONE', #759, 999.9999999999998863 ) ;
#9027 = ORIENTED_EDGE ( 'NONE', *, *, #1656, .T. ) ;
#9028 = DIRECTION ( 'NONE',  ( -1.000000000000000000, 0.000000000000000000, 4.280484862959055418E-16 ) ) ;
#9029 = EDGE_CURVE ( 'NONE', #3378, #10089, #8061, .T. ) ;
#9030 = DIRECTION ( 'NONE',  ( 0.000000000000000000, 0.000000000000000000, 1.000000000000000000 ) ) ;
#9031 = CARTESIAN_POINT ( 'NONE',  ( -4.915711135040740309, 4.799999999999999822, -3.500000000000000444 ) ) ;
#9032 = AXIS2_PLACEMENT_3D ( 'NONE', #5020, #6289, #7686 ) ;
#9033 = VERTEX_POINT ( 'NONE', #5130 ) ;
#9034 = VERTEX_POINT ( 'NONE', #8723 ) ;
#9035 = CARTESIAN_POINT ( 'NONE',  ( 1.634777130550475466, 1.103909596859301789, -0.09999999999999982514 ) ) ;
#9036 = VERTEX_POINT ( 'NONE', #6012 ) ;
#9037 = AXIS2_PLACEMENT_3D ( 'NONE', #2486, #116, #4644 ) ;
#9038 = PLANE ( 'NONE',  #3801 ) ;
#9039 = ORIENTED_EDGE ( 'NONE', *, *, #4998, .F. ) ;
#9040 = EDGE_CURVE ( 'NONE', #4176, #6292, #67, .T. ) ;
#9041 = EDGE_CURVE ( 'NONE', #4059, #9566, #4214, .T. ) ;
#9042 = DIRECTION ( 'NONE',  ( 1.000000000000000000, 0.000000000000000000, 0.000000000000000000 ) ) ;
#9043 = LINE ( 'NONE', #3055, #8734 ) ;
#9044 = ORIENTED_EDGE ( 'NONE', *, *, #6300, .F. ) ;
#9045 = VECTOR ( 'NONE', #8953, 1000.000000000000000 ) ;
#9046 = CARTESIAN_POINT ( 'NONE',  ( -1.000000000000002665, 5.799999999999999822, -3.500000000000000444 ) ) ;
#9047 = ORIENTED_EDGE ( 'NONE', *, *, #10509, .F. ) ;
#9048 = DIRECTION ( 'NONE',  ( -0.1736481776669316357, 0.000000000000000000, 0.9848077530122077983 ) ) ;
#9049 = EDGE_LOOP ( 'NONE', ( #3483, #10698, #11428, #10273 ) ) ;
#9050 = EDGE_LOOP ( 'NONE', ( #4676, #5974, #11110, #10917 ) ) ;
#9052 = EDGE_CURVE ( 'NONE', #11272, #11403, #4094, .T. ) ;
#9051 = DIRECTION ( 'NONE',  ( -4.280484862959055418E-16, 0.000000000000000000, -1.000000000000000000 ) ) ;
#9053 = CLOSED_SHELL ( 'NONE', ( #10310, #8750, #9594, #4200, #10230, #2285 ) ) ;
#9054 = ORIENTED_EDGE ( 'NONE', *, *, #1798, .T. ) ;
#9055 = EDGE_CURVE ( 'NONE', #6347, #2695, #324, .T. ) ;
#9056 = CARTESIAN_POINT ( 'NONE',  ( 0.2205331856370011112, 5.799999999999999822, -1.725705846325505499 ) ) ;
#9057 = MECHANICAL_DESIGN_GEOMETRIC_PRESENTATION_REPRESENTATION (  '', ( #6376 ), #3698 ) ;
#9058 = VECTOR ( 'NONE', #185, 1000.000000000000000 ) ;
#9059 = DIRECTION ( 'NONE',  ( 0.000000000000000000, 1.000000000000000000, 0.000000000000000000 ) ) ;
#9060 = DIRECTION ( 'NONE',  ( 1.000000000000000000, -0.000000000000000000, -0.000000000000000000 ) ) ;
#9061 = VECTOR ( 'NONE', #349, 999.9999999999998863 ) ;
#9062 = ADVANCED_FACE ( 'NONE', ( #4290 ), #8095, .T. ) ;
#9063 = ORIENTED_EDGE ( 'NONE', *, *, #5774, .F. ) ;
#9064 = DIRECTION ( 'NONE',  ( -0.000000000000000000, 1.000000000000000000, -0.000000000000000000 ) ) ;
#9065 = CARTESIAN_POINT ( 'NONE',  ( -13.41352556097974436, 4.799999999999999822, 0.4750000000000004774 ) ) ;
#9066 = ORIENTED_EDGE ( 'NONE', *, *, #11464, .T. ) ;
#9067 = ORIENTED_EDGE ( 'NONE', *, *, #11165, .F. ) ;
#9068 = ORIENTED_EDGE ( 'NONE', *, *, #1984, .T. ) ;
#9069 = DIRECTION ( 'NONE',  ( 0.000000000000000000, 0.000000000000000000, 1.000000000000000000 ) ) ;
#9070 = VERTEX_POINT ( 'NONE', #3669 ) ;
#9071 = DIRECTION ( 'NONE',  ( 0.000000000000000000, 1.000000000000000000, 0.000000000000000000 ) ) ;
#9072 = ORIENTED_EDGE ( 'NONE', *, *, #4388, .T. ) ;
#9073 =( NAMED_UNIT ( * ) SI_UNIT ( $, .STERADIAN. ) SOLID_ANGLE_UNIT ( ) );
#9074 = EDGE_CURVE ( 'NONE', #6896, #9870, #424, .T. ) ;
#9075 = AXIS2_PLACEMENT_3D ( 'NONE', #7355, #8261, #10683 ) ;
#9076 = VECTOR ( 'NONE', #2336, 1000.000000000000000 ) ;
#9077 = DIRECTION ( 'NONE',  ( 1.000000000000000000, 0.000000000000000000, -3.465154412871614037E-16 ) ) ;
#9078 = EDGE_LOOP ( 'NONE', ( #8884, #1928, #9251, #1556 ) ) ;
#9079 = FILL_AREA_STYLE_COLOUR ( '', #11130 ) ;
#9080 = FACE_OUTER_BOUND ( 'NONE', #9144, .T. ) ;
#9081 = PLANE ( 'NONE',  #10165 ) ;
#9082 = PLANE ( 'NONE',  #10752 ) ;
#9083 = VECTOR ( 'NONE', #7224, 1000.000000000000000 ) ;
#9084 = CARTESIAN_POINT ( 'NONE',  ( -2.753985070693306003, 4.799999999999999822, 0.4749999999999995892 ) ) ;
#9085 = ORIENTED_EDGE ( 'NONE', *, *, #7752, .T. ) ;
#9086 = CARTESIAN_POINT ( 'NONE',  ( -15.00000000000000000, 4.799999999999999822, 3.500000000000000444 ) ) ;
#9087 = CARTESIAN_POINT ( 'NONE',  ( 9.634777130550475022, 5.799999999999999822, -0.09999999999999982514 ) ) ;
#9088 = VERTEX_POINT ( 'NONE', #2900 ) ;
#9089 = ORIENTED_EDGE ( 'NONE', *, *, #9951, .T. ) ;
#9090 = AXIS2_PLACEMENT_3D ( 'NONE', #6670, #8469, #8553 ) ;
#9091 = ORIENTED_EDGE ( 'NONE', *, *, #7391, .T. ) ;
#9092 = CARTESIAN_POINT ( 'NONE',  ( 6.350000000000001421, -15.53639610306789187, 3.810000000000000053 ) ) ;
#9093 = EDGE_LOOP ( 'NONE', ( #1484, #9089, #4996, #4846 ) ) ;
#9094 = CARTESIAN_POINT ( 'NONE',  ( 6.365222869449519649, 5.799999999999999822, 0.1000000000000000056 ) ) ;
#9095 = EDGE_CURVE ( 'NONE', #3542, #11021, #7877, .T. ) ;
#9096 = DIRECTION ( 'NONE',  ( -0.000000000000000000, 1.000000000000000000, -0.000000000000000000 ) ) ;
#9097 = LINE ( 'NONE', #5040, #9116 ) ;
#9098 = VECTOR ( 'NONE', #5622, 999.9999999999998863 ) ;
#9099 = CARTESIAN_POINT ( 'NONE',  ( 11.11986355566336648, 4.799999999999999822, -2.550000000000000711 ) ) ;
#9100 = ORIENTED_EDGE ( 'NONE', *, *, #4230, .T. ) ;
#9101 = LINE ( 'NONE', #5240, #1640 ) ;
#9102 = ORIENTED_EDGE ( 'NONE', *, *, #4513, .F. ) ;
#9103 = DIRECTION ( 'NONE',  ( 0.000000000000000000, -1.000000000000000000, 0.000000000000000000 ) ) ;
#9104 = ADVANCED_FACE ( 'NONE', ( #8159 ), #4431, .F. ) ;
#9105 = CARTESIAN_POINT ( 'NONE',  ( 1.850000000000000977, 5.799999999999999822, 3.500000000000000444 ) ) ;
#9106 = ORIENTED_EDGE ( 'NONE', *, *, #6660, .T. ) ;
#9107 = EDGE_LOOP ( 'NONE', ( #10320, #10443, #1768, #2553 ) ) ;
#9108 = DIRECTION ( 'NONE',  ( 1.000000000000000000, 0.000000000000000000, -2.072739447398762653E-16 ) ) ;
#9109 = ORIENTED_EDGE ( 'NONE', *, *, #4913, .T. ) ;
#9110 = CARTESIAN_POINT ( 'NONE',  ( -2.053085322377157684, 5.799999999999999822, -3.500000000000000444 ) ) ;
#9111 = VERTEX_POINT ( 'NONE', #4503 ) ;
#9112 = AXIS2_PLACEMENT_3D ( 'NONE', #533, #8444, #11046 ) ;
#9113 = EDGE_CURVE ( 'NONE', #5485, #3902, #3899, .T. ) ;
#9114 = DIRECTION ( 'NONE',  ( 0.1736481776669313026, 0.000000000000000000, -0.9848077530122080203 ) ) ;
#9115 = DIRECTION ( 'NONE',  ( -0.1736481776669299149, 0.000000000000000000, 0.9848077530122082424 ) ) ;
#9116 = VECTOR ( 'NONE', #3901, 1000.000000000000000 ) ;
#9117 = VECTOR ( 'NONE', #8224, 1000.000000000000000 ) ;
#9118 = EDGE_CURVE ( 'NONE', #5239, #10997, #7860, .T. ) ;
#9119 = VERTEX_POINT ( 'NONE', #8014 ) ;
#9120 = AXIS2_PLACEMENT_3D ( 'NONE', #2994, #3544, #7158 ) ;
#9121 = DIRECTION ( 'NONE',  ( 0.000000000000000000, 0.000000000000000000, 1.000000000000000000 ) ) ;
#9122 = LINE ( 'NONE', #7182, #1431 ) ;
#9123 = ORIENTED_EDGE ( 'NONE', *, *, #2493, .T. ) ;
#9124 = DIRECTION ( 'NONE',  ( -1.000000000000000000, 0.000000000000000000, -2.072739447398758462E-16 ) ) ;
#9125 = ORIENTED_EDGE ( 'NONE', *, *, #11231, .F. ) ;
#9126 = ORIENTED_EDGE ( 'NONE', *, *, #10587, .F. ) ;
#9127 = VERTEX_POINT ( 'NONE', #7942 ) ;
#9128 = UNCERTAINTY_MEASURE_WITH_UNIT (LENGTH_MEASURE( 1.000000000000000082E-05 ), #10354, 'distance_accuracy_value', 'NONE');
#9129 = ADVANCED_FACE ( 'NONE', ( #186 ), #7951, .F. ) ;
#9130 = DIRECTION ( 'NONE',  ( 1.000000000000000000, 0.000000000000000000, -2.072739447398754025E-16 ) ) ;
#9131 = DIRECTION ( 'NONE',  ( -1.000000000000000000, 0.000000000000000000, 4.280484862959055418E-16 ) ) ;
#9132 = CARTESIAN_POINT ( 'NONE',  ( 3.119863555663366483, 4.799999999999999822, -2.550000000000000711 ) ) ;
#9133 = PRODUCT_DEFINITION_FORMATION_WITH_SPECIFIED_SOURCE ( 'ANY', '', #3606, .NOT_KNOWN. ) ;
#9134 = DIRECTION ( 'NONE',  ( 0.000000000000000000, 1.000000000000000000, -0.000000000000000000 ) ) ;
#9135 = VECTOR ( 'NONE', #6301, 1000.000000000000000 ) ;
#9136 = FACE_OUTER_BOUND ( 'NONE', #3204, .T. ) ;
#9137 = ORIENTED_EDGE ( 'NONE', *, *, #9552, .T. ) ;
#9138 = LINE ( 'NONE', #2019, #9083 ) ;
#9139 = ORIENTED_EDGE ( 'NONE', *, *, #2122, .F. ) ;
#9140 = ORIENTED_EDGE ( 'NONE', *, *, #11513, .T. ) ;
#9141 = ORIENTED_EDGE ( 'NONE', *, *, #5860, .F. ) ;
#9142 = SURFACE_SIDE_STYLE ('',( #9852 ) ) ;
#9143 = DIRECTION ( 'NONE',  ( -1.000000000000000000, 0.000000000000000000, 4.280484862959055418E-16 ) ) ;
#9144 = EDGE_LOOP ( 'NONE', ( #4284, #489, #8960, #776 ) ) ;
#9145 = SURFACE_STYLE_USAGE ( .BOTH. , #6422 ) ;
#9146 = CARTESIAN_POINT ( 'NONE',  ( 6.350000000000001421, 0.5000000000000000000, -3.810000000000000941 ) ) ;
#9147 = CARTESIAN_POINT ( 'NONE',  ( 2.449511734408783337, 5.799999999999999822, 0.1000000000000000056 ) ) ;
#9148 = AXIS2_PLACEMENT_3D ( 'NONE', #6095, #2511, #7076 ) ;
#9149 = PRESENTATION_STYLE_ASSIGNMENT (( #8794 ) ) ;
#9150 = EDGE_CURVE ( 'NONE', #2522, #9439, #7966, .T. ) ;
#9151 = ADVANCED_FACE ( 'NONE', ( #205 ), #2000, .T. ) ;
#9152 = CARTESIAN_POINT ( 'NONE',  ( 4.712625812663587155, 4.799999999999999822, 3.500000000000000444 ) ) ;
#9153 = EDGE_CURVE ( 'NONE', #5770, #4241, #7803, .T. ) ;
#9154 = ORIENTED_EDGE ( 'NONE', *, *, #1638, .F. ) ;
#9155 = PLANE ( 'NONE',  #8015 ) ;
#9156 =( NAMED_UNIT ( * ) SI_UNIT ( $, .STERADIAN. ) SOLID_ANGLE_UNIT ( ) );
#9157 = DIRECTION ( 'NONE',  ( 1.000000000000000000, -0.000000000000000000, -0.000000000000000000 ) ) ;
#9158 = DIRECTION ( 'NONE',  ( -0.1736481776669316635, 0.000000000000000000, 0.9848077530122076872 ) ) ;
#9159 = FACE_OUTER_BOUND ( 'NONE', #9518, .T. ) ;
#9160 = ORIENTED_EDGE ( 'NONE', *, *, #5416, .T. ) ;
#9161 = CARTESIAN_POINT ( 'NONE',  ( 11.08428886495926058, 1.103909596859301789, -3.500000000000000444 ) ) ;
#9162 = SURFACE_SIDE_STYLE ('',( #629 ) ) ;
#9163 = EDGE_LOOP ( 'NONE', ( #6402, #10342, #9775, #11030 ) ) ;
#9164 = ORIENTED_EDGE ( 'NONE', *, *, #8549, .T. ) ;
#9165 = VERTEX_POINT ( 'NONE', #9031 ) ;
#9166 = DIRECTION ( 'NONE',  ( 0.1736481776669298316, 0.000000000000000000, -0.9848077530122081313 ) ) ;
#9167 = EDGE_CURVE ( 'NONE', #620, #3944, #286, .T. ) ;
#9168 = DIRECTION ( 'NONE',  ( -1.000000000000000000, -0.000000000000000000, -2.072739447398758462E-16 ) ) ;
#9169 = LINE ( 'NONE', #870, #1846 ) ;
#9170 = PRESENTATION_LAYER_ASSIGNMENT (  '', '', ( #8914 ) ) ;
#9171 = CARTESIAN_POINT ( 'NONE',  ( 10.05308532237714836, 4.799999999999999822, 3.500000000000000444 ) ) ;
#9172 = ADVANCED_FACE ( 'NONE', ( #4137 ), #1200, .F. ) ;
#9173 = AXIS2_PLACEMENT_3D ( 'NONE', #9483, #2389, #9408 ) ;
#9174 = ORIENTED_EDGE ( 'NONE', *, *, #250, .F. ) ;
#9175 = DIRECTION ( 'NONE',  ( -1.630660900174879311E-16, 0.000000000000000000, -1.000000000000000000 ) ) ;
#9176 = EDGE_CURVE ( 'NONE', #7135, #865, #7909, .T. ) ;
#9177 = VECTOR ( 'NONE', #6566, 1000.000000000000000 ) ;
#9178 = ORIENTED_EDGE ( 'NONE', *, *, #298, .F. ) ;
#9179 = CARTESIAN_POINT ( 'NONE',  ( -4.915711135040740309, 5.799999999999999822, -3.500000000000000444 ) ) ;
#9180 = DIRECTION ( 'NONE',  ( 0.9848077530122079093, 0.000000000000000000, 0.1736481776669312749 ) ) ;
#9181 = ORIENTED_EDGE ( 'NONE', *, *, #2598, .T. ) ;
#9182 = EDGE_LOOP ( 'NONE', ( #1782, #2572, #10722, #10004 ) ) ;
#9183 = DIRECTION ( 'NONE',  ( -1.000000000000000000, 0.000000000000000000, 0.000000000000000000 ) ) ;
#9184 = CARTESIAN_POINT ( 'NONE',  ( 11.08428886495926058, 4.799999999999999822, -3.500000000000000888 ) ) ;
#9185 = ORIENTED_EDGE ( 'NONE', *, *, #2039, .F. ) ;
#9186 = DIRECTION ( 'NONE',  ( -0.1736481776669302757, -0.000000000000000000, 0.9848077530122080203 ) ) ;
#9187 = DIRECTION ( 'NONE',  ( 0.000000000000000000, 1.000000000000000000, 0.000000000000000000 ) ) ;
#9188 = CARTESIAN_POINT ( 'NONE',  ( -2.220595954050198717, 4.799999999999999822, -2.550000000000000711 ) ) ;
#9189 = CARTESIAN_POINT ( 'NONE',  ( 5.779404045949801727, 4.799999999999999822, -2.550000000000000711 ) ) ;
#9190 = VECTOR ( 'NONE', #403, 1000.000000000000000 ) ;
#9191 = EDGE_CURVE ( 'NONE', #7698, #9676, #4195, .T. ) ;
#9192 = CARTESIAN_POINT ( 'NONE',  ( 13.77940404594980173, 5.799999999999999822, -2.550000000000000711 ) ) ;
#9193 = VECTOR ( 'NONE', #2257, 1000.000000000000114 ) ;
#9194 = ORIENTED_EDGE ( 'NONE', *, *, #9659, .T. ) ;
#9195 = EDGE_CURVE ( 'NONE', #819, #5519, #7822, .T. ) ;
#9196 = AXIS2_PLACEMENT_3D ( 'NONE', #4537, #5456, #7228 ) ;
#9197 = ADVANCED_FACE ( 'NONE', ( #8002 ), #1854, .F. ) ;
#9198 = CARTESIAN_POINT ( 'NONE',  ( 5.946914677622842760, 1.103909596859301789, -3.500000000000000444 ) ) ;
#9199 = ORIENTED_EDGE ( 'NONE', *, *, #5917, .T. ) ;
#9200 = VERTEX_POINT ( 'NONE', #1728 ) ;
#9201 = ORIENTED_EDGE ( 'NONE', *, *, #10140, .T. ) ;
#9202 = CARTESIAN_POINT ( 'NONE',  ( -3.809999999999999609, 0.5000000000000000000, -4.035000000000001030 ) ) ;
#9203 = DIRECTION ( 'NONE',  ( 0.000000000000000000, 0.000000000000000000, 1.000000000000000000 ) ) ;
#9204 = AXIS2_PLACEMENT_3D ( 'NONE', #2165, #5809, #6394 ) ;
#9205 = DIRECTION ( 'NONE',  ( 1.000000000000000000, 0.000000000000000000, 0.000000000000000000 ) ) ;
#9206 = CARTESIAN_POINT ( 'NONE',  ( 11.11986355566336648, 1.103909596859301789, -2.550000000000000711 ) ) ;
#9207 = MANIFOLD_SOLID_BREP ( 'LPattern3[1]', #3167 ) ;
#9208 = CIRCLE ( 'NONE', #5897, 0.4750000000000005884 ) ;
#9209 = LINE ( 'NONE', #3357, #9296 ) ;
#9210 = PLANE ( 'NONE',  #832 ) ;
#9211 = FACE_OUTER_BOUND ( 'NONE', #7320, .T. ) ;
#9212 = ORIENTED_EDGE ( 'NONE', *, *, #135, .F. ) ;
#9213 = ORIENTED_EDGE ( 'NONE', *, *, #6952, .T. ) ;
#9214 = ORIENTED_EDGE ( 'NONE', *, *, #8176, .F. ) ;
#9215 = AXIS2_PLACEMENT_3D ( 'NONE', #170, #1104, #7118 ) ;
#9216 = CARTESIAN_POINT ( 'NONE',  ( 2.234288864959254273, 5.799999999999999822, -3.500000000000000444 ) ) ;
#9217 = DIRECTION ( 'NONE',  ( -0.9848077530122079093, 0.000000000000000000, -0.1736481776669316635 ) ) ;
#9218 = ORIENTED_EDGE ( 'NONE', *, *, #11132, .T. ) ;
#9219 = CARTESIAN_POINT ( 'NONE',  ( 3.287374187336407516, 5.799999999999999822, -3.500000000000000000 ) ) ;
#9220 = ADVANCED_FACE ( 'NONE', ( #155 ), #3911, .T. ) ;
#9221 = CARTESIAN_POINT ( 'NONE',  ( 4.712625812663587155, 5.799999999999999822, 3.500000000000000444 ) ) ;
#9222 = PRESENTATION_STYLE_ASSIGNMENT (( #4267 ) ) ;
#9223 = DIRECTION ( 'NONE',  ( -0.000000000000000000, 1.000000000000000000, -0.000000000000000000 ) ) ;
#9224 = VECTOR ( 'NONE', #1103, 1000.000000000000000 ) ;
#9225 = AXIS2_PLACEMENT_3D ( 'NONE', #4297, #6939, #7811 ) ;
#9226 = PLANE ( 'NONE',  #7754 ) ;
#9227 =( NAMED_UNIT ( * ) PLANE_ANGLE_UNIT ( ) SI_UNIT ( $, .RADIAN. ) );
#9228 = AXIS2_PLACEMENT_3D ( 'NONE', #8339, #3921, #4832 ) ;
#9229 = DIRECTION ( 'NONE',  ( -1.000000000000000000, 0.000000000000000000, 1.630660900174879311E-16 ) ) ;
#9230 = DIRECTION ( 'NONE',  ( 0.9848077530122079093, -0.000000000000000000, 0.1736481776669313026 ) ) ;
#9231 = DIRECTION ( 'NONE',  ( 0.000000000000000000, 1.000000000000000000, 0.000000000000000000 ) ) ;
#9232 = ORIENTED_EDGE ( 'NONE', *, *, #4561, .F. ) ;
#9233 = DIRECTION ( 'NONE',  ( 0.1736481776669313026, -0.000000000000000000, -0.9848077530122079093 ) ) ;
#9234 = SURFACE_SIDE_STYLE ('',( #8233 ) ) ;
#9235 = ORIENTED_EDGE ( 'NONE', *, *, #1214, .F. ) ;
#9236 = ORIENTED_EDGE ( 'NONE', *, *, #8763, .T. ) ;
#9237 = EDGE_CURVE ( 'NONE', #3905, #3282, #173, .T. ) ;
#9238 = VERTEX_POINT ( 'NONE', #2618 ) ;
#9239 = CARTESIAN_POINT ( 'NONE',  ( 2.234288864959256049, 5.799999999999999822, -3.500000000000000444 ) ) ;
#9240 = EDGE_CURVE ( 'NONE', #8105, #9018, #567, .T. ) ;
#9241 = DIRECTION ( 'NONE',  ( -0.000000000000000000, 1.000000000000000000, -0.000000000000000000 ) ) ;
#9242 = CYLINDRICAL_SURFACE ( 'NONE', #2703, 0.4750000000000005884 ) ;
#9243 = ADVANCED_FACE ( 'NONE', ( #4557 ), #4154, .F. ) ;
#9244 = VECTOR ( 'NONE', #5474, 1000.000000000000114 ) ;
#9245 = PLANE ( 'NONE',  #10332 ) ;
#9246 = CIRCLE ( 'NONE', #4808, 0.4750000000000005884 ) ;
#9247 = CLOSED_SHELL ( 'NONE', ( #1695, #11174, #7336, #2861 ) ) ;
#9248 = EDGE_CURVE ( 'NONE', #6854, #8460, #4479, .T. ) ;
#9249 = DIRECTION ( 'NONE',  ( -0.1736481776669302757, -0.000000000000000000, 0.9848077530122080203 ) ) ;
#9250 = COLOUR_RGB ( '',0.7529411764705882248, 0.000000000000000000, 0.000000000000000000 ) ;
#9251 = ORIENTED_EDGE ( 'NONE', *, *, #7580, .F. ) ;
#9252 = VECTOR ( 'NONE', #3925, 1000.000000000000000 ) ;
#9253 = DIRECTION ( 'NONE',  ( 0.000000000000000000, 0.000000000000000000, -1.000000000000000000 ) ) ;
#9254 = ORIENTED_EDGE ( 'NONE', *, *, #9432, .T. ) ;
#9255 = EDGE_CURVE ( 'NONE', #10489, #1594, #8468, .T. ) ;
#9256 = MECHANICAL_DESIGN_GEOMETRIC_PRESENTATION_REPRESENTATION (  '', ( #5075 ), #11304 ) ;
#9257 = CARTESIAN_POINT ( 'NONE',  ( -10.05308532237715724, 4.799999999999999822, -3.500000000000000444 ) ) ;
#9258 = CARTESIAN_POINT ( 'NONE',  ( -10.22059595405019827, 5.799999999999999822, -2.550000000000000711 ) ) ;
#9259 = CARTESIAN_POINT ( 'NONE',  ( -2.220595954050198717, 5.799999999999999822, -2.550000000000000711 ) ) ;
#9260 = LINE ( 'NONE', #8935, #9319 ) ;
#9261 =( NAMED_UNIT ( * ) PLANE_ANGLE_UNIT ( ) SI_UNIT ( $, .RADIAN. ) );
#9262 =( LENGTH_UNIT ( ) NAMED_UNIT ( * ) SI_UNIT ( .MILLI., .METRE. ) );
#9263 = FACE_OUTER_BOUND ( 'NONE', #9093, .T. ) ;
#9264 = UNCERTAINTY_MEASURE_WITH_UNIT (LENGTH_MEASURE( 1.000000000000000082E-05 ), #953, 'distance_accuracy_value', 'NONE');
#9265 = ORIENTED_EDGE ( 'NONE', *, *, #1770, .F. ) ;
#9266 = DIRECTION ( 'NONE',  ( -1.000000000000000000, 0.000000000000000000, -2.072739447398758462E-16 ) ) ;
#9267 = LINE ( 'NONE', #8622, #5558 ) ;
#9268 = EDGE_LOOP ( 'NONE', ( #8790, #6324, #7955, #40 ) ) ;
#9269 = COLOUR_RGB ( '',0.7529411764705882248, 0.000000000000000000, 0.000000000000000000 ) ;
#9270 = VERTEX_POINT ( 'NONE', #9711 ) ;
#9271 = PLANE ( 'NONE',  #8711 ) ;
#9272 = PLANE ( 'NONE',  #10644 ) ;
#9273 = EDGE_LOOP ( 'NONE', ( #11361, #558, #8155, #3111 ) ) ;
#9274 = DIRECTION ( 'NONE',  ( 0.000000000000000000, 1.000000000000000000, 0.000000000000000000 ) ) ;
#9275 = DIRECTION ( 'NONE',  ( 0.000000000000000000, -0.000000000000000000, 1.000000000000000000 ) ) ;
#9276 = FACE_OUTER_BOUND ( 'NONE', #8906, .T. ) ;
#9277 = LINE ( 'NONE', #3811, #5175 ) ;
#9278 = DIRECTION ( 'NONE',  ( -0.000000000000000000, 0.000000000000000000, -1.000000000000000000 ) ) ;
#9279 = PLANE ( 'NONE',  #9743 ) ;
#9280 = VERTEX_POINT ( 'NONE', #7493 ) ;
#9281 = ADVANCED_FACE ( 'NONE', ( #4461 ), #5166, .F. ) ;
#9282 = DIRECTION ( 'NONE',  ( 1.000000000000000000, 0.000000000000000000, -3.465154412871614037E-16 ) ) ;
#9283 = AXIS2_PLACEMENT_3D ( 'NONE', #1674, #4015, #4934 ) ;
#9284 = VECTOR ( 'NONE', #10083, 999.9999999999998863 ) ;
#9285 = ORIENTED_EDGE ( 'NONE', *, *, #7285, .F. ) ;
#9286 = CARTESIAN_POINT ( 'NONE',  ( 12.71262581266358715, 4.799999999999999822, 3.500000000000000444 ) ) ;
#9287 = VERTEX_POINT ( 'NONE', #679 ) ;
#9288 = EDGE_CURVE ( 'NONE', #6401, #3473, #4383, .T. ) ;
#9289 = EDGE_CURVE ( 'NONE', #5488, #5714, #4363, .T. ) ;
#9290 = DIRECTION ( 'NONE',  ( 0.000000000000000000, 0.000000000000000000, -1.000000000000000000 ) ) ;
#9291 = PLANE ( 'NONE',  #718 ) ;
#9292 = CARTESIAN_POINT ( 'NONE',  ( 4.880136444336628188, 5.799999999999999822, 2.550000000000000711 ) ) ;
#9293 = CARTESIAN_POINT ( 'NONE',  ( 0.2205331856370010557, 3.456497115745557291, -0.7757058463255043224 ) ) ;
#9294 = EDGE_LOOP ( 'NONE', ( #10892, #4087 ) ) ;
#9295 = CARTESIAN_POINT ( 'NONE',  ( 2.234288864959256049, 4.799999999999999822, -3.500000000000000444 ) ) ;
#9296 = VECTOR ( 'NONE', #4076, 1000.000000000000000 ) ;
#9297 = CARTESIAN_POINT ( 'NONE',  ( 10.23428886495925560, 5.799999999999999822, -3.500000000000000444 ) ) ;
#9298 = CARTESIAN_POINT ( 'NONE',  ( 13.41352556097973547, 5.799999999999999822, -0.4750000000000000333 ) ) ;
#9299 = AXIS2_PLACEMENT_3D ( 'NONE', #6052, #9413, #9341 ) ;
#9300 = CARTESIAN_POINT ( 'NONE',  ( -4.880136444336633517, 4.799999999999999822, -2.550000000000000711 ) ) ;
#9301 = DIRECTION ( 'NONE',  ( -0.1736481776669316635, 0.000000000000000000, 0.9848077530122076872 ) ) ;
#9302 = FACE_OUTER_BOUND ( 'NONE', #11501, .T. ) ;
#9303 = DIRECTION ( 'NONE',  ( 0.000000000000000000, 1.000000000000000000, 0.000000000000000000 ) ) ;
#9304 = ORIENTED_EDGE ( 'NONE', *, *, #8433, .F. ) ;
#9306 = AXIS2_PLACEMENT_3D ( 'NONE', #7708, #11356, #11204 ) ;
#9305 = DIRECTION ( 'NONE',  ( 0.000000000000000000, 1.000000000000000000, 0.000000000000000000 ) ) ;
#9307 = CARTESIAN_POINT ( 'NONE',  ( -5.946914677622851642, 1.103909596859301789, 3.500000000000000444 ) ) ;
#9308 = VECTOR ( 'NONE', #8512, 1000.000000000000000 ) ;
#9309 = VERTEX_POINT ( 'NONE', #2542 ) ;
#9310 = VERTEX_POINT ( 'NONE', #5641 ) ;
#9311 = PLANE ( 'NONE',  #1135 ) ;
#9312 = PRESENTATION_LAYER_ASSIGNMENT (  '', '', ( #6643 ) ) ;
#9313 = ORIENTED_EDGE ( 'NONE', *, *, #8432, .F. ) ;
#9314 = STYLED_ITEM ( 'NONE', ( #1664 ), #1336 ) ;
#9315 = EDGE_CURVE ( 'NONE', #8563, #7974, #4348, .T. ) ;
#9316 = ORIENTED_EDGE ( 'NONE', *, *, #11107, .F. ) ;
#9317 = CARTESIAN_POINT ( 'NONE',  ( 24.00000000000000000, 4.799999999999999822, 0.000000000000000000 ) ) ;
#9318 = ORIENTED_EDGE ( 'NONE', *, *, #10363, .F. ) ;
#9319 = VECTOR ( 'NONE', #9229, 1000.000000000000000 ) ;
#9320 = DIRECTION ( 'NONE',  ( 0.000000000000000000, 0.000000000000000000, -1.000000000000000000 ) ) ;
#9321 = CARTESIAN_POINT ( 'NONE',  ( 2.753985070693298898, 4.799999999999999822, -0.4749999999999989231 ) ) ;
#9322 = VECTOR ( 'NONE', #10977, 1000.000000000000000 ) ;
#9323 = VERTEX_POINT ( 'NONE', #10125 ) ;
#9324 = EDGE_CURVE ( 'NONE', #4604, #958, #786, .T. ) ;
#9325 = CARTESIAN_POINT ( 'NONE',  ( 13.24601492930669444, 4.799999999999999822, 0.4749999999999995892 ) ) ;
#9326 = DIRECTION ( 'NONE',  ( -0.1736481776669302757, 0.000000000000000000, 0.9848077530122080203 ) ) ;
#9327 = LINE ( 'NONE', #3878, #1643 ) ;
#9328 = ORIENTED_EDGE ( 'NONE', *, *, #1063, .F. ) ;
#9329 = LINE ( 'NONE', #1302, #9252 ) ;
#9330 = CARTESIAN_POINT ( 'NONE',  ( -3.119863555663371812, 5.799999999999999822, 2.550000000000000711 ) ) ;
#9331 = VERTEX_POINT ( 'NONE', #2156 ) ;
#9332 = VERTEX_POINT ( 'NONE', #3048 ) ;
#9333 = CARTESIAN_POINT ( 'NONE',  ( 1.599511734408781694, 5.799999999999999822, 0.09999999999999982514 ) ) ;
#9334 = EDGE_CURVE ( 'NONE', #8667, #10219, #4424, .T. ) ;
#9335 = CARTESIAN_POINT ( 'NONE',  ( 5.515222869449519116, 5.799999999999999822, 0.09999999999999982514 ) ) ;
#9336 = AXIS2_PLACEMENT_3D ( 'NONE', #3463, #10514, #7801 ) ;
#9337 = DIRECTION ( 'NONE',  ( 0.9848077530122080203, -0.000000000000000000, 0.1736481776669307753 ) ) ;
#9338 = ADVANCED_FACE ( 'NONE', ( #542 ), #8417, .T. ) ;
#9339 = ORIENTED_EDGE ( 'NONE', *, *, #8772, .T. ) ;
#9340 = FACE_OUTER_BOUND ( 'NONE', #5136, .T. ) ;
#9341 = DIRECTION ( 'NONE',  ( 0.1736481776669298038, 0.000000000000000000, -0.9848077530122082424 ) ) ;
#9342 = CARTESIAN_POINT ( 'NONE',  ( -3.809999999999999609, -7.450000000000000178, 3.584999999999999964 ) ) ;
#9343 = FACE_OUTER_BOUND ( 'NONE', #8328, .T. ) ;
#9344 = ORIENTED_EDGE ( 'NONE', *, *, #4615, .F. ) ;
#9345 = VECTOR ( 'NONE', #4941, 1000.000000000000114 ) ;
#9346 = ORIENTED_EDGE ( 'NONE', *, *, #1632, .F. ) ;
#9347 = LINE ( 'NONE', #4617, #9496 ) ;
#9348 = AXIS2_PLACEMENT_3D ( 'NONE', #11277, #7068, #642 ) ;
#9349 = ORIENTED_EDGE ( 'NONE', *, *, #2977, .T. ) ;
#9350 = DIRECTION ( 'NONE',  ( -0.1736481776669307753, 0.000000000000000000, 0.9848077530122080203 ) ) ;
#9351 = CARTESIAN_POINT ( 'NONE',  ( -2.753985070693306003, 5.799999999999999822, 0.4749999999999995892 ) ) ;
#9352 = ORIENTED_EDGE ( 'NONE', *, *, #3674, .T. ) ;
#9353 = CARTESIAN_POINT ( 'NONE',  ( 10.05308532237714836, 4.799999999999999822, 3.500000000000000444 ) ) ;
#9354 = DIRECTION ( 'NONE',  ( -0.000000000000000000, -1.000000000000000000, -0.000000000000000000 ) ) ;
#9355 = FACE_OUTER_BOUND ( 'NONE', #2941, .T. ) ;
#9356 = CARTESIAN_POINT ( 'NONE',  ( 5.550488265591215331, 5.799999999999999822, -0.09999999999999982514 ) ) ;
#9357 = CARTESIAN_POINT ( 'NONE',  ( -2.053085322377157684, 1.103909596859301789, -3.500000000000000444 ) ) ;
#9358 = CYLINDRICAL_SURFACE ( 'NONE', #5790, 0.2250000000000003664 ) ;
#9359 = ORIENTED_EDGE ( 'NONE', *, *, #9167, .T. ) ;
#9360 = LINE ( 'NONE', #2860, #1810 ) ;
#9361 = ORIENTED_EDGE ( 'NONE', *, *, #7466, .F. ) ;
#9362 = VECTOR ( 'NONE', #10551, 1000.000000000000000 ) ;
#9363 = ORIENTED_EDGE ( 'NONE', *, *, #678, .F. ) ;
#9364 = MECHANICAL_DESIGN_GEOMETRIC_PRESENTATION_REPRESENTATION (  '', ( #3091 ), #1165 ) ;
#9365 = CARTESIAN_POINT ( 'NONE',  ( 10.22059595405019117, 5.799999999999999822, 2.550000000000001155 ) ) ;
#9366 = CARTESIAN_POINT ( 'NONE',  ( -4.880136444336633517, 5.799999999999999822, -2.550000000000000711 ) ) ;
#9367 = EDGE_LOOP ( 'NONE', ( #293, #3908, #118, #8581 ) ) ;
#9368 = CARTESIAN_POINT ( 'NONE',  ( 1.634777130550475466, 4.799999999999999822, -0.09999999999999982514 ) ) ;
#9369 = EDGE_CURVE ( 'NONE', #9646, #11443, #8196, .T. ) ;
#9370 = SURFACE_STYLE_USAGE ( .BOTH. , #8473 ) ;
#9371 = CARTESIAN_POINT ( 'NONE',  ( -10.75398507069330556, 5.799999999999999822, 0.4749999999999995892 ) ) ;
#9372 = LINE ( 'NONE', #5546, #5273 ) ;
#9373 = EDGE_CURVE ( 'NONE', #2695, #3240, #8331, .T. ) ;
#9374 = DIRECTION ( 'NONE',  ( 0.000000000000000000, 1.000000000000000000, 0.000000000000000000 ) ) ;
#9375 = PLANE ( 'NONE',  #10633 ) ;
#9376 = DIRECTION ( 'NONE',  ( 0.000000000000000000, 0.000000000000000000, -1.000000000000000000 ) ) ;
#9377 = PLANE ( 'NONE',  #4509 ) ;
#9378 = ORIENTED_EDGE ( 'NONE', *, *, #8104, .F. ) ;
#9379 = DIRECTION ( 'NONE',  ( -0.000000000000000000, 1.000000000000000000, 0.000000000000000000 ) ) ;
#9380 = ADVANCED_FACE ( 'NONE', ( #8253 ), #4533, .F. ) ;
#9381 = DIRECTION ( 'NONE',  ( -1.000000000000000000, 0.000000000000000000, 1.630660900174878325E-16 ) ) ;
#9382 = LINE ( 'NONE', #9094, #9399 ) ;
#9383 = ORIENTED_EDGE ( 'NONE', *, *, #11114, .T. ) ;
#9384 = FACE_OUTER_BOUND ( 'NONE', #1267, .T. ) ;
#9385 = ADVANCED_FACE ( 'NONE', ( #524 ), #8048, .T. ) ;
#9386 = EDGE_CURVE ( 'NONE', #4084, #6253, #8445, .T. ) ;
#9387 = DIRECTION ( 'NONE',  ( -0.000000000000000000, 1.000000000000000000, -0.000000000000000000 ) ) ;
#9388 = ORIENTED_EDGE ( 'NONE', *, *, #8290, .F. ) ;
#9389 = CARTESIAN_POINT ( 'NONE',  ( -13.24601492930669977, 5.799999999999999822, -0.4749999999999988676 ) ) ;
#9390 = CLOSED_SHELL ( 'NONE', ( #7356, #3983, #1521, #1762, #7012, #10664 ) ) ;
#9391 = DIRECTION ( 'NONE',  ( 0.000000000000000000, 1.000000000000000000, -0.000000000000000000 ) ) ;
#9392 = EDGE_CURVE ( 'NONE', #3824, #5274, #652, .T. ) ;
#9393 = LINE ( 'NONE', #6515, #5348 ) ;
#9394 = DIRECTION ( 'NONE',  ( 0.000000000000000000, 1.000000000000000000, 0.000000000000000000 ) ) ;
#9395 = CARTESIAN_POINT ( 'NONE',  ( -12.91571113504074120, 1.103909596859301789, -3.500000000000000444 ) ) ;
#9396 = CIRCLE ( 'NONE', #91, 0.4750000000000005884 ) ;
#9397 = ORIENTED_EDGE ( 'NONE', *, *, #11527, .T. ) ;
#9398 = CARTESIAN_POINT ( 'NONE',  ( -1.269999999999999352, -7.450000000000000178, 4.035000000000000142 ) ) ;
#9399 = VECTOR ( 'NONE', #6373, 1000.000000000000000 ) ;
#9400 = ORIENTED_EDGE ( 'NONE', *, *, #10355, .T. ) ;
#9401 = LINE ( 'NONE', #8436, #9474 ) ;
#9402 = DIRECTION ( 'NONE',  ( 1.000000000000000000, 0.000000000000000000, -2.072739447398762653E-16 ) ) ;
#9403 = ORIENTED_EDGE ( 'NONE', *, *, #10249, .F. ) ;
#9404 = ADVANCED_FACE ( 'NONE', ( #4498 ), #7227, .T. ) ;
#9405 = VERTEX_POINT ( 'NONE', #3784 ) ;
#9406 = UNCERTAINTY_MEASURE_WITH_UNIT (LENGTH_MEASURE( 1.000000000000000082E-05 ), #4818, 'distance_accuracy_value', 'NONE');
#9407 = CARTESIAN_POINT ( 'NONE',  ( 9.850000000000001421, 1.103909596859301789, 3.500000000000000444 ) ) ;
#9408 = DIRECTION ( 'NONE',  ( 0.000000000000000000, 0.000000000000000000, -1.000000000000000000 ) ) ;
#9409 = DIRECTION ( 'NONE',  ( 0.000000000000000000, 1.000000000000000000, 0.000000000000000000 ) ) ;
#9410 = EDGE_CURVE ( 'NONE', #5062, #1399, #693, .T. ) ;
#9411 = LINE ( 'NONE', #3731, #9117 ) ;
#9412 = EDGE_CURVE ( 'NONE', #3124, #9070, #8508, .T. ) ;
#9413 = DIRECTION ( 'NONE',  ( 0.9848077530122082424, -0.000000000000000000, 0.1736481776669298038 ) ) ;
#9414 = PLANE ( 'NONE',  #5588 ) ;
#9415 = LINE ( 'NONE', #6648, #1415 ) ;
#9416 = ORIENTED_EDGE ( 'NONE', *, *, #11447, .F. ) ;
#9417 = CIRCLE ( 'NONE', #1637, 0.2249999999999999500 ) ;
#9418 = EDGE_LOOP ( 'NONE', ( #617, #9232, #4450, #2616 ) ) ;
#9419 = ORIENTED_EDGE ( 'NONE', *, *, #4096, .F. ) ;
#9420 = ORIENTED_EDGE ( 'NONE', *, *, #9837, .T. ) ;
#9421 = DIRECTION ( 'NONE',  ( 0.1736481776669307753, -0.000000000000000000, -0.9848077530122080203 ) ) ;
#9422 = CARTESIAN_POINT ( 'NONE',  ( 10.58647443902025564, 4.799999999999999822, 0.4750000000000004774 ) ) ;
#9423 = EDGE_LOOP ( 'NONE', ( #4126, #7771, #4527, #8728 ) ) ;
#9424 = ADVANCED_FACE ( 'NONE', ( #584 ), #2928, .T. ) ;
#9425 = CARTESIAN_POINT ( 'NONE',  ( -2.586474439020264526, 4.799999999999999822, -0.4750000000000000333 ) ) ;
#9426 = PLANE ( 'NONE',  #11418 ) ;
#9427 = EDGE_CURVE ( 'NONE', #5577, #787, #4632, .T. ) ;
#9428 = AXIS2_PLACEMENT_3D ( 'NONE', #4504, #8173, #9108 ) ;
#9429 = LINE ( 'NONE', #11244, #9581 ) ;
#9430 = AXIS2_PLACEMENT_3D ( 'NONE', #4874, #4193, #5843 ) ;
#9431 = CARTESIAN_POINT ( 'NONE',  ( -10.05308532237715724, 5.799999999999999822, -3.500000000000000444 ) ) ;
#9432 = EDGE_CURVE ( 'NONE', #6913, #2436, #8294, .T. ) ;
#9433 = EDGE_CURVE ( 'NONE', #8036, #1788, #4693, .T. ) ;
#9434 = LINE ( 'NONE', #2800, #5571 ) ;
#9435 = ORIENTED_EDGE ( 'NONE', *, *, #4841, .F. ) ;
#9436 = VECTOR ( 'NONE', #10485, 1000.000000000000000 ) ;
#9437 = ORIENTED_EDGE ( 'NONE', *, *, #1507, .F. ) ;
#9438 = LINE ( 'NONE', #5893, #1540 ) ;
#9439 = VERTEX_POINT ( 'NONE', #4457 ) ;
#9440 = DIRECTION ( 'NONE',  ( 0.000000000000000000, 0.000000000000000000, 1.000000000000000000 ) ) ;
#9441 = DIRECTION ( 'NONE',  ( -0.000000000000000000, 1.000000000000000000, -0.000000000000000000 ) ) ;
#9442 = STYLED_ITEM ( 'NONE', ( #9816 ), #446 ) ;
#9443 = ORIENTED_EDGE ( 'NONE', *, *, #3481, .T. ) ;
#9444 = CARTESIAN_POINT ( 'NONE',  ( 6.999999999999997335, 5.799999999999999822, 2.550000000000000266 ) ) ;
#9445 = CARTESIAN_POINT ( 'NONE',  ( -16.10000000000000142, 0.000000000000000000, 5.099999999999999645 ) ) ;
#9446 = FACE_OUTER_BOUND ( 'NONE', #6699, .T. ) ;
#9447 = EDGE_CURVE ( 'NONE', #895, #4619, #4540, .T. ) ;
#9448 = ADVANCED_FACE ( 'NONE', ( #4515 ), #10984, .T. ) ;
#9449 = CARTESIAN_POINT ( 'NONE',  ( 0.2205331856370010557, 5.799999999999999822, -1.250705846325504966 ) ) ;
#9450 = PLANE ( 'NONE',  #8526 ) ;
#9451 = PRESENTATION_LAYER_ASSIGNMENT (  '', '', ( #7195 ) ) ;
#9452 = DIRECTION ( 'NONE',  ( 1.000000000000000000, 0.000000000000000000, 0.000000000000000000 ) ) ;
#9453 = VECTOR ( 'NONE', #7250, 1000.000000000000000 ) ;
#9454 = DIRECTION ( 'NONE',  ( 0.000000000000000000, -1.000000000000000000, -0.000000000000000000 ) ) ;
#9455 = ORIENTED_EDGE ( 'NONE', *, *, #6518, .T. ) ;
#9456 = EDGE_CURVE ( 'NONE', #9676, #11403, #8423, .T. ) ;
#9457 = PLANE ( 'NONE',  #6675 ) ;
#9458 =( LENGTH_UNIT ( ) NAMED_UNIT ( * ) SI_UNIT ( .MILLI., .METRE. ) );
#9459 = FACE_OUTER_BOUND ( 'NONE', #3364, .T. ) ;
#9460 = ORIENTED_EDGE ( 'NONE', *, *, #1214, .T. ) ;
#9461 = ORIENTED_EDGE ( 'NONE', *, *, #9095, .T. ) ;
#9462 = DIRECTION ( 'NONE',  ( 0.000000000000000000, 0.000000000000000000, 1.000000000000000000 ) ) ;
#9463 = ORIENTED_EDGE ( 'NONE', *, *, #497, .T. ) ;
#9464 = DIRECTION ( 'NONE',  ( 1.000000000000000000, 0.000000000000000000, 0.000000000000000000 ) ) ;
#9465 = LINE ( 'NONE', #10724, #5759 ) ;
#9466 = DIRECTION ( 'NONE',  ( 1.000000000000000000, 0.000000000000000000, -0.000000000000000000 ) ) ;
#9467 = DIRECTION ( 'NONE',  ( 0.000000000000000000, 1.000000000000000000, 0.000000000000000000 ) ) ;
#9468 = FACE_OUTER_BOUND ( 'NONE', #7683, .T. ) ;
#9469 = ORIENTED_EDGE ( 'NONE', *, *, #6021, .F. ) ;
#9470 = ADVANCED_FACE ( 'NONE', ( #8316 ), #8401, .T. ) ;
#9471 = LINE ( 'NONE', #708, #1977 ) ;
#9472 = ORIENTED_EDGE ( 'NONE', *, *, #6166, .F. ) ;
#9473 = EDGE_CURVE ( 'NONE', #7990, #8627, #8489, .T. ) ;
#9474 = VECTOR ( 'NONE', #7756, 1000.000000000000000 ) ;
#9475 = ADVANCED_FACE ( 'NONE', ( #8354 ), #5523, .F. ) ;
#9476 = DIRECTION ( 'NONE',  ( -0.1736481776669316357, 0.000000000000000000, 0.9848077530122077983 ) ) ;
#9477 = AXIS2_PLACEMENT_3D ( 'NONE', #3624, #1073, #6263 ) ;
#9478 = SURFACE_SIDE_STYLE ('',( #6790 ) ) ;
#9479 = DIRECTION ( 'NONE',  ( 0.000000000000000000, -0.000000000000000000, 1.000000000000000000 ) ) ;
#9480 = ORIENTED_EDGE ( 'NONE', *, *, #823, .T. ) ;
#9481 = ORIENTED_EDGE ( 'NONE', *, *, #1370, .T. ) ;
#9482 = DIRECTION ( 'NONE',  ( -1.000000000000000000, 0.000000000000000000, 4.280484862959055418E-16 ) ) ;
#9483 = CARTESIAN_POINT ( 'NONE',  ( -1.269999999999999352, 0.5000000000000000000, 3.810000000000000053 ) ) ;
#9484 = CARTESIAN_POINT ( 'NONE',  ( -11.28737418733641285, 4.799999999999999822, 3.500000000000000444 ) ) ;
#9485 = LINE ( 'NONE', #31, #1783 ) ;
#9486 = STYLED_ITEM ( 'NONE', ( #4532 ), #5441 ) ;
#9487 = AXIS2_PLACEMENT_3D ( 'NONE', #1519, #7751, #9557 ) ;
#9488 = DIRECTION ( 'NONE',  ( -0.1736481776669299149, 0.000000000000000000, 0.9848077530122082424 ) ) ;
#9489 = VECTOR ( 'NONE', #4342, 999.9999999999998863 ) ;
#9490 = CARTESIAN_POINT ( 'NONE',  ( 4.915711135040734980, 4.799999999999999822, 3.499999999999999556 ) ) ;
#9491 = FACE_OUTER_BOUND ( 'NONE', #1985, .T. ) ;
#9492 = ORIENTED_EDGE ( 'NONE', *, *, #5047, .T. ) ;
#9493 = CARTESIAN_POINT ( 'NONE',  ( -1.634777130550480573, 5.799999999999999822, 0.1000000000000000056 ) ) ;
#9494 = LINE ( 'NONE', #3082, #5672 ) ;
#9495 = VERTEX_POINT ( 'NONE', #7100 ) ;
#9496 = VECTOR ( 'NONE', #6127, 1000.000000000000000 ) ;
#9497 = EDGE_CURVE ( 'NONE', #1223, #4826, #825, .T. ) ;
#9498 = ORIENTED_EDGE ( 'NONE', *, *, #9974, .T. ) ;
#9499 = ADVANCED_FACE ( 'NONE', ( #8552 ), #2181, .T. ) ;
#9500 = VERTEX_POINT ( 'NONE', #11051 ) ;
#9501 = SURFACE_SIDE_STYLE ('',( #3622 ) ) ;
#9502 = DIRECTION ( 'NONE',  ( 0.000000000000000000, 1.000000000000000000, 0.000000000000000000 ) ) ;
#9503 = DIRECTION ( 'NONE',  ( 2.072739447398762653E-16, -0.000000000000000000, 1.000000000000000000 ) ) ;
#9504 = FACE_OUTER_BOUND ( 'NONE', #1174, .T. ) ;
#9505 = CIRCLE ( 'NONE', #252, 0.4750000000000005884 ) ;
#9506 = CARTESIAN_POINT ( 'NONE',  ( -1.000000000000002665, 5.799999999999999822, 3.500000000000001332 ) ) ;
#9507 = PRESENTATION_LAYER_ASSIGNMENT (  '', '', ( #5876 ) ) ;
#9508 = CIRCLE ( 'NONE', #2442, 0.4750000000000004774 ) ;
#9509 = ORIENTED_EDGE ( 'NONE', *, *, #9879, .T. ) ;
#9510 = EDGE_CURVE ( 'NONE', #9200, #7522, #4673, .T. ) ;
#9511 = FACE_OUTER_BOUND ( 'NONE', #2097, .T. ) ;
#9512 = ORIENTED_EDGE ( 'NONE', *, *, #1322, .T. ) ;
#9513 = LINE ( 'NONE', #4392, #1812 ) ;
#9514 = ORIENTED_EDGE ( 'NONE', *, *, #2868, .T. ) ;
#9515 = CARTESIAN_POINT ( 'NONE',  ( 13.55048826559121444, 4.799999999999999822, -0.09999999999999982514 ) ) ;
#9516 = DIRECTION ( 'NONE',  ( -0.000000000000000000, 1.000000000000000000, -0.000000000000000000 ) ) ;
#9517 = DIRECTION ( 'NONE',  ( 0.1736481776669298316, 0.000000000000000000, -0.9848077530122082424 ) ) ;
#9518 = EDGE_LOOP ( 'NONE', ( #2503, #2600, #9668, #989 ) ) ;
#9519 = AXIS2_PLACEMENT_3D ( 'NONE', #5171, #10550, #1809 ) ;
#9520 = ADVANCED_FACE ( 'NONE', ( #864 ), #2484, .T. ) ;
#9521 = DIRECTION ( 'NONE',  ( 0.000000000000000000, 0.000000000000000000, -1.000000000000000000 ) ) ;
#9522 = CARTESIAN_POINT ( 'NONE',  ( 10.23428886495925560, 4.799999999999999822, -3.500000000000000444 ) ) ;
#9523 = VECTOR ( 'NONE', #9880, 999.9999999999998863 ) ;
#9524 = CARTESIAN_POINT ( 'NONE',  ( 1.270000000000000240, 0.5000000000000000000, 3.810000000000000053 ) ) ;
#9525 = DIRECTION ( 'NONE',  ( -0.1736481776669299149, 0.000000000000000000, 0.9848077530122082424 ) ) ;
#9526 = CARTESIAN_POINT ( 'NONE',  ( -0.2205331856370015831, 5.799999999999999822, 1.725705846325505499 ) ) ;
#9527 = LINE ( 'NONE', #2325, #9887 ) ;
#9528 = DIRECTION ( 'NONE',  ( 0.1736481776669312471, 0.000000000000000000, -0.9848077530122079093 ) ) ;
#9529 = ORIENTED_EDGE ( 'NONE', *, *, #3743, .T. ) ;
#9530 = FILL_AREA_STYLE_COLOUR ( '', #2627 ) ;
#9531 = ORIENTED_EDGE ( 'NONE', *, *, #3528, .F. ) ;
#9532 = PRESENTATION_LAYER_ASSIGNMENT (  '', '', ( #9933 ) ) ;
#9533 = ORIENTED_EDGE ( 'NONE', *, *, #6208, .T. ) ;
#9534 = FILL_AREA_STYLE ('',( #974 ) ) ;
#9535 = CARTESIAN_POINT ( 'NONE',  ( -15.35000000000000320, 0.5000000000000000000, -5.100000000000000533 ) ) ;
#9536 = ORIENTED_EDGE ( 'NONE', *, *, #2168, .F. ) ;
#9537 = DIRECTION ( 'NONE',  ( 0.1736481776669298038, 0.000000000000000000, -0.9848077530122082424 ) ) ;
#9538 = CIRCLE ( 'NONE', #685, 0.4750000000000005884 ) ;
#9539 = CARTESIAN_POINT ( 'NONE',  ( 5.779404045949801727, 1.103909596859301789, -2.550000000000000711 ) ) ;
#9540 = ADVANCED_FACE ( 'NONE', ( #8591 ), #8702, .T. ) ;
#9541 = CARTESIAN_POINT ( 'NONE',  ( 2.753985070693298898, 5.799999999999999822, -0.4749999999999989231 ) ) ;
#9542 = CARTESIAN_POINT ( 'NONE',  ( -5.246014929306701546, 1.103909596859301789, -0.4749999999999989231 ) ) ;
#9543 = FACE_OUTER_BOUND ( 'NONE', #10155, .T. ) ;
#9544 = ORIENTED_EDGE ( 'NONE', *, *, #8466, .T. ) ;
#9545 = UNCERTAINTY_MEASURE_WITH_UNIT (LENGTH_MEASURE( 1.000000000000000082E-05 ), #8998, 'distance_accuracy_value', 'NONE');
#9546 = EDGE_LOOP ( 'NONE', ( #1564, #4237, #526, #10607 ) ) ;
#9547 = ORIENTED_EDGE ( 'NONE', *, *, #4806, .T. ) ;
#9548 = CARTESIAN_POINT ( 'NONE',  ( 4.915711135040734980, 4.799999999999999822, 3.499999999999999556 ) ) ;
#9549 = DIRECTION ( 'NONE',  ( -0.000000000000000000, 1.000000000000000000, 0.000000000000000000 ) ) ;
#9550 = ORIENTED_EDGE ( 'NONE', *, *, #11132, .F. ) ;
#9551 = EDGE_CURVE ( 'NONE', #1956, #681, #887, .T. ) ;
#9552 = EDGE_CURVE ( 'NONE', #4145, #9566, #484, .T. ) ;
#9553 = CARTESIAN_POINT ( 'NONE',  ( -5.779404045949807944, 4.799999999999999822, 2.550000000000001155 ) ) ;
#9554 = EDGE_LOOP ( 'NONE', ( #5098, #1124, #9027, #4322 ) ) ;
#9555 = DIRECTION ( 'NONE',  ( -0.1736481776669299149, 0.000000000000000000, 0.9848077530122082424 ) ) ;
#9556 = CARTESIAN_POINT ( 'NONE',  ( 16.00000000000000000, 4.799999999999999822, 0.000000000000000000 ) ) ;
#9557 = DIRECTION ( 'NONE',  ( -1.000000000000000000, 0.000000000000000000, -2.072739447398758462E-16 ) ) ;
#9558 = LINE ( 'NONE', #8182, #5628 ) ;
#9559 = AXIS2_PLACEMENT_3D ( 'NONE', #5443, #6329, #5312 ) ;
#9560 = CARTESIAN_POINT ( 'NONE',  ( 14.40048826559121409, 5.799999999999999822, -0.1000000000000000056 ) ) ;
#9561 = LINE ( 'NONE', #249, #1865 ) ;
#9562 = EDGE_LOOP ( 'NONE', ( #4606, #2751, #7952, #7763 ) ) ;
#9563 = DIRECTION ( 'NONE',  ( 0.000000000000000000, -1.000000000000000000, 0.000000000000000000 ) ) ;
#9564 = DIRECTION ( 'NONE',  ( 1.000000000000000000, -0.000000000000000000, -0.000000000000000000 ) ) ;
#9565 = FACE_OUTER_BOUND ( 'NONE', #5113, .T. ) ;
#9566 = VERTEX_POINT ( 'NONE', #6818 ) ;
#9567 = CLOSED_SHELL ( 'NONE', ( #8494, #10515, #507, #2402 ) ) ;
#9568 = ADVANCED_FACE ( 'NONE', ( #8656 ), #8452, .T. ) ;
#9569 = EDGE_CURVE ( 'NONE', #3041, #7348, #1266, .T. ) ;
#9570 = AXIS2_PLACEMENT_3D ( 'NONE', #10064, #7370, #5746 ) ;
#9571 = ORIENTED_EDGE ( 'NONE', *, *, #3430, .T. ) ;
#9572 = MECHANICAL_DESIGN_GEOMETRIC_PRESENTATION_REPRESENTATION (  '', ( #7075 ), #5391 ) ;
#9573 = EDGE_CURVE ( 'NONE', #2312, #6198, #1087, .T. ) ;
#9574 = DIRECTION ( 'NONE',  ( 0.1736481776669312749, 0.000000000000000000, -0.9848077530122079093 ) ) ;
#9575 = ORIENTED_EDGE ( 'NONE', *, *, #9041, .F. ) ;
#9576 = EDGE_CURVE ( 'NONE', #1058, #2743, #922, .T. ) ;
#9577 = CARTESIAN_POINT ( 'NONE',  ( -12.88013644433663352, 5.799999999999999822, -2.550000000000000711 ) ) ;
#9578 = DIRECTION ( 'NONE',  ( 0.1736481776669313026, 0.000000000000000000, -0.9848077530122080203 ) ) ;
#9579 = CARTESIAN_POINT ( 'NONE',  ( 2.220595954050192056, 1.103909596859301789, 2.550000000000001155 ) ) ;
#9580 = DIRECTION ( 'NONE',  ( 0.000000000000000000, 1.000000000000000000, 0.000000000000000000 ) ) ;
#9581 = VECTOR ( 'NONE', #2390, 1000.000000000000000 ) ;
#9582 = DIRECTION ( 'NONE',  ( 0.000000000000000000, 0.000000000000000000, 1.000000000000000000 ) ) ;
#9583 = PRESENTATION_STYLE_ASSIGNMENT (( #8947 ) ) ;
#9584 = FACE_OUTER_BOUND ( 'NONE', #9973, .T. ) ;
#9585 = ORIENTED_EDGE ( 'NONE', *, *, #572, .F. ) ;
#9586 = EDGE_CURVE ( 'NONE', #179, #5904, #5112, .T. ) ;
#9587 = VECTOR ( 'NONE', #10916, 1000.000000000000000 ) ;
#9588 = EDGE_LOOP ( 'NONE', ( #6937, #6616, #1939, #2765 ) ) ;
#9589 = DIRECTION ( 'NONE',  ( -0.9848077530122079093, 0.000000000000000000, -0.1736481776669312749 ) ) ;
#9590 = ORIENTED_EDGE ( 'NONE', *, *, #7997, .F. ) ;
#9591 = EDGE_CURVE ( 'NONE', #6119, #2880, #9002, .T. ) ;
#9592 = SURFACE_SIDE_STYLE ('',( #1786 ) ) ;
#9593 = CARTESIAN_POINT ( 'NONE',  ( 6.999999999999997335, 5.799999999999999822, 3.500000000000001332 ) ) ;
#9594 = ADVANCED_FACE ( 'NONE', ( #5051 ), #704, .T. ) ;
#9595 = CARTESIAN_POINT ( 'NONE',  ( -16.10000000000000142, 0.000000000000000000, 4.350000000000000533 ) ) ;
#9596 = VERTEX_POINT ( 'NONE', #4770 ) ;
#9597 = EDGE_CURVE ( 'NONE', #3482, #1074, #1007, .T. ) ;
#9598 = AXIS2_PLACEMENT_3D ( 'NONE', #406, #9379, #3733 ) ;
#9599 = CARTESIAN_POINT ( 'NONE',  ( -6.400488265591218529, 5.799999999999999822, 0.09999999999999982514 ) ) ;
#9600 = VECTOR ( 'NONE', #4004, 999.9999999999998863 ) ;
#9601 = DIRECTION ( 'NONE',  ( -0.000000000000000000, 1.000000000000000000, -0.000000000000000000 ) ) ;
#9602 = CARTESIAN_POINT ( 'NONE',  ( 2.484777130550477331, 1.103909596859301789, -0.1000000000000000056 ) ) ;
#9603 = CARTESIAN_POINT ( 'NONE',  ( 6.999999999999997335, 5.799999999999999822, -3.500000000000000444 ) ) ;
#9604 = VECTOR ( 'NONE', #1976, 1000.000000000000000 ) ;
#9605 = CARTESIAN_POINT ( 'NONE',  ( -10.23428886495926449, 1.103909596859301789, 3.499999999999999556 ) ) ;
#9606 = ORIENTED_EDGE ( 'NONE', *, *, #1387, .F. ) ;
#9607 = CARTESIAN_POINT ( 'NONE',  ( 3.084288864959259691, 4.799999999999999822, -3.500000000000000444 ) ) ;
#9608 = LINE ( 'NONE', #3161, #9625 ) ;
#9609 = ORIENTED_EDGE ( 'NONE', *, *, #3224, .T. ) ;
#9610 = SURFACE_STYLE_FILL_AREA ( #691 ) ;
#9611 = MANIFOLD_SOLID_BREP ( 'LPattern2[21]', #5337 ) ;
#9612 = ORIENTED_EDGE ( 'NONE', *, *, #1027, .T. ) ;
#9613 = ORIENTED_EDGE ( 'NONE', *, *, #3481, .F. ) ;
#9614 = ADVANCED_FACE ( 'NONE', ( #945 ), #1748, .T. ) ;
#9615 = CARTESIAN_POINT ( 'NONE',  ( 14.40048826559121409, 5.799999999999999822, -0.1000000000000000056 ) ) ;
#9616 = EDGE_CURVE ( 'NONE', #6401, #11419, #967, .T. ) ;
#9617 = CARTESIAN_POINT ( 'NONE',  ( 5.765711135040735513, 4.799999999999999822, 3.499999999999999556 ) ) ;
#9618 = AXIS2_PLACEMENT_3D ( 'NONE', #1828, #3730, #2948 ) ;
#9619 = CARTESIAN_POINT ( 'NONE',  ( 2.234288864959256049, 5.799999999999999822, -3.500000000000000444 ) ) ;
#9620 = DIRECTION ( 'NONE',  ( 0.000000000000000000, 1.000000000000000000, 0.000000000000000000 ) ) ;
#9621 = LINE ( 'NONE', #2580, #1529 ) ;
#9622 = VECTOR ( 'NONE', #8482, 1000.000000000000000 ) ;
#9623 = ORIENTED_EDGE ( 'NONE', *, *, #7466, .T. ) ;
#9624 = DIRECTION ( 'NONE',  ( -0.000000000000000000, 1.000000000000000000, -0.000000000000000000 ) ) ;
#9625 = VECTOR ( 'NONE', #6744, 1000.000000000000000 ) ;
#9626 = ORIENTED_EDGE ( 'NONE', *, *, #5308, .T. ) ;
#9627 = PRESENTATION_STYLE_ASSIGNMENT (( #3142 ) ) ;
#9628 = FILL_AREA_STYLE ('',( #6259 ) ) ;
#9629 = PLANE ( 'NONE',  #11506 ) ;
#9630 = PLANE ( 'NONE',  #4032 ) ;
#9631 = ORIENTED_EDGE ( 'NONE', *, *, #2469, .F. ) ;
#9632 = AXIS2_PLACEMENT_3D ( 'NONE', #6059, #1743, #5982 ) ;
#9633 = DIRECTION ( 'NONE',  ( -0.000000000000000000, 0.000000000000000000, 1.000000000000000000 ) ) ;
#9634 = AXIS2_PLACEMENT_3D ( 'NONE', #10635, #7980, #11476 ) ;
#9635 = VERTEX_POINT ( 'NONE', #3647 ) ;
#9636 = PLANE ( 'NONE',  #8793 ) ;
#9637 = DIRECTION ( 'NONE',  ( -0.1736481776669313026, -0.000000000000000000, 0.9848077530122079093 ) ) ;
#9638 = PLANE ( 'NONE',  #2659 ) ;
#9639 = FACE_OUTER_BOUND ( 'NONE', #6354, .T. ) ;
#9640 = VECTOR ( 'NONE', #5170, 1000.000000000000000 ) ;
#9641 = ADVANCED_FACE ( 'NONE', ( #4836 ), #3506, .T. ) ;
#9642 = EDGE_CURVE ( 'NONE', #4723, #11420, #4793, .T. ) ;
#9643 = CARTESIAN_POINT ( 'NONE',  ( -1.599511734408786801, 4.799999999999999822, -0.1000000000000000056 ) ) ;
#9644 = VECTOR ( 'NONE', #2818, 1000.000000000000114 ) ;
#9645 =( GEOMETRIC_REPRESENTATION_CONTEXT ( 3 ) GLOBAL_UNCERTAINTY_ASSIGNED_CONTEXT ( ( #5408 ) ) GLOBAL_UNIT_ASSIGNED_CONTEXT ( ( #9262, #7674, #6554 ) ) REPRESENTATION_CONTEXT ( 'NONE', 'WORKASPACE' ) );
#9646 = VERTEX_POINT ( 'NONE', #2642 ) ;
#9647 = DIRECTION ( 'NONE',  ( 0.000000000000000000, -1.000000000000000000, -0.000000000000000000 ) ) ;
#9648 = LINE ( 'NONE', #8059, #5518 ) ;
#9649 = ORIENTED_EDGE ( 'NONE', *, *, #4471, .F. ) ;
#9650 = CIRCLE ( 'NONE', #8754, 0.2249999999999999500 ) ;
#9651 = VERTEX_POINT ( 'NONE', #940 ) ;
#9652 = DIRECTION ( 'NONE',  ( 0.000000000000000000, 1.000000000000000000, 0.000000000000000000 ) ) ;
#9653 = CARTESIAN_POINT ( 'NONE',  ( -13.55048826559121622, 4.799999999999999822, 0.1000000000000000056 ) ) ;
#9654 = ORIENTED_EDGE ( 'NONE', *, *, #6570, .T. ) ;
#9655 = AXIS2_PLACEMENT_3D ( 'NONE', #10982, #79, #8046 ) ;
#9656 = CARTESIAN_POINT ( 'NONE',  ( 24.00000000000000000, 4.799999999999999822, 0.000000000000000000 ) ) ;
#9657 = DIRECTION ( 'NONE',  ( 1.000000000000000000, 0.000000000000000000, -2.072739447398754025E-16 ) ) ;
#9658 = DIRECTION ( 'NONE',  ( 1.000000000000000000, -0.000000000000000000, -0.000000000000000000 ) ) ;
#9659 = EDGE_CURVE ( 'NONE', #7937, #8214, #8778, .T. ) ;
#9660 = CARTESIAN_POINT ( 'NONE',  ( -3.287374187336412845, 4.799999999999999822, 3.500000000000000444 ) ) ;
#9661 = FACE_OUTER_BOUND ( 'NONE', #9562, .T. ) ;
#9662 = DIRECTION ( 'NONE',  ( -0.1736481776669316357, 0.000000000000000000, 0.9848077530122076872 ) ) ;
#9663 = VECTOR ( 'NONE', #10030, 1000.000000000000000 ) ;
#9664 = LINE ( 'NONE', #4636, #5666 ) ;
#9665 = EDGE_LOOP ( 'NONE', ( #9514, #5398, #8447, #4603 ) ) ;
#9666 = AXIS2_PLACEMENT_3D ( 'NONE', #2163, #10893, #3059 ) ;
#9667 = CYLINDRICAL_SURFACE ( 'NONE', #7151, 0.4750000000000005884 ) ;
#9668 = ORIENTED_EDGE ( 'NONE', *, *, #729, .F. ) ;
#9669 = CYLINDRICAL_SURFACE ( 'NONE', #9983, 0.4750000000000005884 ) ;
#9670 = ADVANCED_FACE ( 'NONE', ( #8798 ), #4407, .T. ) ;
#9671 = CARTESIAN_POINT ( 'NONE',  ( 13.41352556097973547, 4.799999999999999822, -0.4750000000000000333 ) ) ;
#9672 = ORIENTED_EDGE ( 'NONE', *, *, #164, .F. ) ;
#9673 = VECTOR ( 'NONE', #6730, 1000.000000000000000 ) ;
#9674 = SURFACE_SIDE_STYLE ('',( #1599 ) ) ;
#9675 = CARTESIAN_POINT ( 'NONE',  ( 2.449511734408783337, 4.799999999999999822, 0.1000000000000000056 ) ) ;
#9676 = VERTEX_POINT ( 'NONE', #5267 ) ;
#9677 = CARTESIAN_POINT ( 'NONE',  ( -5.779404045949807944, 4.799999999999999822, 2.550000000000001155 ) ) ;
#9678 = CARTESIAN_POINT ( 'NONE',  ( 9.599511734408782360, 5.799999999999999822, 0.09999999999999982514 ) ) ;
#9679 = LINE ( 'NONE', #10378, #6299 ) ;
#9680 = FACE_OUTER_BOUND ( 'NONE', #5802, .T. ) ;
#9681 = DIRECTION ( 'NONE',  ( 2.072739447398754025E-16, -0.000000000000000000, 1.000000000000000000 ) ) ;
#9682 = DIRECTION ( 'NONE',  ( -0.1736481776669299149, 0.000000000000000000, 0.9848077530122082424 ) ) ;
#9683 = CARTESIAN_POINT ( 'NONE',  ( 9.850000000000001421, 4.799999999999999822, 3.500000000000000888 ) ) ;
#9684 = FACE_OUTER_BOUND ( 'NONE', #10346, .T. ) ;
#9685 = DIRECTION ( 'NONE',  ( 1.000000000000000000, 0.000000000000000000, -0.000000000000000000 ) ) ;
#9686 = VERTEX_POINT ( 'NONE', #5344 ) ;
#9687 = CARTESIAN_POINT ( 'NONE',  ( -1.850000000000002753, 1.103909596859301789, -3.500000000000000444 ) ) ;
#9688 = DIRECTION ( 'NONE',  ( 1.000000000000000000, 0.000000000000000000, 0.000000000000000000 ) ) ;
#9689 = ORIENTED_EDGE ( 'NONE', *, *, #6228, .F. ) ;
#9690 = LINE ( 'NONE', #1889, #6045 ) ;
#9691 = ORIENTED_EDGE ( 'NONE', *, *, #7192, .F. ) ;
#9692 = DIRECTION ( 'NONE',  ( 0.9848077530122082424, -0.000000000000000000, 0.1736481776669298871 ) ) ;
#9693 = LINE ( 'NONE', #984, #6176 ) ;
#9694 = ADVANCED_FACE ( 'NONE', ( #8988 ), #7993, .T. ) ;
#9695 = ORIENTED_EDGE ( 'NONE', *, *, #5606, .F. ) ;
#9696 = SURFACE_STYLE_USAGE ( .BOTH. , #8821 ) ;
#9697 = AXIS2_PLACEMENT_3D ( 'NONE', #1346, #3324, #2432 ) ;
#9698 = FACE_OUTER_BOUND ( 'NONE', #10369, .T. ) ;
#9699 = MANIFOLD_SOLID_BREP ( 'Boss-Extrude2[8]', #3748 ) ;
#9700 = DIRECTION ( 'NONE',  ( 1.000000000000000000, 0.000000000000000000, -2.072739447398754025E-16 ) ) ;
#9701 = EDGE_CURVE ( 'NONE', #3136, #6265, #8696, .T. ) ;
#9702 = DIRECTION ( 'NONE',  ( 0.000000000000000000, -1.000000000000000000, -0.000000000000000000 ) ) ;
#9703 = VERTEX_POINT ( 'NONE', #9731 ) ;
#9704 = VECTOR ( 'NONE', #2410, 1000.000000000000000 ) ;
#9705 = ORIENTED_EDGE ( 'NONE', *, *, #2415, .F. ) ;
#9706 = VECTOR ( 'NONE', #1668, 1000.000000000000000 ) ;
#9707 = DIRECTION ( 'NONE',  ( 0.000000000000000000, 0.000000000000000000, 1.000000000000000000 ) ) ;
#9708 = SURFACE_SIDE_STYLE ('',( #10159 ) ) ;
#9709 = ORIENTED_EDGE ( 'NONE', *, *, #2990, .T. ) ;
#9710 = VECTOR ( 'NONE', #550, 1000.000000000000000 ) ;
#9711 = CARTESIAN_POINT ( 'NONE',  ( 5.413525560979735474, 4.799999999999999822, -0.4750000000000000333 ) ) ;
#9712 = EDGE_LOOP ( 'NONE', ( #8810, #1835, #1362, #4700 ) ) ;
#9713 = ADVANCED_FACE ( 'NONE', ( #987 ), #4255, .T. ) ;
#9714 = DIRECTION ( 'NONE',  ( -0.000000000000000000, 1.000000000000000000, -0.000000000000000000 ) ) ;
#9715 = AXIS2_PLACEMENT_3D ( 'NONE', #274, #7079, #7347 ) ;
#9716 = CIRCLE ( 'NONE', #2360, 0.2249999999999999500 ) ;
#9717 = STYLED_ITEM ( 'NONE', ( #304 ), #9207 ) ;
#9718 = DIRECTION ( 'NONE',  ( 0.000000000000000000, 1.000000000000000000, 0.000000000000000000 ) ) ;
#9719 = DIRECTION ( 'NONE',  ( 0.000000000000000000, 1.000000000000000000, 0.000000000000000000 ) ) ;
#9720 = PRESENTATION_LAYER_ASSIGNMENT (  '', '', ( #9314 ) ) ;
#9721 = ORIENTED_EDGE ( 'NONE', *, *, #3186, .T. ) ;
#9722 = EDGE_CURVE ( 'NONE', #490, #2439, #4900, .T. ) ;
#9723 = EDGE_CURVE ( 'NONE', #4146, #10876, #4922, .T. ) ;
#9724 = LINE ( 'NONE', #11415, #5828 ) ;
#9725 = ORIENTED_EDGE ( 'NONE', *, *, #10495, .F. ) ;
#9726 = ORIENTED_EDGE ( 'NONE', *, *, #6288, .T. ) ;
#9727 = CARTESIAN_POINT ( 'NONE',  ( -9.634777130550480351, 4.799999999999999822, 0.1000000000000000056 ) ) ;
#9728 = EDGE_LOOP ( 'NONE', ( #3590, #6397, #6410, #11168 ) ) ;
#9729 = DIRECTION ( 'NONE',  ( 0.1736481776669298316, 0.000000000000000000, -0.9848077530122082424 ) ) ;
#9730 = EDGE_CURVE ( 'NONE', #10280, #1579, #4856, .T. ) ;
#9731 = CARTESIAN_POINT ( 'NONE',  ( -15.35000000000000320, 0.5000000000000000000, -5.100000000000000533 ) ) ;
#9732 = CARTESIAN_POINT ( 'NONE',  ( -2.753985070693306003, 4.799999999999999822, 0.4749999999999995892 ) ) ;
#9733 = LINE ( 'NONE', #1793, #5722 ) ;
#9734 = DIRECTION ( 'NONE',  ( 2.072739447398762653E-16, -0.000000000000000000, 1.000000000000000000 ) ) ;
#9735 = ADVANCED_FACE ( 'NONE', ( #8755 ), #9082, .T. ) ;
#9736 = DIRECTION ( 'NONE',  ( 0.000000000000000000, 1.000000000000000000, 0.000000000000000000 ) ) ;
#9737 = EDGE_CURVE ( 'NONE', #9111, #6177, #4944, .T. ) ;
#9738 = VECTOR ( 'NONE', #3744, 1000.000000000000000 ) ;
#9739 = EDGE_LOOP ( 'NONE', ( #3307, #5785 ) ) ;
#9740 = FACE_OUTER_BOUND ( 'NONE', #3068, .T. ) ;
#9741 = VERTEX_POINT ( 'NONE', #7396 ) ;
#9742 = EDGE_CURVE ( 'NONE', #1594, #11538, #5008, .T. ) ;
#9743 = AXIS2_PLACEMENT_3D ( 'NONE', #153, #303, #10696 ) ;
#9744 = VERTEX_POINT ( 'NONE', #3104 ) ;
#9745 = VECTOR ( 'NONE', #9516, 1000.000000000000000 ) ;
#9746 = DIRECTION ( 'NONE',  ( 0.000000000000000000, 1.000000000000000000, 0.000000000000000000 ) ) ;
#9747 = DIRECTION ( 'NONE',  ( -0.9848077530122079093, 0.000000000000000000, -0.1736481776669313026 ) ) ;
#9748 = CARTESIAN_POINT ( 'NONE',  ( 3.287374187336407516, 4.799999999999999822, -3.500000000000000000 ) ) ;
#9749 = EDGE_LOOP ( 'NONE', ( #9419, #8801 ) ) ;
#9750 = DIRECTION ( 'NONE',  ( 0.000000000000000000, 1.000000000000000000, 0.000000000000000000 ) ) ;
#9751 = LINE ( 'NONE', #10759, #1821 ) ;
#9752 = CARTESIAN_POINT ( 'NONE',  ( -10.75398507069330556, 1.103909596859301789, 0.4749999999999995892 ) ) ;
#9753 = DIRECTION ( 'NONE',  ( 0.1736481776669313026, -0.000000000000000000, -0.9848077530122079093 ) ) ;
#9754 = VECTOR ( 'NONE', #3407, 1000.000000000000000 ) ;
#9755 = CARTESIAN_POINT ( 'NONE',  ( -15.00000000000000000, 5.799999999999999822, 3.500000000000000444 ) ) ;
#9756 = CLOSED_SHELL ( 'NONE', ( #2547, #10337, #5099, #6993, #1741, #3029 ) ) ;
#9757 = CARTESIAN_POINT ( 'NONE',  ( -3.809999999999999609, -7.450000000000000178, -3.810000000000000941 ) ) ;
#9758 = ORIENTED_EDGE ( 'NONE', *, *, #5945, .T. ) ;
#9759 = VECTOR ( 'NONE', #10416, 1000.000000000000000 ) ;
#9760 = ADVANCED_FACE ( 'NONE', ( #5029 ), #1258, .T. ) ;
#9761 = VERTEX_POINT ( 'NONE', #10935 ) ;
#9762 = PLANE ( 'NONE',  #4394 ) ;
#9763 =( GEOMETRIC_REPRESENTATION_CONTEXT ( 3 ) GLOBAL_UNCERTAINTY_ASSIGNED_CONTEXT ( ( #6249 ) ) GLOBAL_UNIT_ASSIGNED_CONTEXT ( ( #1317, #1400, #4939 ) ) REPRESENTATION_CONTEXT ( 'NONE', 'WORKASPACE' ) );
#9764 = FACE_OUTER_BOUND ( 'NONE', #947, .T. ) ;
#9765 = EDGE_LOOP ( 'NONE', ( #6271, #1811, #4795, #1681 ) ) ;
#9766 = DIRECTION ( 'NONE',  ( 0.000000000000000000, 1.000000000000000000, 0.000000000000000000 ) ) ;
#9767 = VECTOR ( 'NONE', #5970, 999.9999999999998863 ) ;
#9768 = DIRECTION ( 'NONE',  ( 0.000000000000000000, -1.000000000000000000, 0.000000000000000000 ) ) ;
#9769 = STYLED_ITEM ( 'NONE', ( #3326 ), #4520 ) ;
#9770 = CIRCLE ( 'NONE', #1192, 0.4750000000000005884 ) ;
#9771 = AXIS2_PLACEMENT_3D ( 'NONE', #2095, #1304, #3852 ) ;
#9772 = VERTEX_POINT ( 'NONE', #4633 ) ;
#9773 = SURFACE_STYLE_USAGE ( .BOTH. , #3343 ) ;
#9774 = LINE ( 'NONE', #10023, #5924 ) ;
#9775 = ORIENTED_EDGE ( 'NONE', *, *, #1721, .T. ) ;
#9776 = VECTOR ( 'NONE', #6907, 999.9999999999998863 ) ;
#9777 = DIRECTION ( 'NONE',  ( 0.000000000000000000, -0.000000000000000000, 1.000000000000000000 ) ) ;
#9778 = CARTESIAN_POINT ( 'NONE',  ( -10.48477713055048000, 5.799999999999999822, 0.09999999999999982514 ) ) ;
#9779 = CARTESIAN_POINT ( 'NONE',  ( 13.55048826559121444, 4.799999999999999822, -0.09999999999999982514 ) ) ;
#9780 = ORIENTED_EDGE ( 'NONE', *, *, #10131, .T. ) ;
#9781 = LINE ( 'NONE', #3451, #2270 ) ;
#9782 = DIRECTION ( 'NONE',  ( 0.000000000000000000, -1.000000000000000000, 0.000000000000000000 ) ) ;
#9783 = EDGE_CURVE ( 'NONE', #7108, #1891, #1369, .T. ) ;
#9784 = ORIENTED_EDGE ( 'NONE', *, *, #2188, .F. ) ;
#9785 = DIRECTION ( 'NONE',  ( 0.000000000000000000, 1.000000000000000000, 0.000000000000000000 ) ) ;
#9786 = AXIS2_PLACEMENT_3D ( 'NONE', #361, #1303, #3926 ) ;
#9787 = FACE_OUTER_BOUND ( 'NONE', #4167, .T. ) ;
#9788 = EDGE_CURVE ( 'NONE', #3438, #3567, #5252, .T. ) ;
#9789 = DIRECTION ( 'NONE',  ( -0.000000000000000000, 1.000000000000000000, -0.000000000000000000 ) ) ;
#9790 = VECTOR ( 'NONE', #9019, 1000.000000000000114 ) ;
#9791 = CARTESIAN_POINT ( 'NONE',  ( -10.05308532237715724, 1.103909596859301789, -3.500000000000000444 ) ) ;
#9792 = DIRECTION ( 'NONE',  ( -0.1736481776669313026, -0.000000000000000000, 0.9848077530122079093 ) ) ;
#9793 = VERTEX_POINT ( 'NONE', #4714 ) ;
#9794 = FACE_OUTER_BOUND ( 'NONE', #52, .T. ) ;
#9795 = ORIENTED_EDGE ( 'NONE', *, *, #10122, .T. ) ;
#9796 = CYLINDRICAL_SURFACE ( 'NONE', #6796, 0.4750000000000005884 ) ;
#9797 = EDGE_CURVE ( 'NONE', #5244, #8541, #5460, .T. ) ;
#9798 = ORIENTED_EDGE ( 'NONE', *, *, #350, .F. ) ;
#9799 = CIRCLE ( 'NONE', #9559, 0.2249999999999999500 ) ;
#9800 = EDGE_LOOP ( 'NONE', ( #7349, #10434, #5751, #1588 ) ) ;
#9801 = EDGE_CURVE ( 'NONE', #5904, #1074, #9393, .T. ) ;
#9802 = CARTESIAN_POINT ( 'NONE',  ( 6.365222869449519649, 4.799999999999999822, 0.1000000000000000056 ) ) ;
#9803 = CARTESIAN_POINT ( 'NONE',  ( -3.809999999999999609, 0.5000000000000000000, 3.584999999999999964 ) ) ;
#9804 = AXIS2_PLACEMENT_3D ( 'NONE', #5586, #2105, #8194 ) ;
#9805 = FILL_AREA_STYLE ('',( #8785 ) ) ;
#9806 = DIRECTION ( 'NONE',  ( 1.000000000000000000, 0.000000000000000000, -2.072739447398754025E-16 ) ) ;
#9807 = LINE ( 'NONE', #6231, #5978 ) ;
#9808 = VECTOR ( 'NONE', #8035, 1000.000000000000114 ) ;
#9809 = CARTESIAN_POINT ( 'NONE',  ( 6.350000000000001421, -7.450000000000000178, 3.810000000000000053 ) ) ;
#9810 = FACE_OUTER_BOUND ( 'NONE', #5564, .T. ) ;
#9811 = VERTEX_POINT ( 'NONE', #5548 ) ;
#9812 = PRESENTATION_STYLE_ASSIGNMENT (( #2676 ) ) ;
#9813 = ORIENTED_EDGE ( 'NONE', *, *, #5818, .T. ) ;
#9814 = LINE ( 'NONE', #723, #6025 ) ;
#9815 = ORIENTED_EDGE ( 'NONE', *, *, #8483, .F. ) ;
#9816 = PRESENTATION_STYLE_ASSIGNMENT (( #6077 ) ) ;
#9817 = DIRECTION ( 'NONE',  ( -1.000000000000000000, 0.000000000000000000, -0.000000000000000000 ) ) ;
#9818 = DIRECTION ( 'NONE',  ( 0.000000000000000000, 1.000000000000000000, 0.000000000000000000 ) ) ;
#9819 = CARTESIAN_POINT ( 'NONE',  ( 6.350000000000001421, 0.5000000000000000000, 3.810000000000000053 ) ) ;
#9820 = ORIENTED_EDGE ( 'NONE', *, *, #455, .F. ) ;
#9821 = CARTESIAN_POINT ( 'NONE',  ( -5.246014929306701546, 4.799999999999999822, -0.4749999999999989231 ) ) ;
#9822 = CARTESIAN_POINT ( 'NONE',  ( -3.809999999999999609, 0.5000000000000000000, 3.810000000000000053 ) ) ;
#9823 = VECTOR ( 'NONE', #9233, 1000.000000000000000 ) ;
#9824 = ADVANCED_FACE ( 'NONE', ( #1547 ), #3964, .F. ) ;
#9825 = DIRECTION ( 'NONE',  ( 0.000000000000000000, 1.000000000000000000, 0.000000000000000000 ) ) ;
#9826 = DIRECTION ( 'NONE',  ( 0.000000000000000000, 0.000000000000000000, -1.000000000000000000 ) ) ;
#9827 = VECTOR ( 'NONE', #8493, 1000.000000000000000 ) ;
#9828 = ORIENTED_EDGE ( 'NONE', *, *, #4050, .T. ) ;
#9829 = VECTOR ( 'NONE', #10520, 1000.000000000000000 ) ;
#9830 = ORIENTED_EDGE ( 'NONE', *, *, #7209, .T. ) ;
#9831 = LINE ( 'NONE', #1003, #2189 ) ;
#9832 = AXIS2_PLACEMENT_3D ( 'NONE', #190, #3671, #3596 ) ;
#9833 = ORIENTED_EDGE ( 'NONE', *, *, #9586, .T. ) ;
#9834 = LINE ( 'NONE', #1476, #6125 ) ;
#9835 = EDGE_CURVE ( 'NONE', #4133, #11399, #9411, .T. ) ;
#9836 = EDGE_LOOP ( 'NONE', ( #1037, #938 ) ) ;
#9837 = EDGE_CURVE ( 'NONE', #7436, #10089, #1635, .T. ) ;
#9838 = CARTESIAN_POINT ( 'NONE',  ( 3.810000000000000941, -15.53639610306789187, -3.810000000000000941 ) ) ;
#9839 = LINE ( 'NONE', #5410, #10357 ) ;
#9840 = PLANE ( 'NONE',  #583 ) ;
#9841 = VECTOR ( 'NONE', #10946, 1000.000000000000000 ) ;
#9842 = ORIENTED_EDGE ( 'NONE', *, *, #1079, .T. ) ;
#9843 = CARTESIAN_POINT ( 'NONE',  ( -1.850000000000002753, 4.799999999999999822, -3.500000000000000444 ) ) ;
#9844 = ORIENTED_EDGE ( 'NONE', *, *, #2342, .F. ) ;
#9845 =( GEOMETRIC_REPRESENTATION_CONTEXT ( 3 ) GLOBAL_UNCERTAINTY_ASSIGNED_CONTEXT ( ( #3256 ) ) GLOBAL_UNIT_ASSIGNED_CONTEXT ( ( #6832, #6990, #10413 ) ) REPRESENTATION_CONTEXT ( 'NONE', 'WORKASPACE' ) );
#9846 = LINE ( 'NONE', #11473, #9886 ) ;
#9847 = CARTESIAN_POINT ( 'NONE',  ( -1.000000000000002665, 5.799999999999999822, 3.025000000000000799 ) ) ;
#9848 = CARTESIAN_POINT ( 'NONE',  ( -2.449511734408785113, 4.799999999999999822, -0.09999999999999982514 ) ) ;
#9849 = CARTESIAN_POINT ( 'NONE',  ( 10.44951173440878378, 4.799999999999999822, 0.1000000000000000056 ) ) ;
#9850 = ORIENTED_EDGE ( 'NONE', *, *, #2725, .T. ) ;
#9851 = EDGE_CURVE ( 'NONE', #2743, #10283, #1326, .T. ) ;
#9852 = SURFACE_STYLE_FILL_AREA ( #5211 ) ;
#9853 = CARTESIAN_POINT ( 'NONE',  ( 5.515222869449519116, 4.799999999999999822, 0.09999999999999982514 ) ) ;
#9854 = AXIS2_PLACEMENT_3D ( 'NONE', #2772, #9707, #2539 ) ;
#9855 = VERTEX_POINT ( 'NONE', #5700 ) ;
#9856 = PLANE ( 'NONE',  #2216 ) ;
#9857 = EDGE_CURVE ( 'NONE', #2548, #3824, #5235, .T. ) ;
#9858 = PLANE ( 'NONE',  #4722 ) ;
#9859 = FACE_OUTER_BOUND ( 'NONE', #4588, .T. ) ;
#9860 = CARTESIAN_POINT ( 'NONE',  ( -6.365222869449524978, 1.103909596859301789, -0.09999999999999982514 ) ) ;
#9861 = VECTOR ( 'NONE', #6530, 1000.000000000000000 ) ;
#9862 = CARTESIAN_POINT ( 'NONE',  ( -1.269999999999999352, -15.53639610306789187, 3.810000000000000053 ) ) ;
#9863 = EDGE_LOOP ( 'NONE', ( #5892, #11073, #3266, #5237 ) ) ;
#9864 =( NAMED_UNIT ( * ) PLANE_ANGLE_UNIT ( ) SI_UNIT ( $, .RADIAN. ) );
#9865 = FACE_OUTER_BOUND ( 'NONE', #9423, .T. ) ;
#9866 = CLOSED_SHELL ( 'NONE', ( #1137, #9129, #260, #411, #8920, #8225, #662, #11216, #6713, #2573, #1036, #7062, #10543, #2444, #4100, #4888, #4989, #10914, #1470, #4777, #4389, #5044, #8897, #4730, #5946, #6969, #6777, #2191, #6019, #7855, #3929, #6611, #126, #1182, #8697, #11085, #8652, #613, #5360, #8409, #5249, #10205, #3200, #1080, #9380, #9197, #3861, #8544, #1863, #8280, #1566, #10103, #9243, #11450, #11471, #4628, #9540, #3684, #6661, #3883, #8569, #580, #11133, #2350, #1469, #11154, #6745, #10388, #5890, #5719, #9670, #8675, #4324, #6772, #8439, #2473, #2930, #931, #1386, #4130, #6909, #689, #5865, #7203, #6272, #5717, #4054, #3175, #7312, #9220, #6722, #5232, #1813, #3979, #9694, #3400, #1232, #9, #9913, #6366, #1383, #8800, #3151, #5819, #9614, #3497, #9824, #2288, #1603, #8033, #554, #10002, #2501, #7282, #7570, #1493, #3353, #11379, #5340, #9641, #1541, #8722, #4440, #8875, #6862, #9475, #7724, #7037, #9172, #814, #4833, #8546, #8490, #3631, #2047, #2794, #9281, #7574, #9104, #10160, #2819, #2620, #3517, #2700, #7753, #7779, #10286, #5871, #5489, #4486, #11529, #9385, #3332, #4170, #2378, #1513, #856, #5147, #10736, #11108, #6940, #4993, #5270, #9871, #10568, #983, #7405, #8441, #3310, #5767, #2425, #6888, #7939, #782, #2985, #7829 ) ) ;
#9867 = EDGE_CURVE ( 'NONE', #10294, #620, #9372, .T. ) ;
#9868 = VECTOR ( 'NONE', #389, 1000.000000000000114 ) ;
#9869 = VECTOR ( 'NONE', #4797, 1000.000000000000000 ) ;
#9870 = VERTEX_POINT ( 'NONE', #169 ) ;
#9871 = ADVANCED_FACE ( 'NONE', ( #5363 ), #10098, .F. ) ;
#9872 = CARTESIAN_POINT ( 'NONE',  ( -6.400488265591218529, 4.799999999999999822, 0.09999999999999982514 ) ) ;
#9873 = ORIENTED_EDGE ( 'NONE', *, *, #586, .T. ) ;
#9874 = DIRECTION ( 'NONE',  ( -0.1736481776669307753, 0.000000000000000000, 0.9848077530122080203 ) ) ;
#9875 = DIRECTION ( 'NONE',  ( 0.000000000000000000, -0.000000000000000000, -1.000000000000000000 ) ) ;
#9876 = CARTESIAN_POINT ( 'NONE',  ( -10.75398507069330556, 4.799999999999999822, 0.4749999999999995892 ) ) ;
#9877 = DIRECTION ( 'NONE',  ( 0.000000000000000000, 1.000000000000000000, 0.000000000000000000 ) ) ;
#9878 = PLANE ( 'NONE',  #7174 ) ;
#9879 = EDGE_CURVE ( 'NONE', #8341, #6253, #1655, .T. ) ;
#9880 = DIRECTION ( 'NONE',  ( 0.1736481776669298871, 0.000000000000000000, -0.9848077530122082424 ) ) ;
#9881 = STYLED_ITEM ( 'NONE', ( #5960 ), #10631 ) ;
#9882 = CARTESIAN_POINT ( 'NONE',  ( 6.999999999999997335, 4.799999999999999822, 2.550000000000000266 ) ) ;
#9883 = VECTOR ( 'NONE', #1497, 1000.000000000000114 ) ;
#9884 = VERTEX_POINT ( 'NONE', #5405 ) ;
#9885 = CYLINDRICAL_SURFACE ( 'NONE', #6489, 0.2250000000000003664 ) ;
#9886 = VECTOR ( 'NONE', #3558, 1000.000000000000000 ) ;
#9887 = VECTOR ( 'NONE', #5900, 1000.000000000000000 ) ;
#9888 = ORIENTED_EDGE ( 'NONE', *, *, #7097, .T. ) ;
#9889 = AXIS2_PLACEMENT_3D ( 'NONE', #1125, #1996, #11515 ) ;
#9890 = LINE ( 'NONE', #9493, #9928 ) ;
#9891 = CARTESIAN_POINT ( 'NONE',  ( -1.269999999999999352, 0.5000000000000000000, -3.585000000000000853 ) ) ;
#9892 = DIRECTION ( 'NONE',  ( -0.000000000000000000, -0.000000000000000000, -1.000000000000000000 ) ) ;
#9893 = ORIENTED_EDGE ( 'NONE', *, *, #655, .F. ) ;
#9894 = ADVANCED_FACE ( 'NONE', ( #5219 ), #27, .T. ) ;
#9895 = PLANE ( 'NONE',  #10562 ) ;
#9896 = CARTESIAN_POINT ( 'NONE',  ( -13.51522286944952356, 5.799999999999999822, -0.1000000000000000056 ) ) ;
#9897 = CARTESIAN_POINT ( 'NONE',  ( -4.712625812663592484, 4.799999999999999822, -3.500000000000000000 ) ) ;
#9898 = FACE_OUTER_BOUND ( 'NONE', #7910, .T. ) ;
#9899 = CARTESIAN_POINT ( 'NONE',  ( -11.11986355566337181, 1.103909596859301789, 2.550000000000000711 ) ) ;
#9900 = VERTEX_POINT ( 'NONE', #8152 ) ;
#9901 = CARTESIAN_POINT ( 'NONE',  ( -13.77940404594980883, 4.799999999999999822, 2.550000000000001155 ) ) ;
#9902 = FACE_OUTER_BOUND ( 'NONE', #3685, .T. ) ;
#9903 = VECTOR ( 'NONE', #5253, 1000.000000000000000 ) ;
#9904 = LINE ( 'NONE', #3462, #6063 ) ;
#9905 = ORIENTED_EDGE ( 'NONE', *, *, #1406, .T. ) ;
#9906 = CARTESIAN_POINT ( 'NONE',  ( -4.880136444336633517, 4.799999999999999822, -2.550000000000000711 ) ) ;
#9907 = CARTESIAN_POINT ( 'NONE',  ( -9.000000000000003553, 4.799999999999999822, 3.025000000000000799 ) ) ;
#9908 = ORIENTED_EDGE ( 'NONE', *, *, #3164, .F. ) ;
#9909 = AXIS2_PLACEMENT_3D ( 'NONE', #10813, #2823, #4579 ) ;
#9910 = AXIS2_PLACEMENT_3D ( 'NONE', #6499, #9719, #7621 ) ;
#9911 = CARTESIAN_POINT ( 'NONE',  ( 12.91571113504073587, 4.799999999999999822, 3.499999999999999556 ) ) ;
#9912 = EDGE_CURVE ( 'NONE', #5504, #9111, #5388, .T. ) ;
#9913 = ADVANCED_FACE ( 'NONE', ( #9136 ), #9081, .F. ) ;
#9914 = DIRECTION ( 'NONE',  ( 0.000000000000000000, 0.000000000000000000, 1.000000000000000000 ) ) ;
#9915 = DIRECTION ( 'NONE',  ( 0.000000000000000000, 1.000000000000000000, 0.000000000000000000 ) ) ;
#9916 = PLANE ( 'NONE',  #8600 ) ;
#9918 = EDGE_CURVE ( 'NONE', #4782, #10877, #1441, .T. ) ;
#9917 = LINE ( 'NONE', #577, #6073 ) ;
#9919 = EDGE_LOOP ( 'NONE', ( #4357, #1249, #8744, #4303 ) ) ;
#9920 = PLANE ( 'NONE',  #4339 ) ;
#9921 = LINE ( 'NONE', #7703, #2059 ) ;
#9922 = DIRECTION ( 'NONE',  ( -1.630660900174879311E-16, 0.000000000000000000, -1.000000000000000000 ) ) ;
#9923 = LINE ( 'NONE', #7800, #2316 ) ;
#9924 = CARTESIAN_POINT ( 'NONE',  ( -12.91571113504074120, 4.799999999999999822, -3.500000000000000444 ) ) ;
#9925 = DIRECTION ( 'NONE',  ( 0.1736481776669307753, -0.000000000000000000, -0.9848077530122080203 ) ) ;
#9926 = ORIENTED_EDGE ( 'NONE', *, *, #3181, .F. ) ;
#9927 = EDGE_CURVE ( 'NONE', #6893, #9596, #5510, .T. ) ;
#9928 = VECTOR ( 'NONE', #11253, 1000.000000000000000 ) ;
#9929 = DIRECTION ( 'NONE',  ( 0.1736481776669298871, 0.000000000000000000, -0.9848077530122082424 ) ) ;
#9930 = ORIENTED_EDGE ( 'NONE', *, *, #9433, .F. ) ;
#9931 = DIRECTION ( 'NONE',  ( 2.072739447398754025E-16, 0.000000000000000000, 1.000000000000000000 ) ) ;
#9932 = EDGE_CURVE ( 'NONE', #4723, #6809, #1511, .T. ) ;
#9933 = STYLED_ITEM ( 'NONE', ( #9583 ), #3659 ) ;
#9934 = CARTESIAN_POINT ( 'NONE',  ( 2.753985070693298898, 5.799999999999999822, -0.4749999999999989231 ) ) ;
#9935 = COLOUR_RGB ( '',0.7529411764705882248, 0.000000000000000000, 0.000000000000000000 ) ;
#9936 = CARTESIAN_POINT ( 'NONE',  ( 1.599511734408781694, 1.103909596859301789, 0.09999999999999982514 ) ) ;
#9937 = EDGE_LOOP ( 'NONE', ( #9265, #6010, #9815, #9705 ) ) ;
#9938 = DIRECTION ( 'NONE',  ( 0.000000000000000000, 1.000000000000000000, 0.000000000000000000 ) ) ;
#9939 = LINE ( 'NONE', #3402, #2249 ) ;
#9940 = FACE_OUTER_BOUND ( 'NONE', #6418, .T. ) ;
#9941 = FACE_OUTER_BOUND ( 'NONE', #9953, .T. ) ;
#9942 = CARTESIAN_POINT ( 'NONE',  ( 13.41352556097973547, 5.799999999999999822, -0.4750000000000000333 ) ) ;
#9943 = ORIENTED_EDGE ( 'NONE', *, *, #7611, .F. ) ;
#9944 = DIRECTION ( 'NONE',  ( -0.1736481776669299149, 0.000000000000000000, 0.9848077530122082424 ) ) ;
#9945 = ORIENTED_EDGE ( 'NONE', *, *, #11340, .T. ) ;
#9946 = PLANE ( 'NONE',  #8313 ) ;
#9947 = SURFACE_STYLE_USAGE ( .BOTH. , #2797 ) ;
#9948 = DIRECTION ( 'NONE',  ( -0.000000000000000000, 1.000000000000000000, -0.000000000000000000 ) ) ;
#9949 = CARTESIAN_POINT ( 'NONE',  ( 5.080000000000000071, -7.450000000000000178, 0.000000000000000000 ) ) ;
#9950 = DIRECTION ( 'NONE',  ( -0.1736481776669302757, 0.000000000000000000, 0.9848077530122080203 ) ) ;
#9951 = EDGE_CURVE ( 'NONE', #11162, #3542, #9260, .T. ) ;
#9952 = LINE ( 'NONE', #2890, #5863 ) ;
#9953 = EDGE_LOOP ( 'NONE', ( #2253, #9905, #1252, #6154 ) ) ;
#9954 = PLANE ( 'NONE',  #223 ) ;
#9955 = UNCERTAINTY_MEASURE_WITH_UNIT (LENGTH_MEASURE( 1.000000000000000082E-05 ), #7658, 'distance_accuracy_value', 'NONE');
#9956 = FACE_OUTER_BOUND ( 'NONE', #2170, .T. ) ;
#9957 = LINE ( 'NONE', #7106, #9903 ) ;
#9958 = LINE ( 'NONE', #5478, #2266 ) ;
#9959 = ORIENTED_EDGE ( 'NONE', *, *, #1536, .T. ) ;
#9960 = LINE ( 'NONE', #5284, #5973 ) ;
#9961 = CARTESIAN_POINT ( 'NONE',  ( 14.99999999999999822, 4.799999999999999822, 3.025000000000000799 ) ) ;
#9962 = ADVANCED_FACE ( 'NONE', ( #1530 ), #1616, .T. ) ;
#9963 = DIRECTION ( 'NONE',  ( 0.000000000000000000, 1.000000000000000000, 0.000000000000000000 ) ) ;
#9964 = VERTEX_POINT ( 'NONE', #7319 ) ;
#9965 = DIRECTION ( 'NONE',  ( -0.1736481776669299149, 0.000000000000000000, 0.9848077530122082424 ) ) ;
#9966 = EDGE_CURVE ( 'NONE', #7127, #5244, #5412, .T. ) ;
#9967 = DIRECTION ( 'NONE',  ( -0.000000000000000000, 1.000000000000000000, 0.000000000000000000 ) ) ;
#9968 = DIRECTION ( 'NONE',  ( 1.000000000000000000, 0.000000000000000000, -2.072739447398754025E-16 ) ) ;
#9969 = AXIS2_PLACEMENT_3D ( 'NONE', #11045, #3697, #2921 ) ;
#9970 = DIRECTION ( 'NONE',  ( -0.1736481776669299149, 0.000000000000000000, 0.9848077530122082424 ) ) ;
#9971 = AXIS2_PLACEMENT_3D ( 'NONE', #7053, #9734, #4178 ) ;
#9972 = CARTESIAN_POINT ( 'NONE',  ( -9.000000000000003553, 1.103909596859301789, 2.550000000000000266 ) ) ;
#9973 = EDGE_LOOP ( 'NONE', ( #5972, #6698, #5502, #6636 ) ) ;
#9974 = EDGE_CURVE ( 'NONE', #7450, #11383, #9277, .T. ) ;
#9975 = LINE ( 'NONE', #5369, #5903 ) ;
#9976 = FACE_OUTER_BOUND ( 'NONE', #11211, .T. ) ;
#9977 = VERTEX_POINT ( 'NONE', #10933 ) ;
#9978 = CARTESIAN_POINT ( 'NONE',  ( -16.10000000000000142, 0.5000000000000000000, -4.350000000000000533 ) ) ;
#9979 = PLANE ( 'NONE',  #2235 ) ;
#9980 = DIRECTION ( 'NONE',  ( 0.000000000000000000, -1.000000000000000000, -0.000000000000000000 ) ) ;
#9981 = FACE_OUTER_BOUND ( 'NONE', #4106, .T. ) ;
#9982 = ORIENTED_EDGE ( 'NONE', *, *, #4127, .F. ) ;
#9983 = AXIS2_PLACEMENT_3D ( 'NONE', #2550, #9789, #10780 ) ;
#9984 = CARTESIAN_POINT ( 'NONE',  ( -10.75398507069330556, 5.799999999999999822, 0.4749999999999995892 ) ) ;
#9985 = CARTESIAN_POINT ( 'NONE',  ( 12.71262581266358715, 5.799999999999999822, 3.500000000000000444 ) ) ;
#9986 = EDGE_CURVE ( 'NONE', #5927, #2332, #1672, .T. ) ;
#9987 = LINE ( 'NONE', #7810, #9883 ) ;
#9988 = AXIS2_PLACEMENT_3D ( 'NONE', #761, #3, #6184 ) ;
#9989 = VERTEX_POINT ( 'NONE', #1903 ) ;
#9990 = FILL_AREA_STYLE ('',( #2690 ) ) ;
#9991 = LINE ( 'NONE', #11291, #9829 ) ;
#9992 = EDGE_CURVE ( 'NONE', #3218, #7188, #1350, .T. ) ;
#9993 = STYLED_ITEM ( 'NONE', ( #1008 ), #6847 ) ;
#9994 = LINE ( 'NONE', #1630, #2450 ) ;
#9995 = CARTESIAN_POINT ( 'NONE',  ( -14.40048826559121942, 5.799999999999999822, 0.09999999999999982514 ) ) ;
#9996 = CARTESIAN_POINT ( 'NONE',  ( -1.269999999999999352, -7.450000000000000178, 3.810000000000000053 ) ) ;
#9997 = EDGE_LOOP ( 'NONE', ( #3499, #1112, #7238, #4695 ) ) ;
#9998 = LINE ( 'NONE', #3614, #2063 ) ;
#9999 = LINE ( 'NONE', #10909, #6440 ) ;
#10000 = ORIENTED_EDGE ( 'NONE', *, *, #151, .F. ) ;
#10001 = MANIFOLD_SOLID_BREP ( 'LPattern3[10]', #2452 ) ;
#10002 = ADVANCED_FACE ( 'NONE', ( #9340 ), #2641, .F. ) ;
#10003 = LINE ( 'NONE', #6377, #2295 ) ;
#10004 = ORIENTED_EDGE ( 'NONE', *, *, #2757, .T. ) ;
#10005 =( LENGTH_UNIT ( ) NAMED_UNIT ( * ) SI_UNIT ( .MILLI., .METRE. ) );
#10006 = VECTOR ( 'NONE', #8330, 1000.000000000000000 ) ;
#10007 = ORIENTED_EDGE ( 'NONE', *, *, #5771, .T. ) ;
#10008 = EDGE_CURVE ( 'NONE', #3397, #11222, #9209, .T. ) ;
#10009 = AXIS2_PLACEMENT_3D ( 'NONE', #3373, #4175, #2408 ) ;
#10010 = FACE_OUTER_BOUND ( 'NONE', #2454, .T. ) ;
#10011 = CARTESIAN_POINT ( 'NONE',  ( -6.999999999999999112, 4.799999999999999822, 3.500000000000000444 ) ) ;
#10012 = ORIENTED_EDGE ( 'NONE', *, *, #4514, .F. ) ;
#10013 = DIRECTION ( 'NONE',  ( 0.1736481776669298038, 0.000000000000000000, -0.9848077530122082424 ) ) ;
#10014 = CARTESIAN_POINT ( 'NONE',  ( -1.850000000000002753, 5.799999999999999822, -3.500000000000000444 ) ) ;
#10015 = DIRECTION ( 'NONE',  ( -0.1736481776669316635, 0.000000000000000000, 0.9848077530122076872 ) ) ;
#10016 = DIRECTION ( 'NONE',  ( 0.1736481776669313026, 0.000000000000000000, -0.9848077530122079093 ) ) ;
#10017 = DIRECTION ( 'NONE',  ( -0.000000000000000000, 1.000000000000000000, -0.000000000000000000 ) ) ;
#10018 = DIRECTION ( 'NONE',  ( -0.1736481776669307753, 0.000000000000000000, 0.9848077530122080203 ) ) ;
#10019 =( NAMED_UNIT ( * ) SI_UNIT ( $, .STERADIAN. ) SOLID_ANGLE_UNIT ( ) );
#10020 = PRESENTATION_LAYER_ASSIGNMENT (  '', '', ( #9769 ) ) ;
#10021 = VECTOR ( 'NONE', #4364, 1000.000000000000000 ) ;
#10022 = VERTEX_POINT ( 'NONE', #8681 ) ;
#10023 = CARTESIAN_POINT ( 'NONE',  ( -5.413525560979744355, 4.799999999999999822, 0.4750000000000004774 ) ) ;
#10024 = CIRCLE ( 'NONE', #10277, 0.4750000000000005884 ) ;
#10025 = ADVANCED_FACE ( 'NONE', ( #1600 ), #5004, .T. ) ;
#10026 = VECTOR ( 'NONE', #5935, 1000.000000000000114 ) ;
#10027 = ORIENTED_EDGE ( 'NONE', *, *, #3676, .T. ) ;
#10028 = LINE ( 'NONE', #1720, #2338 ) ;
#10029 = EDGE_CURVE ( 'NONE', #1849, #2018, #5644, .T. ) ;
#10030 = DIRECTION ( 'NONE',  ( 0.000000000000000000, 1.000000000000000000, 0.000000000000000000 ) ) ;
#10031 = ORIENTED_EDGE ( 'NONE', *, *, #9722, .T. ) ;
#10032 = VECTOR ( 'NONE', #9925, 1000.000000000000114 ) ;
#10033 = CARTESIAN_POINT ( 'NONE',  ( -9.599511734408787689, 5.799999999999999822, -0.1000000000000000056 ) ) ;
#10034 = ORIENTED_EDGE ( 'NONE', *, *, #10431, .F. ) ;
#10035 = DIRECTION ( 'NONE',  ( 0.000000000000000000, 0.000000000000000000, 1.000000000000000000 ) ) ;
#10036 = DIRECTION ( 'NONE',  ( 0.9848077530122082424, -0.000000000000000000, 0.1736481776669298871 ) ) ;
#10037 = PLANE ( 'NONE',  #412 ) ;
#10038 = CIRCLE ( 'NONE', #3320, 0.4750000000000005884 ) ;
#10039 = DIRECTION ( 'NONE',  ( 1.000000000000000000, 0.000000000000000000, -3.465154412871613544E-16 ) ) ;
#10040 = DIRECTION ( 'NONE',  ( 0.000000000000000000, 0.000000000000000000, 1.000000000000000000 ) ) ;
#10041 = PRODUCT_DEFINITION_CONTEXT ( 'detailed design', #6927, 'design' ) ;
#10042 = DIRECTION ( 'NONE',  ( 0.000000000000000000, -0.000000000000000000, 1.000000000000000000 ) ) ;
#10043 = SURFACE_STYLE_FILL_AREA ( #1454 ) ;
#10044 = DIRECTION ( 'NONE',  ( 0.000000000000000000, 1.000000000000000000, 0.000000000000000000 ) ) ;
#10045 = ORIENTED_EDGE ( 'NONE', *, *, #6865, .T. ) ;
#10046 = VECTOR ( 'NONE', #2876, 1000.000000000000000 ) ;
#10047 = MECHANICAL_DESIGN_GEOMETRIC_PRESENTATION_REPRESENTATION (  '', ( #4593 ), #7243 ) ;
#10048 = VECTOR ( 'NONE', #273, 1000.000000000000000 ) ;
#10049 = EDGE_CURVE ( 'NONE', #5791, #4518, #5555, .T. ) ;
#10050 = VERTEX_POINT ( 'NONE', #3285 ) ;
#10051 = DIRECTION ( 'NONE',  ( 0.000000000000000000, 0.000000000000000000, -1.000000000000000000 ) ) ;
#10052 = PLANE ( 'NONE',  #2792 ) ;
#10053 = EDGE_LOOP ( 'NONE', ( #9842, #3341, #10742, #3019 ) ) ;
#10054 = ORIENTED_EDGE ( 'NONE', *, *, #1682, .T. ) ;
#10055 = CIRCLE ( 'NONE', #8969, 0.2250000000000003664 ) ;
#10056 = ADVANCED_FACE ( 'NONE', ( #5604 ), #6047, .T. ) ;
#10057 = ORIENTED_EDGE ( 'NONE', *, *, #7827, .F. ) ;
#10058 = SURFACE_SIDE_STYLE ('',( #10581 ) ) ;
#10059 = DIRECTION ( 'NONE',  ( -1.000000000000000000, 0.000000000000000000, 1.630660900174879311E-16 ) ) ;
#10060 = FACE_OUTER_BOUND ( 'NONE', #5399, .T. ) ;
#10061 = EDGE_LOOP ( 'NONE', ( #1272, #6977, #5731, #10069 ) ) ;
#10062 = VECTOR ( 'NONE', #4257, 1000.000000000000114 ) ;
#10063 = CARTESIAN_POINT ( 'NONE',  ( 13.55048826559121444, 5.799999999999999822, -0.09999999999999982514 ) ) ;
#10064 = CARTESIAN_POINT ( 'NONE',  ( -9.000000000000003553, 5.799999999999999822, 3.025000000000000799 ) ) ;
#10065 = DIRECTION ( 'NONE',  ( -0.000000000000000000, 1.000000000000000000, -0.000000000000000000 ) ) ;
#10066 = FACE_OUTER_BOUND ( 'NONE', #11255, .T. ) ;
#10067 = PLANE ( 'NONE',  #3825 ) ;
#10068 = CARTESIAN_POINT ( 'NONE',  ( 10.16000000000000014, -7.450000000000000178, 0.000000000000000000 ) ) ;
#10069 = ORIENTED_EDGE ( 'NONE', *, *, #3721, .F. ) ;
#10070 = ORIENTED_EDGE ( 'NONE', *, *, #4753, .T. ) ;
#10071 = DIRECTION ( 'NONE',  ( -0.9848077530122079093, 0.000000000000000000, -0.1736481776669316635 ) ) ;
#10072 = EDGE_LOOP ( 'NONE', ( #10218, #9383, #2854, #6689 ) ) ;
#10073 =( GEOMETRIC_REPRESENTATION_CONTEXT ( 3 ) GLOBAL_UNCERTAINTY_ASSIGNED_CONTEXT ( ( #3648 ) ) GLOBAL_UNIT_ASSIGNED_CONTEXT ( ( #7089, #900, #8032 ) ) REPRESENTATION_CONTEXT ( 'NONE', 'WORKASPACE' ) );
#10074 = VECTOR ( 'NONE', #3277, 1000.000000000000000 ) ;
#10075 = ORIENTED_EDGE ( 'NONE', *, *, #1593, .F. ) ;
#10076 = CARTESIAN_POINT ( 'NONE',  ( 6.350000000000001421, -15.53639610306789187, 3.810000000000000053 ) ) ;
#10077 = CARTESIAN_POINT ( 'NONE',  ( 14.99999999999999822, 5.799999999999999822, 2.550000000000000266 ) ) ;
#10078 = VECTOR ( 'NONE', #7281, 1000.000000000000114 ) ;
#10079 = CARTESIAN_POINT ( 'NONE',  ( 5.779404045949801727, 5.799999999999999822, -2.550000000000000711 ) ) ;
#10080 = EDGE_LOOP ( 'NONE', ( #8882, #4507, #4933, #1495 ) ) ;
#10081 = FACE_OUTER_BOUND ( 'NONE', #7945, .T. ) ;
#10082 = CARTESIAN_POINT ( 'NONE',  ( 1.270000000000000240, 0.5000000000000000000, 3.810000000000000053 ) ) ;
#10083 = DIRECTION ( 'NONE',  ( 0.1736481776669298316, 0.000000000000000000, -0.9848077530122082424 ) ) ;
#10084 = FACE_OUTER_BOUND ( 'NONE', #5145, .T. ) ;
#10085 = DIRECTION ( 'NONE',  ( 0.000000000000000000, 0.000000000000000000, 1.000000000000000000 ) ) ;
#10086 = LINE ( 'NONE', #482, #2300 ) ;
#10087 = CARTESIAN_POINT ( 'NONE',  ( -1.000000000000002665, 4.799999999999999822, -3.500000000000000888 ) ) ;
#10088 = ORIENTED_EDGE ( 'NONE', *, *, #8838, .F. ) ;
#10089 = VERTEX_POINT ( 'NONE', #6956 ) ;
#10090 = ORIENTED_EDGE ( 'NONE', *, *, #11067, .F. ) ;
#10091 = LINE ( 'NONE', #5517, #2304 ) ;
#10092 = EDGE_CURVE ( 'NONE', #11228, #3378, #2068, .T. ) ;
#10093 = CARTESIAN_POINT ( 'NONE',  ( -9.850000000000003197, 4.799999999999999822, -3.500000000000000444 ) ) ;
#10094 = VERTEX_POINT ( 'NONE', #9484 ) ;
#10095 = EDGE_CURVE ( 'NONE', #597, #8819, #5823, .T. ) ;
#10096 = CARTESIAN_POINT ( 'NONE',  ( 6.400488265591213199, 5.799999999999999822, -0.1000000000000000056 ) ) ;
#10097 = DIRECTION ( 'NONE',  ( -0.000000000000000000, -1.000000000000000000, -0.000000000000000000 ) ) ;
#10098 = PLANE ( 'NONE',  #2368 ) ;
#10099 = DIRECTION ( 'NONE',  ( -1.000000000000000000, -0.000000000000000000, -0.000000000000000000 ) ) ;
#10100 = UNCERTAINTY_MEASURE_WITH_UNIT (LENGTH_MEASURE( 1.000000000000000082E-05 ), #5626, 'distance_accuracy_value', 'NONE');
#10101 = CARTESIAN_POINT ( 'NONE',  ( 0.2205331856370010557, 3.456497115745557291, -1.250705846325504966 ) ) ;
#10102 = DIRECTION ( 'NONE',  ( -0.9848077530122081313, 0.000000000000000000, -0.1736481776669298871 ) ) ;
#10103 = ADVANCED_FACE ( 'NONE', ( #1965 ), #279, .T. ) ;
#10104 = SURFACE_STYLE_USAGE ( .BOTH. , #9162 ) ;
#10105 = CIRCLE ( 'NONE', #7407, 0.4750000000000004774 ) ;
#10106 = VERTEX_POINT ( 'NONE', #9258 ) ;
#10107 = LINE ( 'NONE', #1181, #2466 ) ;
#10108 = AXIS2_PLACEMENT_3D ( 'NONE', #7934, #9747, #1411 ) ;
#10109 = VECTOR ( 'NONE', #10430, 1000.000000000000000 ) ;
#10110 = EDGE_LOOP ( 'NONE', ( #1622, #6400, #6274, #2426 ) ) ;
#10111 = ORIENTED_EDGE ( 'NONE', *, *, #8703, .F. ) ;
#10112 = CARTESIAN_POINT ( 'NONE',  ( 0.2205331856370010557, 5.799999999999999822, -0.7757058463255043224 ) ) ;
#10113 = ORIENTED_EDGE ( 'NONE', *, *, #2398, .F. ) ;
#10114 = FACE_OUTER_BOUND ( 'NONE', #4500, .T. ) ;
#10115 = AXIS2_PLACEMENT_3D ( 'NONE', #9449, #11144, #7711 ) ;
#10116 = CARTESIAN_POINT ( 'NONE',  ( 6.350000000000001421, 0.5000000000000000000, -3.810000000000000941 ) ) ;
#10117 = ORIENTED_EDGE ( 'NONE', *, *, #8855, .F. ) ;
#10118 = MECHANICAL_DESIGN_GEOMETRIC_PRESENTATION_REPRESENTATION (  '', ( #7305 ), #4247 ) ;
#10119 = DIRECTION ( 'NONE',  ( 0.000000000000000000, -1.000000000000000000, 0.000000000000000000 ) ) ;
#10120 = EDGE_CURVE ( 'NONE', #4506, #1956, #2090, .T. ) ;
#10121 = CARTESIAN_POINT ( 'NONE',  ( -6.349999999999999645, -7.450000000000000178, -3.810000000000000941 ) ) ;
#10122 = EDGE_CURVE ( 'NONE', #10582, #3399, #1727, .T. ) ;
#10123 = EDGE_LOOP ( 'NONE', ( #603, #11499, #11081, #10493 ) ) ;
#10124 = DIRECTION ( 'NONE',  ( -1.000000000000000000, 0.000000000000000000, 1.630660900174879311E-16 ) ) ;
#10125 = CARTESIAN_POINT ( 'NONE',  ( 14.99999999999999822, 5.799999999999999822, 3.500000000000001332 ) ) ;
#10126 = SURFACE_STYLE_FILL_AREA ( #5440 ) ;
#10127 = VERTEX_POINT ( 'NONE', #436 ) ;
#10128 = FACE_OUTER_BOUND ( 'NONE', #10597, .T. ) ;
#10129 = CARTESIAN_POINT ( 'NONE',  ( 10.75398507069329845, 5.799999999999999822, -0.4749999999999989231 ) ) ;
#10130 = FACE_OUTER_BOUND ( 'NONE', #7520, .T. ) ;
#10131 = EDGE_CURVE ( 'NONE', #9309, #1122, #9716, .T. ) ;
#10132 = DIRECTION ( 'NONE',  ( 0.000000000000000000, 1.000000000000000000, 0.000000000000000000 ) ) ;
#10133 = ORIENTED_EDGE ( 'NONE', *, *, #10719, .T. ) ;
#10134 = DIRECTION ( 'NONE',  ( 0.1736481776669298871, 0.000000000000000000, -0.9848077530122082424 ) ) ;
#10135 = CARTESIAN_POINT ( 'NONE',  ( -14.14999999999999858, 4.799999999999999822, 3.500000000000000444 ) ) ;
#10136 = DIRECTION ( 'NONE',  ( -0.1736481776669312749, 0.000000000000000000, 0.9848077530122079093 ) ) ;
#10137 = ORIENTED_EDGE ( 'NONE', *, *, #1468, .F. ) ;
#10138 = VERTEX_POINT ( 'NONE', #10303 ) ;
#10139 = ORIENTED_EDGE ( 'NONE', *, *, #879, .T. ) ;
#10140 = EDGE_CURVE ( 'NONE', #7082, #7102, #9429, .T. ) ;
#10141 = DIRECTION ( 'NONE',  ( 0.000000000000000000, 0.000000000000000000, -1.000000000000000000 ) ) ;
#10142 = ORIENTED_EDGE ( 'NONE', *, *, #4232, .F. ) ;
#10143 = CARTESIAN_POINT ( 'NONE',  ( -1.599511734408786801, 1.103909596859301789, -0.1000000000000000056 ) ) ;
#10144 = EDGE_CURVE ( 'NONE', #839, #4462, #5915, .T. ) ;
#10145 = AXIS2_PLACEMENT_3D ( 'NONE', #3997, #8334, #3598 ) ;
#10146 = CARTESIAN_POINT ( 'NONE',  ( 10.75398507069329845, 4.799999999999999822, -0.4749999999999989231 ) ) ;
#10147 = CIRCLE ( 'NONE', #6015, 0.2249999999999999500 ) ;
#10148 = ORIENTED_EDGE ( 'NONE', *, *, #7149, .T. ) ;
#10149 = SURFACE_STYLE_FILL_AREA ( #5503 ) ;
#10150 = PLANE ( 'NONE',  #4099 ) ;
#10151 = DIRECTION ( 'NONE',  ( 0.000000000000000000, 0.000000000000000000, 1.000000000000000000 ) ) ;
#10152 = VECTOR ( 'NONE', #4205, 1000.000000000000000 ) ;
#10153 = AXIS2_PLACEMENT_3D ( 'NONE', #11025, #6873, #594 ) ;
#10154 = DIRECTION ( 'NONE',  ( -1.000000000000000000, -0.000000000000000000, -2.072739447398758462E-16 ) ) ;
#10155 = EDGE_LOOP ( 'NONE', ( #1938, #9359, #2814, #5538 ) ) ;
#10156 = ORIENTED_EDGE ( 'NONE', *, *, #4828, .T. ) ;
#10157 = DIRECTION ( 'NONE',  ( 0.000000000000000000, 1.000000000000000000, 0.000000000000000000 ) ) ;
#10158 = EDGE_LOOP ( 'NONE', ( #10537, #3706, #7722, #3874 ) ) ;
#10159 = SURFACE_STYLE_FILL_AREA ( #593 ) ;
#10160 = ADVANCED_FACE ( 'NONE', ( #9787 ), #5734, .T. ) ;
#10161 = ORIENTED_EDGE ( 'NONE', *, *, #4464, .F. ) ;
#10162 = DIRECTION ( 'NONE',  ( 0.1736481776669298316, 0.000000000000000000, -0.9848077530122082424 ) ) ;
#10163 = DIRECTION ( 'NONE',  ( -0.000000000000000000, 1.000000000000000000, -0.000000000000000000 ) ) ;
#10164 = EDGE_LOOP ( 'NONE', ( #8717, #5831, #2061, #5260 ) ) ;
#10165 = AXIS2_PLACEMENT_3D ( 'NONE', #3646, #939, #3574 ) ;
#10166 = CARTESIAN_POINT ( 'NONE',  ( -11.28737418733641285, 4.799999999999999822, 3.500000000000000444 ) ) ;
#10167 = DIRECTION ( 'NONE',  ( 0.000000000000000000, 1.000000000000000000, 0.000000000000000000 ) ) ;
#10168 = VERTEX_POINT ( 'NONE', #1055 ) ;
#10169 = LINE ( 'NONE', #5551, #2414 ) ;
#10170 = CARTESIAN_POINT ( 'NONE',  ( 6.999999999999997335, 4.799999999999999822, -3.500000000000000444 ) ) ;
#10171 = LINE ( 'NONE', #3073, #6553 ) ;
#10172 = DIRECTION ( 'NONE',  ( 0.1736481776669298871, 0.000000000000000000, -0.9848077530122082424 ) ) ;
#10173 = VECTOR ( 'NONE', #4743, 1000.000000000000000 ) ;
#10174 = ORIENTED_EDGE ( 'NONE', *, *, #10407, .T. ) ;
#10175 = EDGE_LOOP ( 'NONE', ( #9943, #8540, #5354, #1628 ) ) ;
#10176 = ORIENTED_EDGE ( 'NONE', *, *, #6021, .T. ) ;
#10177 = LINE ( 'NONE', #6951, #2675 ) ;
#10178 = CARTESIAN_POINT ( 'NONE',  ( 10.58647443902025564, 4.799999999999999822, 0.4750000000000004774 ) ) ;
#10179 = ORIENTED_EDGE ( 'NONE', *, *, #3991, .F. ) ;
#10180 = AXIS2_PLACEMENT_3D ( 'NONE', #264, #7194, #8086 ) ;
#10181 = CARTESIAN_POINT ( 'NONE',  ( -9.000000000000003553, 4.799999999999999822, 3.500000000000001332 ) ) ;
#10182 = CARTESIAN_POINT ( 'NONE',  ( 4.880136444336628188, 4.799999999999999822, 2.550000000000000711 ) ) ;
#10183 = PRESENTATION_LAYER_ASSIGNMENT (  '', '', ( #2809 ) ) ;
#10184 =( NAMED_UNIT ( * ) PLANE_ANGLE_UNIT ( ) SI_UNIT ( $, .RADIAN. ) );
#10185 = ORIENTED_EDGE ( 'NONE', *, *, #11487, .F. ) ;
#10186 = DIRECTION ( 'NONE',  ( 0.000000000000000000, 0.000000000000000000, 1.000000000000000000 ) ) ;
#10187 = CARTESIAN_POINT ( 'NONE',  ( -5.779404045949807944, 4.799999999999999822, 2.550000000000001155 ) ) ;
#10188 = VECTOR ( 'NONE', #4596, 1000.000000000000000 ) ;
#10189 = ORIENTED_EDGE ( 'NONE', *, *, #9447, .F. ) ;
#10190 = CYLINDRICAL_SURFACE ( 'NONE', #3447, 0.4750000000000005884 ) ;
#10191 = DIRECTION ( 'NONE',  ( 3.465154412871613544E-16, -0.000000000000000000, 1.000000000000000000 ) ) ;
#10192 = PRESENTATION_LAYER_ASSIGNMENT (  '', '', ( #6565 ) ) ;
#10193 = VECTOR ( 'NONE', #9528, 1000.000000000000114 ) ;
#10194 = ORIENTED_EDGE ( 'NONE', *, *, #7333, .F. ) ;
#10195 = EDGE_CURVE ( 'NONE', #9741, #8730, #2007, .T. ) ;
#10196 = ORIENTED_EDGE ( 'NONE', *, *, #545, .T. ) ;
#10197 = DIRECTION ( 'NONE',  ( 0.000000000000000000, 0.000000000000000000, 1.000000000000000000 ) ) ;
#10198 = ORIENTED_EDGE ( 'NONE', *, *, #1896, .T. ) ;
#10199 = PRESENTATION_STYLE_ASSIGNMENT (( #11462 ) ) ;
#10200 = CARTESIAN_POINT ( 'NONE',  ( 6.350000000000001421, 0.5000000000000000000, 3.810000000000000053 ) ) ;
#10201 = VERTEX_POINT ( 'NONE', #6717 ) ;
#10202 = DIRECTION ( 'NONE',  ( -1.000000000000000000, 0.000000000000000000, -0.000000000000000000 ) ) ;
#10203 = PRESENTATION_LAYER_ASSIGNMENT (  '', '', ( #5198 ) ) ;
#10204 = ORIENTED_EDGE ( 'NONE', *, *, #2016, .T. ) ;
#10205 = ADVANCED_FACE ( 'NONE', ( #1950 ), #10052, .T. ) ;
#10206 = EDGE_CURVE ( 'NONE', #2848, #3567, #5938, .T. ) ;
#10207 = CARTESIAN_POINT ( 'NONE',  ( -0.2205331856370015831, 3.456497115745557291, 1.725705846325505499 ) ) ;
#10208 = ADVANCED_FACE ( 'NONE', ( #9661 ), #8429, .T. ) ;
#10209 = DIRECTION ( 'NONE',  ( 0.1736481776669307753, 0.000000000000000000, -0.9848077530122080203 ) ) ;
#10210 = CYLINDRICAL_SURFACE ( 'NONE', #10775, 0.4750000000000005884 ) ;
#10211 = DIRECTION ( 'NONE',  ( 0.000000000000000000, 0.000000000000000000, 1.000000000000000000 ) ) ;
#10212 = EDGE_LOOP ( 'NONE', ( #9654, #9930, #2341, #3468 ) ) ;
#10213 = PRESENTATION_STYLE_ASSIGNMENT (( #11078 ) ) ;
#10214 = EDGE_CURVE ( 'NONE', #9238, #10731, #5568, .T. ) ;
#10215 = VECTOR ( 'NONE', #6353, 1000.000000000000114 ) ;
#10216 = VECTOR ( 'NONE', #8099, 1000.000000000000000 ) ;
#10217 = CARTESIAN_POINT ( 'NONE',  ( -14.36522286944952498, 5.799999999999999822, -0.09999999999999982514 ) ) ;
#10218 = ORIENTED_EDGE ( 'NONE', *, *, #7287, .T. ) ;
#10219 = VERTEX_POINT ( 'NONE', #7427 ) ;
#10220 = ORIENTED_EDGE ( 'NONE', *, *, #4841, .T. ) ;
#10221 = FACE_OUTER_BOUND ( 'NONE', #817, .T. ) ;
#10222 = ORIENTED_EDGE ( 'NONE', *, *, #289, .T. ) ;
#10223 = ORIENTED_EDGE ( 'NONE', *, *, #7287, .F. ) ;
#10224 = DIRECTION ( 'NONE',  ( 1.000000000000000000, 0.000000000000000000, 0.000000000000000000 ) ) ;
#10225 = PLANE ( 'NONE',  #8893 ) ;
#10226 = FACE_OUTER_BOUND ( 'NONE', #3840, .T. ) ;
#10227 = ORIENTED_EDGE ( 'NONE', *, *, #11341, .T. ) ;
#10228 = LINE ( 'NONE', #1979, #10295 ) ;
#10229 =( NAMED_UNIT ( * ) PLANE_ANGLE_UNIT ( ) SI_UNIT ( $, .RADIAN. ) );
#10230 = ADVANCED_FACE ( 'NONE', ( #9698 ), #1935, .T. ) ;
#10231 = PLANE ( 'NONE',  #5259 ) ;
#10232 = CARTESIAN_POINT ( 'NONE',  ( 5.946914677622842760, 5.799999999999999822, -3.500000000000000444 ) ) ;
#10233 = LINE ( 'NONE', #9110, #6382 ) ;
#10234 = DIRECTION ( 'NONE',  ( -0.000000000000000000, 1.000000000000000000, -0.000000000000000000 ) ) ;
#10235 = ORIENTED_EDGE ( 'NONE', *, *, #4685, .F. ) ;
#10236 = ORIENTED_EDGE ( 'NONE', *, *, #5376, .F. ) ;
#10237 = CARTESIAN_POINT ( 'NONE',  ( -13.94691467762285164, 5.799999999999999822, 3.500000000000000444 ) ) ;
#10238 = ORIENTED_EDGE ( 'NONE', *, *, #9723, .T. ) ;
#10239 = LINE ( 'NONE', #1654, #6294 ) ;
#10240 = ORIENTED_EDGE ( 'NONE', *, *, #6562, .T. ) ;
#10241 = PLANE ( 'NONE',  #10706 ) ;
#10242 = DIRECTION ( 'NONE',  ( 0.000000000000000000, 1.000000000000000000, 0.000000000000000000 ) ) ;
#10243 = ORIENTED_EDGE ( 'NONE', *, *, #2017, .T. ) ;
#10244 = AXIS2_PLACEMENT_3D ( 'NONE', #8687, #6053, #10553 ) ;
#10245 = CARTESIAN_POINT ( 'NONE',  ( 5.765711135040735513, 5.799999999999999822, 3.499999999999999556 ) ) ;
#10246 = MECHANICAL_DESIGN_GEOMETRIC_PRESENTATION_REPRESENTATION (  '', ( #2595 ), #5108 ) ;
#10247 = CARTESIAN_POINT ( 'NONE',  ( -12.88013644433663352, 4.799999999999999822, -2.550000000000000711 ) ) ;
#10248 = EDGE_LOOP ( 'NONE', ( #4893, #4786, #5210, #5635 ) ) ;
#10249 = EDGE_CURVE ( 'NONE', #11416, #8509, #9558, .T. ) ;
#10250 = VECTOR ( 'NONE', #7252, 1000.000000000000000 ) ;
#10251 = EDGE_CURVE ( 'NONE', #8747, #4302, #5799, .T. ) ;
#10252 = DIRECTION ( 'NONE',  ( 0.000000000000000000, -1.000000000000000000, -0.000000000000000000 ) ) ;
#10253 = FILL_AREA_STYLE_COLOUR ( '', #891 ) ;
#10254 = COLOUR_RGB ( '',0.7529411764705882248, 0.000000000000000000, 0.000000000000000000 ) ;
#10255 = CARTESIAN_POINT ( 'NONE',  ( 13.94691467762284276, 4.799999999999999822, -3.500000000000000444 ) ) ;
#10256 = COLOUR_RGB ( '',0.7529411764705882248, 0.000000000000000000, 0.000000000000000000 ) ;
#10257 = CARTESIAN_POINT ( 'NONE',  ( -5.413525560979744355, 4.799999999999999822, 0.4750000000000004774 ) ) ;
#10258 = ADVANCED_FACE ( 'NONE', ( #5859 ), #9979, .T. ) ;
#10259 = DIRECTION ( 'NONE',  ( -0.000000000000000000, 1.000000000000000000, -0.000000000000000000 ) ) ;
#10260 = VERTEX_POINT ( 'NONE', #10823 ) ;
#10261 = ORIENTED_EDGE ( 'NONE', *, *, #11484, .T. ) ;
#10262 = ORIENTED_EDGE ( 'NONE', *, *, #3412, .T. ) ;
#10263 = ADVANCED_FACE ( 'NONE', ( #1841 ), #6465, .T. ) ;
#10264 = DIRECTION ( 'NONE',  ( 0.000000000000000000, 0.000000000000000000, -1.000000000000000000 ) ) ;
#10265 = ORIENTED_EDGE ( 'NONE', *, *, #5939, .F. ) ;
#10266 = DIRECTION ( 'NONE',  ( 0.000000000000000000, 0.000000000000000000, -1.000000000000000000 ) ) ;
#10267 = ORIENTED_EDGE ( 'NONE', *, *, #3181, .T. ) ;
#10268 = CARTESIAN_POINT ( 'NONE',  ( -1.850000000000002753, 5.799999999999999822, -3.500000000000000444 ) ) ;
#10270 = AXIS2_PLACEMENT_3D ( 'NONE', #3709, #308, #6417 ) ;
#10269 = DIRECTION ( 'NONE',  ( 0.9848077530122079093, 0.000000000000000000, 0.1736481776669312749 ) ) ;
#10271 = EDGE_CURVE ( 'NONE', #4265, #695, #9733, .T. ) ;
#10272 = AXIS2_PLACEMENT_3D ( 'NONE', #269, #7342, #10814 ) ;
#10273 = ORIENTED_EDGE ( 'NONE', *, *, #2790, .F. ) ;
#10274 = VECTOR ( 'NONE', #9305, 1000.000000000000000 ) ;
#10275 = CARTESIAN_POINT ( 'NONE',  ( 9.599511734408782360, 5.799999999999999822, 0.09999999999999982514 ) ) ;
#10276 = PLANE ( 'NONE',  #6001 ) ;
#10277 = AXIS2_PLACEMENT_3D ( 'NONE', #2140, #5862, #1491 ) ;
#10278 = EDGE_CURVE ( 'NONE', #3949, #2698, #1987, .T. ) ;
#10279 = EDGE_CURVE ( 'NONE', #11267, #3229, #9751, .T. ) ;
#10280 = VERTEX_POINT ( 'NONE', #11456 ) ;
#10281 = VERTEX_POINT ( 'NONE', #8824 ) ;
#10282 = DIRECTION ( 'NONE',  ( 0.000000000000000000, 1.000000000000000000, 0.000000000000000000 ) ) ;
#10283 = VERTEX_POINT ( 'NONE', #1943 ) ;
#10284 = CARTESIAN_POINT ( 'NONE',  ( 9.000000000000001776, 4.799999999999999822, 3.500000000000000444 ) ) ;
#10285 = ORIENTED_EDGE ( 'NONE', *, *, #896, .F. ) ;
#10286 = ADVANCED_FACE ( 'NONE', ( #9680 ), #4221, .T. ) ;
#10287 = DIRECTION ( 'NONE',  ( 0.000000000000000000, 1.000000000000000000, 0.000000000000000000 ) ) ;
#10288 = DIRECTION ( 'NONE',  ( 0.000000000000000000, 1.000000000000000000, 0.000000000000000000 ) ) ;
#10289 = ORIENTED_EDGE ( 'NONE', *, *, #9150, .F. ) ;
#10290 = EDGE_CURVE ( 'NONE', #8730, #8036, #2024, .T. ) ;
#10291 = PLANE ( 'NONE',  #11335 ) ;
#10292 = SURFACE_STYLE_FILL_AREA ( #4215 ) ;
#10293 = CARTESIAN_POINT ( 'NONE',  ( -1.000000000000002665, 5.799999999999999822, 3.500000000000001332 ) ) ;
#10294 = VERTEX_POINT ( 'NONE', #3471 ) ;
#10295 = VECTOR ( 'NONE', #3893, 1000.000000000000114 ) ;
#10296 = EDGE_CURVE ( 'NONE', #10456, #10552, #2046, .T. ) ;
#10297 = LINE ( 'NONE', #5732, #6491 ) ;
#10298 = DIRECTION ( 'NONE',  ( 1.000000000000000000, 0.000000000000000000, -0.000000000000000000 ) ) ;
#10299 = VERTEX_POINT ( 'NONE', #9619 ) ;
#10300 = EDGE_CURVE ( 'NONE', #9596, #5485, #5896, .T. ) ;
#10301 = CARTESIAN_POINT ( 'NONE',  ( 16.09999999999999787, 0.5000000000000000000, 4.349999999999998757 ) ) ;
#10302 = AXIS2_PLACEMENT_3D ( 'NONE', #5678, #9931, #2702 ) ;
#10303 = CARTESIAN_POINT ( 'NONE',  ( 5.515222869449519116, 5.799999999999999822, 0.09999999999999982514 ) ) ;
#10304 = EDGE_LOOP ( 'NONE', ( #4012, #11302, #3726, #11486 ) ) ;
#10305 = EDGE_LOOP ( 'NONE', ( #8736, #4997, #8885, #762 ) ) ;
#10306 = VERTEX_POINT ( 'NONE', #4522 ) ;
#10307 =( LENGTH_UNIT ( ) NAMED_UNIT ( * ) SI_UNIT ( .MILLI., .METRE. ) );
#10308 = ORIENTED_EDGE ( 'NONE', *, *, #3563, .F. ) ;
#10309 = DIRECTION ( 'NONE',  ( -0.9848077530122080203, 0.000000000000000000, -0.1736481776669307475 ) ) ;
#10310 = ADVANCED_FACE ( 'NONE', ( #1742 ), #8975, .T. ) ;
#10311 = ADVANCED_FACE ( 'NONE', ( #1895 ), #1711, .T. ) ;
#10312 = CIRCLE ( 'NONE', #8689, 0.4750000000000005884 ) ;
#10313 = ORIENTED_EDGE ( 'NONE', *, *, #3011, .F. ) ;
#10314 = CIRCLE ( 'NONE', #10728, 0.4750000000000005884 ) ;
#10315 = CARTESIAN_POINT ( 'NONE',  ( -2.220595954050198717, 1.103909596859301789, -2.550000000000000711 ) ) ;
#10316 = CARTESIAN_POINT ( 'NONE',  ( 5.246014929306694441, 4.799999999999999822, 0.4749999999999995892 ) ) ;
#10317 = LINE ( 'NONE', #11287, #6340 ) ;
#10318 = CARTESIAN_POINT ( 'NONE',  ( -1.000000000000002665, 4.799999999999999822, -3.500000000000000444 ) ) ;
#10319 = PLANE ( 'NONE',  #1967 ) ;
#10320 = ORIENTED_EDGE ( 'NONE', *, *, #5962, .T. ) ;
#10321 = VERTEX_POINT ( 'NONE', #1108 ) ;
#10322 = CARTESIAN_POINT ( 'NONE',  ( 14.14999999999999680, 1.103909596859301789, -3.500000000000000444 ) ) ;
#10323 = ORIENTED_EDGE ( 'NONE', *, *, #8588, .F. ) ;
#10324 = LINE ( 'NONE', #4229, #6540 ) ;
#10325 = ORIENTED_EDGE ( 'NONE', *, *, #3691, .F. ) ;
#10326 = DIRECTION ( 'NONE',  ( 0.000000000000000000, -1.000000000000000000, -0.000000000000000000 ) ) ;
#10327 = DIRECTION ( 'NONE',  ( 0.1736481776669298316, 0.000000000000000000, -0.9848077530122082424 ) ) ;
#10328 = ORIENTED_EDGE ( 'NONE', *, *, #11481, .F. ) ;
#10329 = CIRCLE ( 'NONE', #7524, 0.4750000000000005884 ) ;
#10330 = ORIENTED_EDGE ( 'NONE', *, *, #11223, .T. ) ;
#10331 = CIRCLE ( 'NONE', #11000, 0.2249999999999999500 ) ;
#10332 = AXIS2_PLACEMENT_3D ( 'NONE', #4219, #749, #5872 ) ;
#10333 = PLANE ( 'NONE',  #4114 ) ;
#10334 =( NAMED_UNIT ( * ) SI_UNIT ( $, .STERADIAN. ) SOLID_ANGLE_UNIT ( ) );
#10335 = CARTESIAN_POINT ( 'NONE',  ( 6.999999999999997335, 1.103909596859301789, 3.500000000000001332 ) ) ;
#10336 = AXIS2_PLACEMENT_3D ( 'NONE', #4781, #11060, #1324 ) ;
#10337 = ADVANCED_FACE ( 'NONE', ( #9446 ), #9311, .T. ) ;
#10338 = DIRECTION ( 'NONE',  ( 0.000000000000000000, 1.000000000000000000, 0.000000000000000000 ) ) ;
#10339 = FACE_OUTER_BOUND ( 'NONE', #5492, .T. ) ;
#10340 = CARTESIAN_POINT ( 'NONE',  ( -9.850000000000003197, 4.799999999999999822, -3.500000000000000444 ) ) ;
#10341 =( NAMED_UNIT ( * ) PLANE_ANGLE_UNIT ( ) SI_UNIT ( $, .RADIAN. ) );
#10342 = ORIENTED_EDGE ( 'NONE', *, *, #5243, .T. ) ;
#10343 = EDGE_LOOP ( 'NONE', ( #8943, #946, #1982, #4858 ) ) ;
#10344 = ORIENTED_EDGE ( 'NONE', *, *, #4317, .T. ) ;
#10345 = DIRECTION ( 'NONE',  ( -0.000000000000000000, 1.000000000000000000, -0.000000000000000000 ) ) ;
#10346 = EDGE_LOOP ( 'NONE', ( #9212, #10325, #4436, #8626 ) ) ;
#10347 = EDGE_CURVE ( 'NONE', #1060, #1298, #5584, .T. ) ;
#10348 = DIRECTION ( 'NONE',  ( -1.000000000000000000, 0.000000000000000000, 0.000000000000000000 ) ) ;
#10349 = DIRECTION ( 'NONE',  ( 0.000000000000000000, 1.000000000000000000, 0.000000000000000000 ) ) ;
#10350 =( LENGTH_UNIT ( ) NAMED_UNIT ( * ) SI_UNIT ( .MILLI., .METRE. ) );
#10351 = ORIENTED_EDGE ( 'NONE', *, *, #11359, .T. ) ;
#10352 = PLANE ( 'NONE',  #9148 ) ;
#10353 = CARTESIAN_POINT ( 'NONE',  ( -9.599511734408787689, 5.799999999999999822, -0.1000000000000000056 ) ) ;
#10354 =( LENGTH_UNIT ( ) NAMED_UNIT ( * ) SI_UNIT ( .MILLI., .METRE. ) );
#10355 = EDGE_CURVE ( 'NONE', #4098, #9332, #9465, .T. ) ;
#10356 = ORIENTED_EDGE ( 'NONE', *, *, #784, .T. ) ;
#10357 = VECTOR ( 'NONE', #1683, 1000.000000000000000 ) ;
#10358 = DIRECTION ( 'NONE',  ( 0.000000000000000000, 1.000000000000000000, 0.000000000000000000 ) ) ;
#10359 = FACE_OUTER_BOUND ( 'NONE', #960, .T. ) ;
#10360 = ADVANCED_FACE ( 'NONE', ( #1759 ), #7854, .T. ) ;
#10361 = ORIENTED_EDGE ( 'NONE', *, *, #10832, .F. ) ;
#10362 = EDGE_LOOP ( 'NONE', ( #1852, #5578, #5101, #1464 ) ) ;
#10363 = EDGE_CURVE ( 'NONE', #695, #9405, #9485, .T. ) ;
#10364 = EDGE_LOOP ( 'NONE', ( #6049, #10523, #1872, #5434 ) ) ;
#10365 = DIRECTION ( 'NONE',  ( 0.000000000000000000, 0.000000000000000000, -1.000000000000000000 ) ) ;
#10366 = ORIENTED_EDGE ( 'NONE', *, *, #5627, .F. ) ;
#10367 = DIRECTION ( 'NONE',  ( 0.000000000000000000, 0.000000000000000000, 1.000000000000000000 ) ) ;
#10368 = DIRECTION ( 'NONE',  ( 0.000000000000000000, 1.000000000000000000, 0.000000000000000000 ) ) ;
#10369 = EDGE_LOOP ( 'NONE', ( #2418, #7577, #10421, #5406 ) ) ;
#10370 = EDGE_CURVE ( 'NONE', #3924, #8044, #9505, .T. ) ;
#10371 = STYLED_ITEM ( 'NONE', ( #6747 ), #2222 ) ;
#10372 = DIRECTION ( 'NONE',  ( 0.000000000000000000, 0.000000000000000000, 1.000000000000000000 ) ) ;
#10373 = CARTESIAN_POINT ( 'NONE',  ( 15.34999999999999609, 0.5000000000000000000, 4.349999999999998757 ) ) ;
#10374 = ORIENTED_EDGE ( 'NONE', *, *, #753, .F. ) ;
#10375 = FACE_OUTER_BOUND ( 'NONE', #11155, .T. ) ;
#10376 = VECTOR ( 'NONE', #7506, 1000.000000000000000 ) ;
#10377 = FACE_OUTER_BOUND ( 'NONE', #9078, .T. ) ;
#10378 = CARTESIAN_POINT ( 'NONE',  ( 16.09999999999999787, 0.5000000000000004441, 5.099999999999999645 ) ) ;
#10379 = ORIENTED_EDGE ( 'NONE', *, *, #10271, .T. ) ;
#10380 = DIRECTION ( 'NONE',  ( 0.000000000000000000, 0.000000000000000000, 1.000000000000000000 ) ) ;
#10381 = ORIENTED_EDGE ( 'NONE', *, *, #1169, .F. ) ;
#10382 = VERTEX_POINT ( 'NONE', #1832 ) ;
#10383 = FACE_OUTER_BOUND ( 'NONE', #9749, .T. ) ;
#10384 = CARTESIAN_POINT ( 'NONE',  ( -1.599511734408786801, 5.799999999999999822, -0.1000000000000000056 ) ) ;
#10385 = EDGE_CURVE ( 'NONE', #3397, #8403, #1803, .T. ) ;
#10386 = VERTEX_POINT ( 'NONE', #7995 ) ;
#10387 = EDGE_CURVE ( 'NONE', #11408, #11281, #9538, .T. ) ;
#10388 = ADVANCED_FACE ( 'NONE', ( #5682 ), #3375, .F. ) ;
#10389 = CARTESIAN_POINT ( 'NONE',  ( 5.246014929306694441, 4.799999999999999822, 0.4749999999999995892 ) ) ;
#10390 = ORIENTED_EDGE ( 'NONE', *, *, #7298, .T. ) ;
#10391 = CARTESIAN_POINT ( 'NONE',  ( -15.35000000000000320, 0.000000000000000000, 5.100000000000000533 ) ) ;
#10392 = VERTEX_POINT ( 'NONE', #4177 ) ;
#10393 = VECTOR ( 'NONE', #6239, 1000.000000000000000 ) ;
#10394 = PRESENTATION_STYLE_ASSIGNMENT (( #1134 ) ) ;
#10395 = DIRECTION ( 'NONE',  ( 0.000000000000000000, 1.000000000000000000, 0.000000000000000000 ) ) ;
#10396 = VECTOR ( 'NONE', #8963, 1000.000000000000000 ) ;
#10397 = PLANE ( 'NONE',  #5463 ) ;
#10398 = VERTEX_POINT ( 'NONE', #2409 ) ;
#10399 = ORIENTED_EDGE ( 'NONE', *, *, #3533, .F. ) ;
#10400 = FILL_AREA_STYLE ('',( #6571 ) ) ;
#10401 = ORIENTED_EDGE ( 'NONE', *, *, #10868, .T. ) ;
#10402 = FACE_OUTER_BOUND ( 'NONE', #10080, .T. ) ;
#10403 = PRESENTATION_LAYER_ASSIGNMENT (  '', '', ( #2742 ) ) ;
#10404 = ORIENTED_EDGE ( 'NONE', *, *, #289, .F. ) ;
#10405 = DIRECTION ( 'NONE',  ( -0.9848077530122079093, 0.000000000000000000, -0.1736481776669316635 ) ) ;
#10406 = DIRECTION ( 'NONE',  ( -0.1736481776669299149, 0.000000000000000000, 0.9848077530122082424 ) ) ;
#10407 = EDGE_CURVE ( 'NONE', #3803, #4976, #6190, .T. ) ;
#10408 = ORIENTED_EDGE ( 'NONE', *, *, #820, .F. ) ;
#10409 = ADVANCED_FACE ( 'NONE', ( #10375 ), #3305, .F. ) ;
#10410 = UNCERTAINTY_MEASURE_WITH_UNIT (LENGTH_MEASURE( 1.000000000000000082E-05 ), #3699, 'distance_accuracy_value', 'NONE');
#10411 = ADVANCED_FACE ( 'NONE', ( #6224 ), #10190, .T. ) ;
#10412 = VERTEX_POINT ( 'NONE', #2485 ) ;
#10413 =( NAMED_UNIT ( * ) SI_UNIT ( $, .STERADIAN. ) SOLID_ANGLE_UNIT ( ) );
#10414 = CARTESIAN_POINT ( 'NONE',  ( 2.449511734408783337, 4.799999999999999822, 0.1000000000000000056 ) ) ;
#10415 = LINE ( 'NONE', #3139, #10376 ) ;
#10416 = DIRECTION ( 'NONE',  ( 0.000000000000000000, 1.000000000000000000, 0.000000000000000000 ) ) ;
#10417 = CIRCLE ( 'NONE', #4680, 0.2250000000000003664 ) ;
#10418 = CARTESIAN_POINT ( 'NONE',  ( -9.000000000000003553, 5.799999999999999822, 3.500000000000001332 ) ) ;
#10419 = ORIENTED_EDGE ( 'NONE', *, *, #6392, .T. ) ;
#10420 = AXIS2_PLACEMENT_3D ( 'NONE', #8901, #9768, #9914 ) ;
#10421 = ORIENTED_EDGE ( 'NONE', *, *, #6817, .T. ) ;
#10422 = ORIENTED_EDGE ( 'NONE', *, *, #1316, .T. ) ;
#10423 = COLOUR_RGB ( '',0.7529411764705882248, 0.000000000000000000, 0.000000000000000000 ) ;
#10424 = ORIENTED_EDGE ( 'NONE', *, *, #2643, .T. ) ;
#10425 = EDGE_CURVE ( 'NONE', #11419, #8615, #9839, .T. ) ;
#10426 = CARTESIAN_POINT ( 'NONE',  ( -12.71262581266359248, 4.799999999999999822, -3.500000000000000000 ) ) ;
#10427 = CARTESIAN_POINT ( 'NONE',  ( 11.11986355566336648, 4.799999999999999822, -2.550000000000000711 ) ) ;
#10428 =( GEOMETRIC_REPRESENTATION_CONTEXT ( 3 ) GLOBAL_UNCERTAINTY_ASSIGNED_CONTEXT ( ( #1975 ) ) GLOBAL_UNIT_ASSIGNED_CONTEXT ( ( #5983, #6891, #7769 ) ) REPRESENTATION_CONTEXT ( 'NONE', 'WORKASPACE' ) );
#10429 = ORIENTED_EDGE ( 'NONE', *, *, #11385, .F. ) ;
#10430 = DIRECTION ( 'NONE',  ( -0.000000000000000000, 1.000000000000000000, -0.000000000000000000 ) ) ;
#10431 = EDGE_CURVE ( 'NONE', #10508, #9977, #2586, .T. ) ;
#10432 = CARTESIAN_POINT ( 'NONE',  ( 1.270000000000000240, 0.5000000000000000000, 4.035000000000000142 ) ) ;
#10433 = LINE ( 'NONE', #6399, #10078 ) ;
#10434 = ORIENTED_EDGE ( 'NONE', *, *, #11341, .F. ) ;
#10435 = LINE ( 'NONE', #10599, #2726 ) ;
#10436 = CARTESIAN_POINT ( 'NONE',  ( 5.246014929306694441, 5.799999999999999822, 0.4749999999999995892 ) ) ;
#10437 = LINE ( 'NONE', #5215, #2357 ) ;
#10438 = ADVANCED_FACE ( 'NONE', ( #10081 ), #1539, .T. ) ;
#10439 = ORIENTED_EDGE ( 'NONE', *, *, #6430, .F. ) ;
#10440 = EDGE_CURVE ( 'NONE', #5589, #682, #2489, .T. ) ;
#10441 = VERTEX_POINT ( 'NONE', #6140 ) ;
#10442 = FILL_AREA_STYLE_COLOUR ( '', #9935 ) ;
#10443 = ORIENTED_EDGE ( 'NONE', *, *, #6791, .F. ) ;
#10444 = LINE ( 'NONE', #11259, #10591 ) ;
#10445 = DIRECTION ( 'NONE',  ( 0.000000000000000000, 1.000000000000000000, 0.000000000000000000 ) ) ;
#10446 = VERTEX_POINT ( 'NONE', #6980 ) ;
#10447 = CARTESIAN_POINT ( 'NONE',  ( 14.14999999999999680, 5.799999999999999822, -3.500000000000000444 ) ) ;
#10448 = DIRECTION ( 'NONE',  ( -0.000000000000000000, 1.000000000000000000, -0.000000000000000000 ) ) ;
#10449 = ORIENTED_EDGE ( 'NONE', *, *, #9029, .T. ) ;
#10450 = PLANE ( 'NONE',  #1332 ) ;
#10451 = EDGE_CURVE ( 'NONE', #7172, #2141, #2650, .T. ) ;
#10452 = CARTESIAN_POINT ( 'NONE',  ( 2.220595954050192056, 5.799999999999999822, 2.550000000000001155 ) ) ;
#10453 = STYLED_ITEM ( 'NONE', ( #525 ), #11495 ) ;
#10454 =( NAMED_UNIT ( * ) PLANE_ANGLE_UNIT ( ) SI_UNIT ( $, .RADIAN. ) );
#10455 = FILL_AREA_STYLE_COLOUR ( '', #6312 ) ;
#10456 = VERTEX_POINT ( 'NONE', #10576 ) ;
#10457 = FACE_OUTER_BOUND ( 'NONE', #3302, .T. ) ;
#10458 = DIRECTION ( 'NONE',  ( -1.000000000000000000, 0.000000000000000000, 0.000000000000000000 ) ) ;
#10459 = CYLINDRICAL_SURFACE ( 'NONE', #954, 0.2249999999999999500 ) ;
#10460 = ADVANCED_FACE ( 'NONE', ( #10128 ), #5268, .T. ) ;
#10461 = DIRECTION ( 'NONE',  ( 0.000000000000000000, 0.000000000000000000, 1.000000000000000000 ) ) ;
#10462 = ORIENTED_EDGE ( 'NONE', *, *, #5945, .F. ) ;
#10463 = CARTESIAN_POINT ( 'NONE',  ( 1.270000000000000240, -7.450000000000000178, -3.810000000000000941 ) ) ;
#10464 = EDGE_LOOP ( 'NONE', ( #7899, #3328, #6677, #10964 ) ) ;
#10465 = ORIENTED_EDGE ( 'NONE', *, *, #3563, .T. ) ;
#10466 = VECTOR ( 'NONE', #10689, 1000.000000000000000 ) ;
#10467 = DIRECTION ( 'NONE',  ( -1.000000000000000000, 0.000000000000000000, 1.630660900174879311E-16 ) ) ;
#10468 = ORIENTED_EDGE ( 'NONE', *, *, #8162, .T. ) ;
#10469 = PRESENTATION_LAYER_ASSIGNMENT (  '', '', ( #3070 ) ) ;
#10470 = FILL_AREA_STYLE_COLOUR ( '', #9269 ) ;
#10471 = EDGE_LOOP ( 'NONE', ( #3067, #2654 ) ) ;
#10472 = DIRECTION ( 'NONE',  ( 0.000000000000000000, 1.000000000000000000, 0.000000000000000000 ) ) ;
#10473 = ORIENTED_EDGE ( 'NONE', *, *, #3668, .F. ) ;
#10474 = LINE ( 'NONE', #9607, #2686 ) ;
#10475 = DIRECTION ( 'NONE',  ( 0.9848077530122082424, -0.000000000000000000, 0.1736481776669298038 ) ) ;
#10476 = DIRECTION ( 'NONE',  ( 1.000000000000000000, 0.000000000000000000, -3.465154412871614037E-16 ) ) ;
#10477 = DIRECTION ( 'NONE',  ( -0.000000000000000000, 1.000000000000000000, -0.000000000000000000 ) ) ;
#10478 = ORIENTED_EDGE ( 'NONE', *, *, #7080, .F. ) ;
#10479 = ORIENTED_EDGE ( 'NONE', *, *, #7818, .T. ) ;
#10480 = DIRECTION ( 'NONE',  ( 0.000000000000000000, 0.000000000000000000, 1.000000000000000000 ) ) ;
#10481 = ORIENTED_EDGE ( 'NONE', *, *, #10956, .F. ) ;
#10482 = LINE ( 'NONE', #1606, #6828 ) ;
#10483 = CARTESIAN_POINT ( 'NONE',  ( 24.00000000000000000, 5.799999999999999822, 0.000000000000000000 ) ) ;
#10484 = EDGE_LOOP ( 'NONE', ( #5083, #9691, #10090, #6998 ) ) ;
#10485 = DIRECTION ( 'NONE',  ( -0.000000000000000000, 1.000000000000000000, -0.000000000000000000 ) ) ;
#10486 = ADVANCED_FACE ( 'NONE', ( #6246 ), #1261, .T. ) ;
#10487 = DIRECTION ( 'NONE',  ( 0.000000000000000000, 0.000000000000000000, 1.000000000000000000 ) ) ;
#10488 = AXIS2_PLACEMENT_3D ( 'NONE', #8580, #9467, #1361 ) ;
#10489 = VERTEX_POINT ( 'NONE', #10187 ) ;
#10490 = EDGE_CURVE ( 'NONE', #6496, #4062, #2549, .T. ) ;
#10491 = LINE ( 'NONE', #9293, #10516 ) ;
#10492 = ORIENTED_EDGE ( 'NONE', *, *, #660, .T. ) ;
#10493 = ORIENTED_EDGE ( 'NONE', *, *, #7746, .F. ) ;
#10494 = FACE_OUTER_BOUND ( 'NONE', #6378, .T. ) ;
#10495 = EDGE_CURVE ( 'NONE', #11474, #1354, #10169, .T. ) ;
#10496 = DIRECTION ( 'NONE',  ( 0.000000000000000000, 1.000000000000000000, 0.000000000000000000 ) ) ;
#10497 = PLANE ( 'NONE',  #648 ) ;
#10498 = LINE ( 'NONE', #4429, #3090 ) ;
#10499 = CARTESIAN_POINT ( 'NONE',  ( -5.413525560979744355, 1.103909596859301789, 0.4750000000000004774 ) ) ;
#10500 = CARTESIAN_POINT ( 'NONE',  ( 16.09999999999999787, 0.000000000000000000, -4.350000000000000533 ) ) ;
#10501 = COLOUR_RGB ( '',0.7921568627450980005, 0.8196078431372548767, 0.9333333333333333481 ) ;
#10502 = DIRECTION ( 'NONE',  ( -0.000000000000000000, 1.000000000000000000, -0.000000000000000000 ) ) ;
#10503 = ORIENTED_EDGE ( 'NONE', *, *, #981, .T. ) ;
#10504 = EDGE_LOOP ( 'NONE', ( #212, #764, #10261, #8500 ) ) ;
#10505 = ORIENTED_EDGE ( 'NONE', *, *, #10363, .T. ) ;
#10506 = VECTOR ( 'NONE', #8277, 1000.000000000000000 ) ;
#10507 = CARTESIAN_POINT ( 'NONE',  ( 5.779404045949801727, 5.799999999999999822, -2.550000000000000711 ) ) ;
#10508 = VERTEX_POINT ( 'NONE', #5779 ) ;
#10509 = EDGE_CURVE ( 'NONE', #8699, #9088, #6411, .T. ) ;
#10510 = PLANE ( 'NONE',  #11363 ) ;
#10511 = DIRECTION ( 'NONE',  ( 0.1736481776669307753, 0.000000000000000000, -0.9848077530122080203 ) ) ;
#10512 = CARTESIAN_POINT ( 'NONE',  ( -5.765711135040744395, 4.799999999999999822, -3.500000000000000444 ) ) ;
#10513 = ORIENTED_EDGE ( 'NONE', *, *, #1632, .T. ) ;
#10514 = DIRECTION ( 'NONE',  ( 0.000000000000000000, -1.000000000000000000, -0.000000000000000000 ) ) ;
#10515 = ADVANCED_FACE ( 'NONE', ( #5996 ), #3967, .T. ) ;
#10516 = VECTOR ( 'NONE', #4872, 1000.000000000000000 ) ;
#10517 = ORIENTED_EDGE ( 'NONE', *, *, #2334, .T. ) ;
#10518 = EDGE_LOOP ( 'NONE', ( #2785, #5845, #2101, #4634 ) ) ;
#10519 = LINE ( 'NONE', #1373, #6856 ) ;
#10520 = DIRECTION ( 'NONE',  ( 1.000000000000000000, 0.000000000000000000, 0.000000000000000000 ) ) ;
#10521 = LINE ( 'NONE', #11437, #6767 ) ;
#10522 = SURFACE_STYLE_FILL_AREA ( #3346 ) ;
#10523 = ORIENTED_EDGE ( 'NONE', *, *, #3365, .F. ) ;
#10524 = EDGE_LOOP ( 'NONE', ( #916, #6557, #5427, #128 ) ) ;
#10525 = CARTESIAN_POINT ( 'NONE',  ( 6.999999999999997335, 5.799999999999999822, 3.025000000000000799 ) ) ;
#10526 = EDGE_LOOP ( 'NONE', ( #6527, #10174, #2455, #5786 ) ) ;
#10527 = LINE ( 'NONE', #2482, #6968 ) ;
#10528 = ORIENTED_EDGE ( 'NONE', *, *, #6562, .F. ) ;
#10529 = CARTESIAN_POINT ( 'NONE',  ( 10.48477713055047822, 4.799999999999999822, -0.1000000000000000056 ) ) ;
#10530 = DIRECTION ( 'NONE',  ( 0.000000000000000000, 0.000000000000000000, 1.000000000000000000 ) ) ;
#10531 = ORIENTED_EDGE ( 'NONE', *, *, #7772, .F. ) ;
#10532 = PLANE ( 'NONE',  #4625 ) ;
#10533 = LINE ( 'NONE', #10143, #3003 ) ;
#10534 = CARTESIAN_POINT ( 'NONE',  ( -6.365222869449524978, 5.799999999999999822, -0.09999999999999982514 ) ) ;
#10535 = DIRECTION ( 'NONE',  ( 0.000000000000000000, 1.000000000000000000, 0.000000000000000000 ) ) ;
#10536 = ORIENTED_EDGE ( 'NONE', *, *, #7080, .T. ) ;
#10537 = ORIENTED_EDGE ( 'NONE', *, *, #10580, .F. ) ;
#10538 = EDGE_CURVE ( 'NONE', #643, #8765, #6207, .T. ) ;
#10539 = FACE_OUTER_BOUND ( 'NONE', #1237, .T. ) ;
#10540 = EDGE_CURVE ( 'NONE', #7912, #7786, #10107, .T. ) ;
#10541 = CARTESIAN_POINT ( 'NONE',  ( -6.999999999999999112, 5.799999999999999822, 3.500000000000000444 ) ) ;
#10542 = LINE ( 'NONE', #2532, #10879 ) ;
#10543 = ADVANCED_FACE ( 'NONE', ( #9859 ), #4883, .F. ) ;
#10544 = FACE_OUTER_BOUND ( 'NONE', #5220, .T. ) ;
#10545 = CARTESIAN_POINT ( 'NONE',  ( 4.915711135040734980, 1.103909596859301789, 3.499999999999999556 ) ) ;
#10546 = ORIENTED_EDGE ( 'NONE', *, *, #10214, .T. ) ;
#10547 = ORIENTED_EDGE ( 'NONE', *, *, #9788, .T. ) ;
#10548 = ORIENTED_EDGE ( 'NONE', *, *, #9737, .F. ) ;
#10549 = LINE ( 'NONE', #1461, #3117 ) ;
#10550 = DIRECTION ( 'NONE',  ( 3.465154412871614037E-16, 0.000000000000000000, 1.000000000000000000 ) ) ;
#10551 = DIRECTION ( 'NONE',  ( -0.000000000000000000, 1.000000000000000000, -0.000000000000000000 ) ) ;
#10552 = VERTEX_POINT ( 'NONE', #4718 ) ;
#10553 = DIRECTION ( 'NONE',  ( 0.1736481776669312749, 0.000000000000000000, -0.9848077530122079093 ) ) ;
#10554 = CARTESIAN_POINT ( 'NONE',  ( 2.753985070693298898, 4.799999999999999822, -0.4749999999999989231 ) ) ;
#10555 = MANIFOLD_SOLID_BREP ( 'Boss-Extrude2[3]', #4373 ) ;
#10556 = EDGE_CURVE ( 'NONE', #3195, #9635, #6355, .T. ) ;
#10557 = CARTESIAN_POINT ( 'NONE',  ( -5.946914677622851642, 5.799999999999999822, 3.500000000000000444 ) ) ;
#10558 = MECHANICAL_DESIGN_GEOMETRIC_PRESENTATION_REPRESENTATION (  '', ( #10959 ), #8740 ) ;
#10559 = ORIENTED_EDGE ( 'NONE', *, *, #6585, .F. ) ;
#10560 = ORIENTED_EDGE ( 'NONE', *, *, #3833, .F. ) ;
#10561 = VECTOR ( 'NONE', #11525, 1000.000000000000000 ) ;
#10562 = AXIS2_PLACEMENT_3D ( 'NONE', #7263, #9175, #3666 ) ;
#10563 = CIRCLE ( 'NONE', #11453, 0.4750000000000005884 ) ;
#10564 = EDGE_CURVE ( 'NONE', #4062, #4643, #10228, .T. ) ;
#10565 = CARTESIAN_POINT ( 'NONE',  ( 9.634777130550475022, 4.799999999999999822, -0.09999999999999982514 ) ) ;
#10566 = DIRECTION ( 'NONE',  ( 0.1736481776669298316, 0.000000000000000000, -0.9848077530122081313 ) ) ;
#10567 = EDGE_CURVE ( 'NONE', #8256, #10050, #6266, .T. ) ;
#10568 = ADVANCED_FACE ( 'NONE', ( #2371 ), #2801, .F. ) ;
#10569 = CARTESIAN_POINT ( 'NONE',  ( -6.365222869449524978, 1.103909596859301789, -0.09999999999999982514 ) ) ;
#10570 = DIRECTION ( 'NONE',  ( 1.000000000000000000, 0.000000000000000000, -2.072739447398762653E-16 ) ) ;
#10571 = ORIENTED_EDGE ( 'NONE', *, *, #6028, .T. ) ;
#10572 = EDGE_LOOP ( 'NONE', ( #8356, #4932, #366, #2813 ) ) ;
#10573 = DIRECTION ( 'NONE',  ( 0.000000000000000000, -0.000000000000000000, 1.000000000000000000 ) ) ;
#10574 = ORIENTED_EDGE ( 'NONE', *, *, #3900, .T. ) ;
#10575 = VECTOR ( 'NONE', #7916, 1000.000000000000000 ) ;
#10576 = CARTESIAN_POINT ( 'NONE',  ( 14.14999999999999680, 4.799999999999999822, -3.500000000000000444 ) ) ;
#10577 = CARTESIAN_POINT ( 'NONE',  ( -5.550488265591217107, 4.799999999999999822, 0.1000000000000000056 ) ) ;
#10578 = CARTESIAN_POINT ( 'NONE',  ( -16.10000000000000142, 0.5000000000000000000, 4.350000000000000533 ) ) ;
#10579 = ORIENTED_EDGE ( 'NONE', *, *, #3970, .F. ) ;
#10580 = EDGE_CURVE ( 'NONE', #8083, #93, #2527, .T. ) ;
#10581 = SURFACE_STYLE_FILL_AREA ( #5975 ) ;
#10582 = VERTEX_POINT ( 'NONE', #9086 ) ;
#10583 = VERTEX_POINT ( 'NONE', #7399 ) ;
#10584 = EDGE_CURVE ( 'NONE', #6531, #7082, #2604, .T. ) ;
#10585 = CARTESIAN_POINT ( 'NONE',  ( 9.000000000000001776, 5.799999999999999822, 3.500000000000000444 ) ) ;
#10586 = PRESENTATION_STYLE_ASSIGNMENT (( #5162 ) ) ;
#10587 = EDGE_CURVE ( 'NONE', #2176, #6945, #10314, .T. ) ;
#10588 = PRESENTATION_LAYER_ASSIGNMENT (  '', '', ( #9993 ) ) ;
#10589 = ORIENTED_EDGE ( 'NONE', *, *, #6764, .T. ) ;
#10590 = ORIENTED_EDGE ( 'NONE', *, *, #4834, .T. ) ;
#10591 = VECTOR ( 'NONE', #9354, 1000.000000000000000 ) ;
#10592 = DIRECTION ( 'NONE',  ( -1.000000000000000000, 0.000000000000000000, 4.280484862959055418E-16 ) ) ;
#10593 = ADVANCED_FACE ( 'NONE', ( #6448 ), #8393, .T. ) ;
#10594 = CARTESIAN_POINT ( 'NONE',  ( -13.41352556097974436, 4.799999999999999822, 0.4750000000000004774 ) ) ;
#10595 = DIRECTION ( 'NONE',  ( 0.9848077530122080203, -0.000000000000000000, 0.1736481776669307753 ) ) ;
#10596 = DIRECTION ( 'NONE',  ( -1.000000000000000000, -0.000000000000000000, -2.072739447398758462E-16 ) ) ;
#10597 = EDGE_LOOP ( 'NONE', ( #3143, #6729, #6555, #2076 ) ) ;
#10598 = CARTESIAN_POINT ( 'NONE',  ( -12.88013644433663352, 5.799999999999999822, -2.550000000000000711 ) ) ;
#10599 = CARTESIAN_POINT ( 'NONE',  ( -2.753985070693306003, 5.799999999999999822, 0.4749999999999995892 ) ) ;
#10600 = CARTESIAN_POINT ( 'NONE',  ( 0.000000000000000000, 0.000000000000000000, 0.000000000000000000 ) ) ;
#10601 = LINE ( 'NONE', #5092, #2877 ) ;
#10602 = ORIENTED_EDGE ( 'NONE', *, *, #9334, .T. ) ;
#10603 = EDGE_LOOP ( 'NONE', ( #6705, #4365, #6792, #4385 ) ) ;
#10604 = PLANE ( 'NONE',  #7364 ) ;
#10605 = LINE ( 'NONE', #4990, #2763 ) ;
#10606 = VECTOR ( 'NONE', #3276, 1000.000000000000000 ) ;
#10607 = ORIENTED_EDGE ( 'NONE', *, *, #374, .F. ) ;
#10608 =( NAMED_UNIT ( * ) PLANE_ANGLE_UNIT ( ) SI_UNIT ( $, .RADIAN. ) );
#10609 = ORIENTED_EDGE ( 'NONE', *, *, #8324, .F. ) ;
#10610 = EDGE_CURVE ( 'NONE', #544, #3885, #10331, .T. ) ;
#10611 = AXIS2_PLACEMENT_3D ( 'NONE', #2092, #4670, #4920 ) ;
#10612 = DIRECTION ( 'NONE',  ( -0.000000000000000000, 1.000000000000000000, -0.000000000000000000 ) ) ;
#10613 = DIRECTION ( 'NONE',  ( 0.000000000000000000, 0.000000000000000000, -1.000000000000000000 ) ) ;
#10614 = FILL_AREA_STYLE_COLOUR ( '', #6614 ) ;
#10615 =( NAMED_UNIT ( * ) SI_UNIT ( $, .STERADIAN. ) SOLID_ANGLE_UNIT ( ) );
#10616 = LINE ( 'NONE', #8266, #10802 ) ;
#10617 = DIRECTION ( 'NONE',  ( 1.000000000000000000, 0.000000000000000000, -2.072739447398754025E-16 ) ) ;
#10618 = FILL_AREA_STYLE_COLOUR ( '', #10423 ) ;
#10619 = ORIENTED_EDGE ( 'NONE', *, *, #5148, .T. ) ;
#10620 = ORIENTED_EDGE ( 'NONE', *, *, #5279, .F. ) ;
#10621 = VECTOR ( 'NONE', #11370, 1000.000000000000000 ) ;
#10622 = AXIS2_PLACEMENT_3D ( 'NONE', #498, #422, #1438 ) ;
#10623 = SURFACE_STYLE_USAGE ( .BOTH. , #6040 ) ;
#10624 = LINE ( 'NONE', #4738, #2992 ) ;
#10625 = AXIS2_PLACEMENT_3D ( 'NONE', #8288, #9071, #10853 ) ;
#10626 = CIRCLE ( 'NONE', #6807, 0.4750000000000005884 ) ;
#10627 = ORIENTED_EDGE ( 'NONE', *, *, #6953, .F. ) ;
#10628 = ORIENTED_EDGE ( 'NONE', *, *, #1896, .F. ) ;
#10629 = CYLINDRICAL_SURFACE ( 'NONE', #2264, 0.4750000000000004774 ) ;
#10630 = DIRECTION ( 'NONE',  ( -0.1736481776669302757, 0.000000000000000000, 0.9848077530122080203 ) ) ;
#10631 = MANIFOLD_SOLID_BREP ( 'LPattern2[11]', #6911 ) ;
#10632 = EDGE_CURVE ( 'NONE', #4957, #10860, #6914, .T. ) ;
#10633 = AXIS2_PLACEMENT_3D ( 'NONE', #11145, #4791, #2946 ) ;
#10634 = PLANE ( 'NONE',  #8864 ) ;
#10635 = CARTESIAN_POINT ( 'NONE',  ( -6.149999999999999467, 4.799999999999999822, 3.500000000000000444 ) ) ;
#10636 = AXIS2_PLACEMENT_3D ( 'NONE', #7388, #8375, #5689 ) ;
#10637 = CARTESIAN_POINT ( 'NONE',  ( -14.40048826559121942, 4.799999999999999822, 0.09999999999999982514 ) ) ;
#10638 = DIRECTION ( 'NONE',  ( 0.000000000000000000, 1.000000000000000000, 0.000000000000000000 ) ) ;
#10639 = ORIENTED_EDGE ( 'NONE', *, *, #5603, .T. ) ;
#10640 = VERTEX_POINT ( 'NONE', #5936 ) ;
#10641 = VECTOR ( 'NONE', #8957, 1000.000000000000114 ) ;
#10642 = ADVANCED_FACE ( 'NONE', ( #10494 ), #6771, .T. ) ;
#10643 = DIRECTION ( 'NONE',  ( -0.000000000000000000, 1.000000000000000000, -0.000000000000000000 ) ) ;
#10644 = AXIS2_PLACEMENT_3D ( 'NONE', #7217, #8113, #9048 ) ;
#10645 = DIRECTION ( 'NONE',  ( 0.1736481776669307475, 0.000000000000000000, -0.9848077530122080203 ) ) ;
#10646 = CARTESIAN_POINT ( 'NONE',  ( 3.119863555663366483, 5.799999999999999822, -2.550000000000000711 ) ) ;
#10647 = EDGE_LOOP ( 'NONE', ( #6007, #6803, #9531, #5925 ) ) ;
#10648 = EDGE_CURVE ( 'NONE', #7047, #268, #10474, .T. ) ;
#10649 = ORIENTED_EDGE ( 'NONE', *, *, #3039, .F. ) ;
#10650 = VECTOR ( 'NONE', #8069, 1000.000000000000000 ) ;
#10651 = CARTESIAN_POINT ( 'NONE',  ( 10.16000000000000014, -7.450000000000000178, 0.000000000000000000 ) ) ;
#10652 = CARTESIAN_POINT ( 'NONE',  ( 10.48477713055047822, 5.799999999999999822, -0.1000000000000000056 ) ) ;
#10653 = EDGE_CURVE ( 'NONE', #8459, #7082, #6880, .T. ) ;
#10655 = DIRECTION ( 'NONE',  ( 0.1736481776669307475, 0.000000000000000000, -0.9848077530122080203 ) ) ;
#10654 = LINE ( 'NONE', #2044, #6719 ) ;
#10656 = ORIENTED_EDGE ( 'NONE', *, *, #10843, .F. ) ;
#10657 = VERTEX_POINT ( 'NONE', #2358 ) ;
#10658 = VECTOR ( 'NONE', #3258, 1000.000000000000000 ) ;
#10659 =( NAMED_UNIT ( * ) SI_UNIT ( $, .STERADIAN. ) SOLID_ANGLE_UNIT ( ) );
#10660 = FACE_OUTER_BOUND ( 'NONE', #1443, .T. ) ;
#10661 = DIRECTION ( 'NONE',  ( -1.000000000000000000, 0.000000000000000000, -0.000000000000000000 ) ) ;
#10662 = DIRECTION ( 'NONE',  ( 0.000000000000000000, 1.000000000000000000, 0.000000000000000000 ) ) ;
#10663 = VECTOR ( 'NONE', #11167, 1000.000000000000000 ) ;
#10664 = ADVANCED_FACE ( 'NONE', ( #10457 ), #9457, .T. ) ;
#10665 = CARTESIAN_POINT ( 'NONE',  ( 5.779404045949801727, 4.799999999999999822, -2.550000000000000711 ) ) ;
#10666 = ORIENTED_EDGE ( 'NONE', *, *, #8168, .F. ) ;
#10667 = ORIENTED_EDGE ( 'NONE', *, *, #8022, .T. ) ;
#10668 = VECTOR ( 'NONE', #1151, 1000.000000000000000 ) ;
#10669 = AXIS2_PLACEMENT_3D ( 'NONE', #6248, #5582, #10756 ) ;
#10670 = CARTESIAN_POINT ( 'NONE',  ( -0.2205331856370015831, 3.456497115745557291, 1.250705846325504966 ) ) ;
#10671 = CARTESIAN_POINT ( 'NONE',  ( -4.880136444336633517, 1.103909596859301789, -2.550000000000000711 ) ) ;
#10672 = DIRECTION ( 'NONE',  ( -1.000000000000000000, 0.000000000000000000, 1.630660900174879311E-16 ) ) ;
#10673 = LINE ( 'NONE', #4320, #2898 ) ;
#10674 = ORIENTED_EDGE ( 'NONE', *, *, #10632, .T. ) ;
#10675 = EDGE_LOOP ( 'NONE', ( #9926, #10859, #1766, #2157 ) ) ;
#10676 = LINE ( 'NONE', #6923, #2972 ) ;
#10677 = CARTESIAN_POINT ( 'NONE',  ( -6.349999999999999645, -15.53639610306789187, 3.810000000000000053 ) ) ;
#10678 = EDGE_LOOP ( 'NONE', ( #8227, #8310, #7765, #3661 ) ) ;
#10679 = DIRECTION ( 'NONE',  ( 0.000000000000000000, 0.000000000000000000, 1.000000000000000000 ) ) ;
#10680 = ORIENTED_EDGE ( 'NONE', *, *, #2727, .T. ) ;
#10681 = AXIS2_PLACEMENT_3D ( 'NONE', #132, #7346, #4662 ) ;
#10682 = ADVANCED_FACE ( 'NONE', ( #6784 ), #6017, .T. ) ;
#10683 = DIRECTION ( 'NONE',  ( 0.1736481776669307753, 0.000000000000000000, -0.9848077530122080203 ) ) ;
#10684 = EDGE_CURVE ( 'NONE', #4467, #8737, #2761, .T. ) ;
#10685 = EDGE_CURVE ( 'NONE', #5504, #7845, #10676, .T. ) ;
#10686 =( NAMED_UNIT ( * ) PLANE_ANGLE_UNIT ( ) SI_UNIT ( $, .RADIAN. ) );
#10687 = LINE ( 'NONE', #9560, #2931 ) ;
#10688 =( NAMED_UNIT ( * ) SI_UNIT ( $, .STERADIAN. ) SOLID_ANGLE_UNIT ( ) );
#10689 = DIRECTION ( 'NONE',  ( 1.000000000000000000, 0.000000000000000000, -2.072739447398762653E-16 ) ) ;
#10690 = CLOSED_SHELL ( 'NONE', ( #10056, #6060, #3130, #4361, #5772, #33 ) ) ;
#10691 = VERTEX_POINT ( 'NONE', #4128 ) ;
#10692 = LINE ( 'NONE', #1427, #6551 ) ;
#10693 = LINE ( 'NONE', #8243, #3113 ) ;
#10694 = AXIS2_PLACEMENT_3D ( 'NONE', #4011, #4601, #7283 ) ;
#10695 = UNCERTAINTY_MEASURE_WITH_UNIT (LENGTH_MEASURE( 1.000000000000000082E-05 ), #398, 'distance_accuracy_value', 'NONE');
#10696 = DIRECTION ( 'NONE',  ( 0.000000000000000000, 0.000000000000000000, -1.000000000000000000 ) ) ;
#10697 = ORIENTED_EDGE ( 'NONE', *, *, #3172, .T. ) ;
#10698 = ORIENTED_EDGE ( 'NONE', *, *, #10279, .T. ) ;
#10699 = LINE ( 'NONE', #4455, #10506 ) ;
#10700 = PLANE ( 'NONE',  #39 ) ;
#10701 = EDGE_CURVE ( 'NONE', #829, #4133, #10692, .T. ) ;
#10702 = AXIS2_PLACEMENT_3D ( 'NONE', #8357, #2021, #4091 ) ;
#10703 = DIRECTION ( 'NONE',  ( -0.000000000000000000, 1.000000000000000000, -0.000000000000000000 ) ) ;
#10704 = CARTESIAN_POINT ( 'NONE',  ( 11.28737418733640752, 4.799999999999999822, -3.500000000000000000 ) ) ;
#10705 = CARTESIAN_POINT ( 'NONE',  ( -1.000000000000002665, 4.799999999999999822, 2.550000000000000266 ) ) ;
#10706 = AXIS2_PLACEMENT_3D ( 'NONE', #301, #7606, #7376 ) ;
#10707 = EDGE_CURVE ( 'NONE', #11222, #6385, #10435, .T. ) ;
#10708 = EDGE_CURVE ( 'NONE', #1449, #3136, #6610, .T. ) ;
#10709 = CARTESIAN_POINT ( 'NONE',  ( 5.765711135040735513, 5.799999999999999822, 3.499999999999999556 ) ) ;
#10710 = LINE ( 'NONE', #5010, #6652 ) ;
#10711 = EDGE_LOOP ( 'NONE', ( #812, #2901, #9529, #1958 ) ) ;
#10712 = EDGE_LOOP ( 'NONE', ( #10075, #5396, #10179, #3626 ) ) ;
#10713 = LINE ( 'NONE', #60, #2991 ) ;
#10714 = LINE ( 'NONE', #6538, #6658 ) ;
#10715 = DIRECTION ( 'NONE',  ( 0.000000000000000000, 1.000000000000000000, 0.000000000000000000 ) ) ;
#10716 = FACE_OUTER_BOUND ( 'NONE', #5709, .T. ) ;
#10717 = DIRECTION ( 'NONE',  ( 1.000000000000000000, 0.000000000000000000, -2.072739447398762653E-16 ) ) ;
#10718 =( LENGTH_UNIT ( ) NAMED_UNIT ( * ) SI_UNIT ( .MILLI., .METRE. ) );
#10719 = EDGE_CURVE ( 'NONE', #1946, #701, #2744, .T. ) ;
#10720 = ORIENTED_EDGE ( 'NONE', *, *, #9373, .F. ) ;
#10721 =( LENGTH_UNIT ( ) NAMED_UNIT ( * ) SI_UNIT ( .MILLI., .METRE. ) );
#10722 = ORIENTED_EDGE ( 'NONE', *, *, #3239, .F. ) ;
#10723 = VECTOR ( 'NONE', #3504, 1000.000000000000114 ) ;
#10724 = CARTESIAN_POINT ( 'NONE',  ( -14.36522286944952498, 4.799999999999999822, -0.09999999999999982514 ) ) ;
#10725 = CARTESIAN_POINT ( 'NONE',  ( -6.149999999999999467, 4.799999999999999822, 3.500000000000000444 ) ) ;
#10726 = EDGE_CURVE ( 'NONE', #8004, #4451, #6743, .T. ) ;
#10727 = EDGE_CURVE ( 'NONE', #10657, #3553, #2917, .T. ) ;
#10728 = AXIS2_PLACEMENT_3D ( 'NONE', #10939, #6519, #11010 ) ;
#10729 = LINE ( 'NONE', #6424, #3085 ) ;
#10730 = VERTEX_POINT ( 'NONE', #10432 ) ;
#10731 = VERTEX_POINT ( 'NONE', #5298 ) ;
#10732 = CIRCLE ( 'NONE', #2768, 0.4750000000000005884 ) ;
#10733 = CARTESIAN_POINT ( 'NONE',  ( -0.2205331856370015831, 5.799999999999999822, 1.250705846325504966 ) ) ;
#10734 = CARTESIAN_POINT ( 'NONE',  ( 13.94691467762284276, 1.103909596859301789, -3.500000000000000444 ) ) ;
#10735 = VECTOR ( 'NONE', #3475, 1000.000000000000114 ) ;
#10736 = ADVANCED_FACE ( 'NONE', ( #2903 ), #483, .F. ) ;
#10737 = VECTOR ( 'NONE', #7969, 1000.000000000000000 ) ;
#10738 = CARTESIAN_POINT ( 'NONE',  ( 13.76571113504073551, 4.799999999999999822, 3.499999999999999556 ) ) ;
#10739 = DIRECTION ( 'NONE',  ( -1.000000000000000000, 0.000000000000000000, 0.000000000000000000 ) ) ;
#10740 = VERTEX_POINT ( 'NONE', #434 ) ;
#10741 = MECHANICAL_DESIGN_GEOMETRIC_PRESENTATION_REPRESENTATION (  '', ( #3862 ), #2645 ) ;
#10742 = ORIENTED_EDGE ( 'NONE', *, *, #5159, .F. ) ;
#10743 = LINE ( 'NONE', #9779, #10466 ) ;
#10744 = DIRECTION ( 'NONE',  ( 0.000000000000000000, 0.000000000000000000, -1.000000000000000000 ) ) ;
#10745 = DIRECTION ( 'NONE',  ( 0.000000000000000000, 0.000000000000000000, -1.000000000000000000 ) ) ;
#10746 = CARTESIAN_POINT ( 'NONE',  ( -13.76571113504074440, 5.799999999999999822, -3.500000000000000444 ) ) ;
#10747 = DIRECTION ( 'NONE',  ( 0.1736481776669307475, 0.000000000000000000, -0.9848077530122080203 ) ) ;
#10748 = ORIENTED_EDGE ( 'NONE', *, *, #10941, .F. ) ;
#10749 = ORIENTED_EDGE ( 'NONE', *, *, #10998, .F. ) ;
#10750 = VECTOR ( 'NONE', #8651, 1000.000000000000114 ) ;
#10751 = DIRECTION ( 'NONE',  ( 0.1736481776669307753, 0.000000000000000000, -0.9848077530122080203 ) ) ;
#10752 = AXIS2_PLACEMENT_3D ( 'NONE', #6064, #8389, #7470 ) ;
#10753 = DIRECTION ( 'NONE',  ( 0.000000000000000000, -0.000000000000000000, 1.000000000000000000 ) ) ;
#10754 = COLOUR_RGB ( '',0.7529411764705882248, 0.000000000000000000, 0.000000000000000000 ) ;
#10755 = VERTEX_POINT ( 'NONE', #6715 ) ;
#10756 = DIRECTION ( 'NONE',  ( 0.1736481776669298038, 0.000000000000000000, -0.9848077530122082424 ) ) ;
#10757 = VERTEX_POINT ( 'NONE', #2748 ) ;
#10758 = FACE_OUTER_BOUND ( 'NONE', #8269, .T. ) ;
#10759 = CARTESIAN_POINT ( 'NONE',  ( 14.99999999999999822, 1.103909596859301789, 2.550000000000000266 ) ) ;
#10760 = DIRECTION ( 'NONE',  ( 0.000000000000000000, 0.000000000000000000, 1.000000000000000000 ) ) ;
#10761 = AXIS2_PLACEMENT_3D ( 'NONE', #1990, #5712, #5792 ) ;
#10762 = AXIS2_PLACEMENT_3D ( 'NONE', #5655, #6466, #8262 ) ;
#10763 =( LENGTH_UNIT ( ) NAMED_UNIT ( * ) SI_UNIT ( .MILLI., .METRE. ) );
#10764 = CARTESIAN_POINT ( 'NONE',  ( -6.365222869449524978, 4.799999999999999822, -0.09999999999999982514 ) ) ;
#10765 = EDGE_LOOP ( 'NONE', ( #665, #4187, #10620, #7828 ) ) ;
#10766 = CARTESIAN_POINT ( 'NONE',  ( -9.850000000000003197, 4.799999999999999822, -3.500000000000000444 ) ) ;
#10767 = CARTESIAN_POINT ( 'NONE',  ( 13.51522286944952000, 4.799999999999999822, 0.09999999999999982514 ) ) ;
#10768 = ORIENTED_EDGE ( 'NONE', *, *, #4396, .F. ) ;
#10769 = EDGE_LOOP ( 'NONE', ( #1320, #2399, #9481, #10720 ) ) ;
#10770 = VECTOR ( 'NONE', #3525, 1000.000000000000000 ) ;
#10771 = DIRECTION ( 'NONE',  ( -0.000000000000000000, 1.000000000000000000, -0.000000000000000000 ) ) ;
#10772 = EDGE_CURVE ( 'NONE', #9119, #6245, #10713, .T. ) ;
#10773 = LINE ( 'NONE', #4995, #10663 ) ;
#10774 = DIRECTION ( 'NONE',  ( 0.000000000000000000, 0.000000000000000000, 1.000000000000000000 ) ) ;
#10775 = AXIS2_PLACEMENT_3D ( 'NONE', #2010, #3611, #9121 ) ;
#10776 = ORIENTED_EDGE ( 'NONE', *, *, #4136, .F. ) ;
#10777 = ORIENTED_EDGE ( 'NONE', *, *, #3013, .T. ) ;
#10778 = EDGE_CURVE ( 'NONE', #819, #5324, #6762, .T. ) ;
#10779 = ADVANCED_FACE ( 'NONE', ( #6633 ), #966, .T. ) ;
#10780 = DIRECTION ( 'NONE',  ( 0.000000000000000000, 0.000000000000000000, 1.000000000000000000 ) ) ;
#10781 = FILL_AREA_STYLE ('',( #236 ) ) ;
#10782 = EDGE_LOOP ( 'NONE', ( #11496, #8887, #7420, #8850 ) ) ;
#10783 = CIRCLE ( 'NONE', #8259, 0.4750000000000005884 ) ;
#10784 = EDGE_CURVE ( 'NONE', #8264, #1231, #10519, .T. ) ;
#10785 = ORIENTED_EDGE ( 'NONE', *, *, #6624, .F. ) ;
#10786 = EDGE_LOOP ( 'NONE', ( #2736, #7339, #6609, #7403 ) ) ;
#10787 = VECTOR ( 'NONE', #10963, 1000.000000000000000 ) ;
#10788 = FACE_OUTER_BOUND ( 'NONE', #11137, .T. ) ;
#10789 = DIRECTION ( 'NONE',  ( 1.000000000000000000, -0.000000000000000000, -0.000000000000000000 ) ) ;
#10790 = EDGE_CURVE ( 'NONE', #6331, #1160, #10732, .T. ) ;
#10791 = DIRECTION ( 'NONE',  ( 1.000000000000000000, 0.000000000000000000, -3.465154412871614037E-16 ) ) ;
#10792 = CARTESIAN_POINT ( 'NONE',  ( -10.58647443902026453, 4.799999999999999822, -0.4750000000000000333 ) ) ;
#10793 = DIRECTION ( 'NONE',  ( 0.9848077530122081313, 0.000000000000000000, 0.1736481776669298593 ) ) ;
#10794 = VERTEX_POINT ( 'NONE', #4829 ) ;
#10795 = DIRECTION ( 'NONE',  ( 0.000000000000000000, 1.000000000000000000, 0.000000000000000000 ) ) ;
#10796 = ORIENTED_EDGE ( 'NONE', *, *, #7778, .T. ) ;
#10797 = FACE_OUTER_BOUND ( 'NONE', #9546, .T. ) ;
#10798 = DIRECTION ( 'NONE',  ( 0.000000000000000000, 0.000000000000000000, -1.000000000000000000 ) ) ;
#10799 = DIRECTION ( 'NONE',  ( 0.000000000000000000, 1.000000000000000000, 0.000000000000000000 ) ) ;
#10800 = CARTESIAN_POINT ( 'NONE',  ( -1.634777130550480573, 4.799999999999999822, 0.1000000000000000056 ) ) ;
#10801 = ORIENTED_EDGE ( 'NONE', *, *, #7015, .F. ) ;
#10802 = VECTOR ( 'NONE', #2394, 1000.000000000000000 ) ;
#10803 = ORIENTED_EDGE ( 'NONE', *, *, #4058, .F. ) ;
#10804 = ORIENTED_EDGE ( 'NONE', *, *, #3487, .T. ) ;
#10805 = DIRECTION ( 'NONE',  ( 0.000000000000000000, 0.000000000000000000, -1.000000000000000000 ) ) ;
#10806 = PRESENTATION_STYLE_ASSIGNMENT (( #1580 ) ) ;
#10807 =( NAMED_UNIT ( * ) PLANE_ANGLE_UNIT ( ) SI_UNIT ( $, .RADIAN. ) );
#10808 = VECTOR ( 'NONE', #11096, 1000.000000000000000 ) ;
#10809 = DIRECTION ( 'NONE',  ( 0.000000000000000000, 1.000000000000000000, 0.000000000000000000 ) ) ;
#10810 = ORIENTED_EDGE ( 'NONE', *, *, #1107, .T. ) ;
#10811 = ORIENTED_EDGE ( 'NONE', *, *, #1648, .T. ) ;
#10812 = VECTOR ( 'NONE', #7529, 1000.000000000000000 ) ;
#10813 = CARTESIAN_POINT ( 'NONE',  ( 6.350000000000001421, 0.5000000000000000000, -3.810000000000000941 ) ) ;
#10814 = DIRECTION ( 'NONE',  ( -0.1736481776669316357, 0.000000000000000000, 0.9848077530122077983 ) ) ;
#10815 = PLANE ( 'NONE',  #10681 ) ;
#10816 = CARTESIAN_POINT ( 'NONE',  ( -0.2205331856370015275, 4.799999999999999822, 0.7757058463255042113 ) ) ;
#10817 = ORIENTED_EDGE ( 'NONE', *, *, #1974, .T. ) ;
#10818 = FACE_OUTER_BOUND ( 'NONE', #3941, .T. ) ;
#10819 = AXIS2_PLACEMENT_3D ( 'NONE', #5933, #10266, #6594 ) ;
#10820 = ORIENTED_EDGE ( 'NONE', *, *, #1305, .T. ) ;
#10821 = VERTEX_POINT ( 'NONE', #9333 ) ;
#10822 = CARTESIAN_POINT ( 'NONE',  ( -6.349999999999999645, 0.5000000000000000000, 3.810000000000000053 ) ) ;
#10823 = CARTESIAN_POINT ( 'NONE',  ( -9.000000000000003553, 4.799999999999999822, 3.500000000000001332 ) ) ;
#10824 = EDGE_CURVE ( 'NONE', #10294, #4265, #6897, .T. ) ;
#10825 = ADVANCED_FACE ( 'NONE', ( #2806 ), #4668, .T. ) ;
#10826 = FACE_OUTER_BOUND ( 'NONE', #6742, .T. ) ;
#10827 = EDGE_CURVE ( 'NONE', #6051, #7912, #3007, .T. ) ;
#10828 = ORIENTED_EDGE ( 'NONE', *, *, #4274, .T. ) ;
#10829 = CARTESIAN_POINT ( 'NONE',  ( -14.36522286944952498, 4.799999999999999822, -0.09999999999999982514 ) ) ;
#10830 = ORIENTED_EDGE ( 'NONE', *, *, #7214, .F. ) ;
#10831 = LINE ( 'NONE', #2328, #10812 ) ;
#10832 = EDGE_CURVE ( 'NONE', #7582, #8831, #6678, .T. ) ;
#10833 =( NAMED_UNIT ( * ) SI_UNIT ( $, .STERADIAN. ) SOLID_ANGLE_UNIT ( ) );
#10834 = UNCERTAINTY_MEASURE_WITH_UNIT (LENGTH_MEASURE( 1.000000000000000082E-05 ), #2135, 'distance_accuracy_value', 'NONE');
#10835 = PRESENTATION_LAYER_ASSIGNMENT (  '', '', ( #1444 ) ) ;
#10836 = DIRECTION ( 'NONE',  ( 0.000000000000000000, 1.000000000000000000, 0.000000000000000000 ) ) ;
#10837 = ORIENTED_EDGE ( 'NONE', *, *, #10832, .T. ) ;
#10838 = FACE_OUTER_BOUND ( 'NONE', #8932, .T. ) ;
#10839 = PLANE ( 'NONE',  #3972 ) ;
#10840 = DIRECTION ( 'NONE',  ( 0.000000000000000000, 0.000000000000000000, 1.000000000000000000 ) ) ;
#10841 = ORIENTED_EDGE ( 'NONE', *, *, #4232, .T. ) ;
#10842 = CLOSED_SHELL ( 'NONE', ( #1338, #10438, #10825, #1651, #3081, #7531 ) ) ;
#10843 = EDGE_CURVE ( 'NONE', #3834, #9200, #2956, .T. ) ;
#10844 = FACE_OUTER_BOUND ( 'NONE', #4337, .T. ) ;
#10845 = AXIS2_PLACEMENT_3D ( 'NONE', #9353, #7442, #11048 ) ;
#10846 = VECTOR ( 'NONE', #378, 1000.000000000000114 ) ;
#10847 = PLANE ( 'NONE',  #4002 ) ;
#10848 = EDGE_CURVE ( 'NONE', #5315, #7264, #3033, .T. ) ;
#10849 = VERTEX_POINT ( 'NONE', #11032 ) ;
#10850 = ORIENTED_EDGE ( 'NONE', *, *, #1988, .T. ) ;
#10851 = LINE ( 'NONE', #7551, #7111 ) ;
#10852 = DIRECTION ( 'NONE',  ( -0.1736481776669302757, 0.000000000000000000, 0.9848077530122080203 ) ) ;
#10853 = DIRECTION ( 'NONE',  ( 0.000000000000000000, -0.000000000000000000, 1.000000000000000000 ) ) ;
#10854 = DIRECTION ( 'NONE',  ( 0.000000000000000000, 1.000000000000000000, 0.000000000000000000 ) ) ;
#10855 = CARTESIAN_POINT ( 'NONE',  ( -13.41352556097974436, 4.799999999999999822, 0.4750000000000004774 ) ) ;
#10856 = CARTESIAN_POINT ( 'NONE',  ( 24.00000000000000000, 4.799999999999999822, 0.000000000000000000 ) ) ;
#10857 = VERTEX_POINT ( 'NONE', #7584 ) ;
#10858 = VECTOR ( 'NONE', #2551, 1000.000000000000000 ) ;
#10859 = ORIENTED_EDGE ( 'NONE', *, *, #2592, .T. ) ;
#10860 = VERTEX_POINT ( 'NONE', #5650 ) ;
#10861 = CARTESIAN_POINT ( 'NONE',  ( -10.05308532237715724, 4.799999999999999822, -3.500000000000000444 ) ) ;
#10862 =( NAMED_UNIT ( * ) PLANE_ANGLE_UNIT ( ) SI_UNIT ( $, .RADIAN. ) );
#10863 = DIRECTION ( 'NONE',  ( -0.000000000000000000, 0.000000000000000000, 1.000000000000000000 ) ) ;
#10864 = ORIENTED_EDGE ( 'NONE', *, *, #218, .F. ) ;
#10865 = CARTESIAN_POINT ( 'NONE',  ( -10.23428886495926449, 4.799999999999999822, 3.499999999999999556 ) ) ;
#10866 = ORIENTED_EDGE ( 'NONE', *, *, #8284, .F. ) ;
#10867 = CYLINDRICAL_SURFACE ( 'NONE', #6283, 0.4750000000000005884 ) ;
#10868 = EDGE_CURVE ( 'NONE', #7109, #8637, #3051, .T. ) ;
#10869 = CARTESIAN_POINT ( 'NONE',  ( 10.48477713055047822, 4.799999999999999822, -0.1000000000000000056 ) ) ;
#10870 = PRESENTATION_LAYER_ASSIGNMENT (  '', '', ( #3855 ) ) ;
#10871 = ADVANCED_FACE ( 'NONE', ( #10539 ), #353, .T. ) ;
#10872 = CARTESIAN_POINT ( 'NONE',  ( -14.36522286944952498, 4.799999999999999822, -0.09999999999999982514 ) ) ;
#10873 = CARTESIAN_POINT ( 'NONE',  ( -2.053085322377157684, 5.799999999999999822, -3.500000000000000444 ) ) ;
#10874 = ORIENTED_EDGE ( 'NONE', *, *, #1932, .F. ) ;
#10875 = LINE ( 'NONE', #10995, #10980 ) ;
#10876 = VERTEX_POINT ( 'NONE', #8511 ) ;
#10877 = VERTEX_POINT ( 'NONE', #1292 ) ;
#10878 = DIRECTION ( 'NONE',  ( -0.000000000000000000, 1.000000000000000000, -0.000000000000000000 ) ) ;
#10879 = VECTOR ( 'NONE', #1724, 1000.000000000000000 ) ;
#10880 = PLANE ( 'NONE',  #8946 ) ;
#10881 = VECTOR ( 'NONE', #2998, 1000.000000000000114 ) ;
#10882 = CARTESIAN_POINT ( 'NONE',  ( 3.810000000000000941, -7.450000000000000178, 3.810000000000000053 ) ) ;
#10883 = ORIENTED_EDGE ( 'NONE', *, *, #1175, .F. ) ;
#10884 = ORIENTED_EDGE ( 'NONE', *, *, #2727, .F. ) ;
#10885 = COLOUR_RGB ( '',0.7529411764705882248, 0.000000000000000000, 0.000000000000000000 ) ;
#10886 = CARTESIAN_POINT ( 'NONE',  ( 5.413525560979735474, 5.799999999999999822, -0.4750000000000000333 ) ) ;
#10887 = DIRECTION ( 'NONE',  ( -0.000000000000000000, 1.000000000000000000, -0.000000000000000000 ) ) ;
#10888 = CARTESIAN_POINT ( 'NONE',  ( 3.287374187336407516, 4.799999999999999822, -3.500000000000000000 ) ) ;
#10889 = DIRECTION ( 'NONE',  ( 0.000000000000000000, -1.000000000000000000, -0.000000000000000000 ) ) ;
#10890 = ADVANCED_FACE ( 'NONE', ( #6700 ), #5729, .T. ) ;
#10891 = ORIENTED_EDGE ( 'NONE', *, *, #9722, .F. ) ;
#10892 = ORIENTED_EDGE ( 'NONE', *, *, #8235, .F. ) ;
#10893 = DIRECTION ( 'NONE',  ( 0.9848077530122081313, 0.000000000000000000, 0.1736481776669298316 ) ) ;
#10894 = CARTESIAN_POINT ( 'NONE',  ( -11.11986355566337181, 1.103909596859301789, 2.550000000000000711 ) ) ;
#10895 = VECTOR ( 'NONE', #10617, 1000.000000000000000 ) ;
#10896 = AXIS2_PLACEMENT_3D ( 'NONE', #2927, #6569, #2773 ) ;
#10897 = ORIENTED_EDGE ( 'NONE', *, *, #4749, .T. ) ;
#10898 = CARTESIAN_POINT ( 'NONE',  ( -1.269999999999999352, 0.5000000000000000000, 4.035000000000000142 ) ) ;
#10899 = EDGE_CURVE ( 'NONE', #8615, #10997, #3069, .T. ) ;
#10900 = VERTEX_POINT ( 'NONE', #886 ) ;
#10901 = SURFACE_STYLE_FILL_AREA ( #2563 ) ;
#10902 = CARTESIAN_POINT ( 'NONE',  ( -11.28737418733641285, 1.103909596859301789, 3.500000000000000444 ) ) ;
#10903 = EDGE_CURVE ( 'NONE', #8997, #2995, #2845, .T. ) ;
#10904 = SURFACE_SIDE_STYLE ('',( #7104 ) ) ;
#10905 = AXIS2_PLACEMENT_3D ( 'NONE', #769, #5254, #5331 ) ;
#10906 = CARTESIAN_POINT ( 'NONE',  ( 13.94691467762284276, 1.103909596859301789, -3.500000000000000444 ) ) ;
#10907 = ORIENTED_EDGE ( 'NONE', *, *, #5585, .F. ) ;
#10908 = DIRECTION ( 'NONE',  ( 0.9848077530122079093, 0.000000000000000000, 0.1736481776669312749 ) ) ;
#10909 = CARTESIAN_POINT ( 'NONE',  ( 6.400488265591213199, 1.103909596859301789, -0.1000000000000000056 ) ) ;
#10910 = EDGE_LOOP ( 'NONE', ( #659, #8599, #8010, #979 ) ) ;
#10911 = EDGE_CURVE ( 'NONE', #6390, #5155, #2856, .T. ) ;
#10912 = CARTESIAN_POINT ( 'NONE',  ( -10.23428886495926449, 4.799999999999999822, 3.499999999999999556 ) ) ;
#10913 = LINE ( 'NONE', #687, #10928 ) ;
#10914 = ADVANCED_FACE ( 'NONE', ( #5023 ), #7830, .F. ) ;
#10915 = FACE_OUTER_BOUND ( 'NONE', #7171, .T. ) ;
#10916 = DIRECTION ( 'NONE',  ( -0.000000000000000000, -1.000000000000000000, -0.000000000000000000 ) ) ;
#10917 = ORIENTED_EDGE ( 'NONE', *, *, #7352, .F. ) ;
#10918 = ORIENTED_EDGE ( 'NONE', *, *, #7885, .F. ) ;
#10919 =( NAMED_UNIT ( * ) SI_UNIT ( $, .STERADIAN. ) SOLID_ANGLE_UNIT ( ) );
#10920 = EDGE_CURVE ( 'NONE', #7239, #9331, #6038, .T. ) ;
#10921 = CARTESIAN_POINT ( 'NONE',  ( 10.23428886495925560, 1.103909596859301789, -3.500000000000000444 ) ) ;
#10922 = CARTESIAN_POINT ( 'NONE',  ( 2.484777130550477331, 5.799999999999999822, -0.1000000000000000056 ) ) ;
#10923 = EDGE_LOOP ( 'NONE', ( #8811, #3849, #4286, #4805 ) ) ;
#10924 = DIRECTION ( 'NONE',  ( -0.000000000000000000, 1.000000000000000000, -0.000000000000000000 ) ) ;
#10925 = STYLED_ITEM ( 'NONE', ( #2433 ), #1792 ) ;
#10926 = FACE_OUTER_BOUND ( 'NONE', #9268, .T. ) ;
#10927 = EDGE_LOOP ( 'NONE', ( #452, #8748, #5371, #4974 ) ) ;
#10928 = VECTOR ( 'NONE', #7034, 1000.000000000000000 ) ;
#10929 = CARTESIAN_POINT ( 'NONE',  ( -12.71262581266359248, 5.799999999999999822, -3.500000000000000000 ) ) ;
#10930 = LINE ( 'NONE', #1226, #7091 ) ;
#10931 = DIRECTION ( 'NONE',  ( 1.000000000000000000, 0.000000000000000000, -3.465154412871614037E-16 ) ) ;
#10932 = PLANE ( 'NONE',  #1578 ) ;
#10933 = CARTESIAN_POINT ( 'NONE',  ( 4.915711135040734980, 4.799999999999999822, 3.499999999999999556 ) ) ;
#10934 = ORIENTED_EDGE ( 'NONE', *, *, #7261, .F. ) ;
#10935 = CARTESIAN_POINT ( 'NONE',  ( -13.77940404594980883, 5.799999999999999822, 2.550000000000001155 ) ) ;
#10936 = EDGE_LOOP ( 'NONE', ( #210, #3986, #3050, #8055 ) ) ;
#10937 = VECTOR ( 'NONE', #5049, 1000.000000000000000 ) ;
#10938 = DIRECTION ( 'NONE',  ( -0.1736481776669302757, 0.000000000000000000, 0.9848077530122080203 ) ) ;
#10939 = CARTESIAN_POINT ( 'NONE',  ( -0.2205331856370015831, 5.799999999999999822, 1.250705846325504966 ) ) ;
#10940 =( NAMED_UNIT ( * ) SI_UNIT ( $, .STERADIAN. ) SOLID_ANGLE_UNIT ( ) );
#10941 = EDGE_CURVE ( 'NONE', #7522, #6415, #1820, .T. ) ;
#10942 = EDGE_CURVE ( 'NONE', #11021, #11056, #5681, .T. ) ;
#10943 = CARTESIAN_POINT ( 'NONE',  ( 9.634777130550475022, 4.799999999999999822, -0.09999999999999982514 ) ) ;
#10944 = ORIENTED_EDGE ( 'NONE', *, *, #1648, .F. ) ;
#10945 = VERTEX_POINT ( 'NONE', #5169 ) ;
#10946 = DIRECTION ( 'NONE',  ( 0.000000000000000000, 1.000000000000000000, 0.000000000000000000 ) ) ;
#10947 = LINE ( 'NONE', #7976, #7141 ) ;
#10948 = DIRECTION ( 'NONE',  ( 0.000000000000000000, 1.000000000000000000, 0.000000000000000000 ) ) ;
#10949 = LINE ( 'NONE', #6260, #11175 ) ;
#10950 = PLANE ( 'NONE',  #7447 ) ;
#10951 = DIRECTION ( 'NONE',  ( 0.1736481776669298871, 0.000000000000000000, -0.9848077530122082424 ) ) ;
#10952 = ORIENTED_EDGE ( 'NONE', *, *, #5345, .F. ) ;
#10953 = ORIENTED_EDGE ( 'NONE', *, *, #3298, .T. ) ;
#10954 = LINE ( 'NONE', #5545, #3137 ) ;
#10955 = DIRECTION ( 'NONE',  ( 1.000000000000000000, 0.000000000000000000, -0.000000000000000000 ) ) ;
#10956 = EDGE_CURVE ( 'NONE', #9018, #3686, #5721, .T. ) ;
#10957 = ADVANCED_FACE ( 'NONE', ( #9639 ), #5001, .F. ) ;
#10958 = DIRECTION ( 'NONE',  ( 0.000000000000000000, 1.000000000000000000, 0.000000000000000000 ) ) ;
#10959 = STYLED_ITEM ( 'NONE', ( #909 ), #7334 ) ;
#10960 = DIRECTION ( 'NONE',  ( 0.1736481776669307753, 0.000000000000000000, -0.9848077530122080203 ) ) ;
#10961 = EDGE_CURVE ( 'NONE', #7207, #1391, #9679, .T. ) ;
#10962 = EDGE_LOOP ( 'NONE', ( #5182, #4762, #1335, #5042 ) ) ;
#10963 = DIRECTION ( 'NONE',  ( -0.000000000000000000, 1.000000000000000000, -0.000000000000000000 ) ) ;
#10964 = ORIENTED_EDGE ( 'NONE', *, *, #1133, .T. ) ;
#10965 = PLANE ( 'NONE',  #3248 ) ;
#10966 = DIRECTION ( 'NONE',  ( 0.000000000000000000, 1.000000000000000000, -0.000000000000000000 ) ) ;
#10967 = FACE_OUTER_BOUND ( 'NONE', #534, .T. ) ;
#10968 = MECHANICAL_DESIGN_GEOMETRIC_PRESENTATION_REPRESENTATION (  '', ( #11348 ), #4524 ) ;
#10969 = ORIENTED_EDGE ( 'NONE', *, *, #4998, .T. ) ;
#10970 = CARTESIAN_POINT ( 'NONE',  ( 6.149999999999997691, 4.799999999999999822, -3.500000000000000444 ) ) ;
#10971 = ORIENTED_EDGE ( 'NONE', *, *, #3557, .T. ) ;
#10972 = VECTOR ( 'NONE', #1487, 1000.000000000000000 ) ;
#10973 = UNCERTAINTY_MEASURE_WITH_UNIT (LENGTH_MEASURE( 1.000000000000000082E-05 ), #1054, 'distance_accuracy_value', 'NONE');
#10974 = AXIS2_PLACEMENT_3D ( 'NONE', #5835, #5032, #6750 ) ;
#10975 = AXIS2_PLACEMENT_3D ( 'NONE', #5022, #5901, #8199 ) ;
#10976 = EDGE_CURVE ( 'NONE', #9977, #2104, #6055, .T. ) ;
#10977 = DIRECTION ( 'NONE',  ( 1.000000000000000000, 0.000000000000000000, 0.000000000000000000 ) ) ;
#10978 = CARTESIAN_POINT ( 'NONE',  ( 2.449511734408783337, 4.799999999999999822, 0.1000000000000000056 ) ) ;
#10979 = VERTEX_POINT ( 'NONE', #8843 ) ;
#10980 = VECTOR ( 'NONE', #3315, 1000.000000000000000 ) ;
#10981 = DIRECTION ( 'NONE',  ( 0.000000000000000000, -1.000000000000000000, -0.000000000000000000 ) ) ;
#10982 = CARTESIAN_POINT ( 'NONE',  ( 3.810000000000000941, -15.53639610306789187, 3.810000000000000053 ) ) ;
#10983 = VERTEX_POINT ( 'NONE', #11314 ) ;
#10984 = PLANE ( 'NONE',  #8653 ) ;
#10985 = LINE ( 'NONE', #9843, #7155 ) ;
#10986 = VECTOR ( 'NONE', #6334, 1000.000000000000000 ) ;
#10987 = CARTESIAN_POINT ( 'NONE',  ( -0.2205331856370015275, 4.799999999999999822, 0.7757058463255042113 ) ) ;
#10988 = CARTESIAN_POINT ( 'NONE',  ( 16.00000000000000000, 4.799999999999999822, 0.000000000000000000 ) ) ;
#10989 = VERTEX_POINT ( 'NONE', #11468 ) ;
#10990 = EDGE_LOOP ( 'NONE', ( #2271, #1010, #3940, #10117 ) ) ;
#10991 = EDGE_CURVE ( 'NONE', #4408, #4663, #6114, .T. ) ;
#10992 = CARTESIAN_POINT ( 'NONE',  ( 1.850000000000000977, 4.799999999999999822, 3.500000000000000444 ) ) ;
#10993 = DIRECTION ( 'NONE',  ( 0.000000000000000000, 1.000000000000000000, 0.000000000000000000 ) ) ;
#10994 = ORIENTED_EDGE ( 'NONE', *, *, #8268, .F. ) ;
#10995 = CARTESIAN_POINT ( 'NONE',  ( 6.365222869449519649, 1.103909596859301789, 0.1000000000000000056 ) ) ;
#10996 = LINE ( 'NONE', #2121, #7181 ) ;
#10997 = VERTEX_POINT ( 'NONE', #5966 ) ;
#10998 = EDGE_CURVE ( 'NONE', #3229, #9323, #10038, .T. ) ;
#10999 = CARTESIAN_POINT ( 'NONE',  ( -6.349999999999999645, -15.53639610306789187, -3.585000000000000853 ) ) ;
#11000 = AXIS2_PLACEMENT_3D ( 'NONE', #9757, #1563, #5222 ) ;
#11001 = ADVANCED_FACE ( 'NONE', ( #6242 ), #8398, .T. ) ;
#11002 = DIRECTION ( 'NONE',  ( -1.000000000000000000, 0.000000000000000000, 1.630660900174878325E-16 ) ) ;
#11003 = VECTOR ( 'NONE', #1677, 1000.000000000000000 ) ;
#11004 = DIRECTION ( 'NONE',  ( -1.000000000000000000, -0.000000000000000000, -2.072739447398758462E-16 ) ) ;
#11005 = SURFACE_SIDE_STYLE ('',( #5295 ) ) ;
#11006 = EDGE_LOOP ( 'NONE', ( #10492, #6912, #6741, #6584 ) ) ;
#11007 = CARTESIAN_POINT ( 'NONE',  ( -16.10000000000000142, 5.799999999999999822, -5.100000000000000533 ) ) ;
#11008 = EDGE_LOOP ( 'NONE', ( #6298, #2661, #10045, #2924 ) ) ;
#11009 = DIRECTION ( 'NONE',  ( 0.000000000000000000, 0.000000000000000000, 1.000000000000000000 ) ) ;
#11010 = DIRECTION ( 'NONE',  ( 0.000000000000000000, 0.000000000000000000, 1.000000000000000000 ) ) ;
#11011 = PRESENTATION_LAYER_ASSIGNMENT (  '', '', ( #9486 ) ) ;
#11012 = ORIENTED_EDGE ( 'NONE', *, *, #4679, .T. ) ;
#11013 = VECTOR ( 'NONE', #2345, 1000.000000000000000 ) ;
#11014 = EDGE_LOOP ( 'NONE', ( #8915, #2066, #3404, #1328 ) ) ;
#11015 = EDGE_CURVE ( 'NONE', #8819, #6390, #8505, .T. ) ;
#11016 = VECTOR ( 'NONE', #8350, 1000.000000000000000 ) ;
#11017 = PLANE ( 'NONE',  #1836 ) ;
#11018 = FACE_OUTER_BOUND ( 'NONE', #7422, .T. ) ;
#11019 = DIRECTION ( 'NONE',  ( 0.000000000000000000, -1.000000000000000000, -0.000000000000000000 ) ) ;
#11020 = CARTESIAN_POINT ( 'NONE',  ( 13.24601492930669444, 1.103909596859301789, 0.4749999999999995892 ) ) ;
#11021 = VERTEX_POINT ( 'NONE', #5250 ) ;
#11022 = ORIENTED_EDGE ( 'NONE', *, *, #10296, .F. ) ;
#11023 = PRESENTATION_STYLE_ASSIGNMENT (( #8220 ) ) ;
#11024 = CARTESIAN_POINT ( 'NONE',  ( -11.28737418733641285, 5.799999999999999822, 3.500000000000000444 ) ) ;
#11025 = CARTESIAN_POINT ( 'NONE',  ( -3.469446951953614189E-15, 0.5000000000000000000, 0.000000000000000000 ) ) ;
#11026 =( NAMED_UNIT ( * ) SI_UNIT ( $, .STERADIAN. ) SOLID_ANGLE_UNIT ( ) );
#11027 = FILL_AREA_STYLE_COLOUR ( '', #10501 ) ;
#11028 = CARTESIAN_POINT ( 'NONE',  ( 2.234288864959256049, 1.103909596859301789, -3.500000000000000444 ) ) ;
#11029 = AXIS2_PLACEMENT_3D ( 'NONE', #7293, #6483, #8200 ) ;
#11030 = ORIENTED_EDGE ( 'NONE', *, *, #4987, .T. ) ;
#11031 = EDGE_CURVE ( 'NONE', #5062, #3124, #8524, .T. ) ;
#11032 = CARTESIAN_POINT ( 'NONE',  ( -3.119863555663371812, 4.799999999999999822, 2.550000000000000711 ) ) ;
#11033 = EDGE_LOOP ( 'NONE', ( #8964, #855, #8771, #8128 ) ) ;
#11034 = CARTESIAN_POINT ( 'NONE',  ( 16.09999999999999787, 0.000000000000000000, -5.100000000000000533 ) ) ;
#11035 = LINE ( 'NONE', #1397, #7039 ) ;
#11036 = EDGE_CURVE ( 'NONE', #3542, #1870, #47, .T. ) ;
#11037 = DIRECTION ( 'NONE',  ( -0.000000000000000000, 1.000000000000000000, -0.000000000000000000 ) ) ;
#11038 = ORIENTED_EDGE ( 'NONE', *, *, #10347, .F. ) ;
#11039 = PLANE ( 'NONE',  #9786 ) ;
#11040 = EDGE_LOOP ( 'NONE', ( #8276, #6093, #11248, #2238 ) ) ;
#11041 = LINE ( 'NONE', #5403, #7160 ) ;
#11042 = DIRECTION ( 'NONE',  ( 0.1736481776669313026, 0.000000000000000000, -0.9848077530122080203 ) ) ;
#11043 = AXIS2_PLACEMENT_3D ( 'NONE', #5560, #6446, #42 ) ;
#11044 = ADVANCED_FACE ( 'NONE', ( #4138 ), #9636, .T. ) ;
#11045 = CARTESIAN_POINT ( 'NONE',  ( 3.810000000000000941, 0.5000000000000000000, -3.810000000000000941 ) ) ;
#11046 = DIRECTION ( 'NONE',  ( -1.000000000000000000, 0.000000000000000000, -2.072739447398758462E-16 ) ) ;
#11047 = ORIENTED_EDGE ( 'NONE', *, *, #7462, .F. ) ;
#11048 = DIRECTION ( 'NONE',  ( 1.000000000000000000, 0.000000000000000000, 0.000000000000000000 ) ) ;
#11049 = DIRECTION ( 'NONE',  ( 0.000000000000000000, 0.000000000000000000, 1.000000000000000000 ) ) ;
#11050 = CLOSED_SHELL ( 'NONE', ( #4936, #7876, #10460, #409, #1114, #7101 ) ) ;
#11051 = CARTESIAN_POINT ( 'NONE',  ( 13.41352556097973547, 4.799999999999999822, -0.4750000000000000333 ) ) ;
#11052 = AXIS2_PLACEMENT_3D ( 'NONE', #7406, #1989, #1034 ) ;
#11053 = VECTOR ( 'NONE', #621, 1000.000000000000000 ) ;
#11054 = CARTESIAN_POINT ( 'NONE',  ( 2.220595954050192056, 5.799999999999999822, 2.550000000000001155 ) ) ;
#11055 = DIRECTION ( 'NONE',  ( 0.000000000000000000, 0.000000000000000000, 1.000000000000000000 ) ) ;
#11056 = VERTEX_POINT ( 'NONE', #8916 ) ;
#11057 = ORIENTED_EDGE ( 'NONE', *, *, #476, .T. ) ;
#11058 = CARTESIAN_POINT ( 'NONE',  ( -5.413525560979744355, 4.799999999999999822, 0.4750000000000004774 ) ) ;
#11059 = PLANE ( 'NONE',  #7318 ) ;
#11060 = DIRECTION ( 'NONE',  ( 0.000000000000000000, 1.000000000000000000, 0.000000000000000000 ) ) ;
#11061 = CARTESIAN_POINT ( 'NONE',  ( -9.599511734408787689, 1.103909596859301789, -0.1000000000000000056 ) ) ;
#11062 = DIRECTION ( 'NONE',  ( -1.000000000000000000, -0.000000000000000000, -2.072739447398758462E-16 ) ) ;
#11063 = ORIENTED_EDGE ( 'NONE', *, *, #10440, .F. ) ;
#11064 = CARTESIAN_POINT ( 'NONE',  ( -9.599511734408787689, 4.799999999999999822, -0.1000000000000000056 ) ) ;
#11065 = LINE ( 'NONE', #3879, #3166 ) ;
#11066 = EDGE_LOOP ( 'NONE', ( #5769, #10007 ) ) ;
#11067 = EDGE_CURVE ( 'NONE', #8601, #8742, #7776, .T. ) ;
#11068 = CARTESIAN_POINT ( 'NONE',  ( -1.000000000000002665, 5.799999999999999822, -3.500000000000000444 ) ) ;
#11069 = VECTOR ( 'NONE', #2615, 1000.000000000000000 ) ;
#11070 = EDGE_CURVE ( 'NONE', #1794, #4277, #3760, .T. ) ;
#11071 = DIRECTION ( 'NONE',  ( -0.1736481776669302757, 0.000000000000000000, 0.9848077530122080203 ) ) ;
#11072 = DIRECTION ( 'NONE',  ( 0.1736481776669312471, 0.000000000000000000, -0.9848077530122079093 ) ) ;
#11073 = ORIENTED_EDGE ( 'NONE', *, *, #10911, .F. ) ;
#11074 = CARTESIAN_POINT ( 'NONE',  ( 10.75398507069329845, 5.799999999999999822, -0.4749999999999989231 ) ) ;
#11075 = ORIENTED_EDGE ( 'NONE', *, *, #912, .T. ) ;
#11076 = LINE ( 'NONE', #10182, #10937 ) ;
#11077 = CARTESIAN_POINT ( 'NONE',  ( -1.000000000000002665, 4.799999999999999822, 3.025000000000000799 ) ) ;
#11078 = SURFACE_STYLE_USAGE ( .BOTH. , #3814 ) ;
#11079 = ORIENTED_EDGE ( 'NONE', *, *, #6585, .T. ) ;
#11080 = FACE_OUTER_BOUND ( 'NONE', #9997, .T. ) ;
#11081 = ORIENTED_EDGE ( 'NONE', *, *, #7092, .T. ) ;
#11082 = PLANE ( 'NONE',  #616 ) ;
#11083 = LINE ( 'NONE', #10063, #11125 ) ;
#11084 = AXIS2_PLACEMENT_3D ( 'NONE', #10671, #8096, #8812 ) ;
#11085 = ADVANCED_FACE ( 'NONE', ( #11489 ), #1730, .F. ) ;
#11086 = CARTESIAN_POINT ( 'NONE',  ( 14.40048826559121409, 5.799999999999999822, -0.1000000000000000056 ) ) ;
#11087 = VECTOR ( 'NONE', #2406, 1000.000000000000000 ) ;
#11088 = AXIS2_PLACEMENT_3D ( 'NONE', #222, #3788, #1156 ) ;
#11089 = CARTESIAN_POINT ( 'NONE',  ( 3.084288864959259691, 4.799999999999999822, -3.500000000000000444 ) ) ;
#11090 = EDGE_CURVE ( 'NONE', #9270, #8543, #104, .T. ) ;
#11091 = CARTESIAN_POINT ( 'NONE',  ( 2.540000000000000036, -7.450000000000000178, 0.000000000000000000 ) ) ;
#11092 = ORIENTED_EDGE ( 'NONE', *, *, #4953, .T. ) ;
#11093 = ORIENTED_EDGE ( 'NONE', *, *, #3359, .F. ) ;
#11094 = VECTOR ( 'NONE', #11072, 1000.000000000000114 ) ;
#11095 = CARTESIAN_POINT ( 'NONE',  ( -5.413525560979744355, 5.799999999999999822, 0.4750000000000004774 ) ) ;
#11096 = DIRECTION ( 'NONE',  ( -0.000000000000000000, 1.000000000000000000, -0.000000000000000000 ) ) ;
#11097 = EDGE_CURVE ( 'NONE', #3944, #4184, #4157, .T. ) ;
#11098 = ORIENTED_EDGE ( 'NONE', *, *, #8324, .T. ) ;
#11099 = LINE ( 'NONE', #3386, #7230 ) ;
#11100 = UNCERTAINTY_MEASURE_WITH_UNIT (LENGTH_MEASURE( 1.000000000000000082E-05 ), #1141, 'distance_accuracy_value', 'NONE');
#11101 = DIRECTION ( 'NONE',  ( 1.000000000000000000, 0.000000000000000000, -2.072739447398754025E-16 ) ) ;
#11102 = EDGE_LOOP ( 'NONE', ( #9139, #1186, #8323, #2541 ) ) ;
#11103 = DIRECTION ( 'NONE',  ( -0.000000000000000000, 1.000000000000000000, -0.000000000000000000 ) ) ;
#11104 = DIRECTION ( 'NONE',  ( -0.000000000000000000, 1.000000000000000000, -0.000000000000000000 ) ) ;
#11105 = COLOUR_RGB ( '',0.7921568627450980005, 0.8196078431372548767, 0.9333333333333333481 ) ;
#11106 = LINE ( 'NONE', #8045, #7326 ) ;
#11107 = EDGE_CURVE ( 'NONE', #6577, #7239, #3695, .T. ) ;
#11108 = ADVANCED_FACE ( 'NONE', ( #11354 ), #4611, .F. ) ;
#11109 = CARTESIAN_POINT ( 'NONE',  ( 13.55048826559121444, 5.799999999999999822, -0.09999999999999982514 ) ) ;
#11110 = ORIENTED_EDGE ( 'NONE', *, *, #879, .F. ) ;
#11111 = SURFACE_STYLE_USAGE ( .BOTH. , #5894 ) ;
#11112 = ORIENTED_EDGE ( 'NONE', *, *, #6808, .F. ) ;
#11113 = LINE ( 'NONE', #1826, #7096 ) ;
#11114 = EDGE_CURVE ( 'NONE', #11530, #4217, #7652, .T. ) ;
#11115 =( GEOMETRIC_REPRESENTATION_CONTEXT ( 3 ) GLOBAL_UNCERTAINTY_ASSIGNED_CONTEXT ( ( #10100 ) ) GLOBAL_UNIT_ASSIGNED_CONTEXT ( ( #5626, #2138, #3191 ) ) REPRESENTATION_CONTEXT ( 'NONE', 'WORKASPACE' ) );
#11116 = CARTESIAN_POINT ( 'NONE',  ( 5.550488265591215331, 1.103909596859301789, -0.09999999999999982514 ) ) ;
#11117 = CARTESIAN_POINT ( 'NONE',  ( 11.11986355566336648, 1.103909596859301789, -2.550000000000000711 ) ) ;
#11118 = DIRECTION ( 'NONE',  ( 0.000000000000000000, 0.000000000000000000, 1.000000000000000000 ) ) ;
#11119 = DIRECTION ( 'NONE',  ( 0.000000000000000000, 1.000000000000000000, 0.000000000000000000 ) ) ;
#11120 = ORIENTED_EDGE ( 'NONE', *, *, #5159, .T. ) ;
#11121 = LINE ( 'NONE', #9221, #3432 ) ;
#11122 = CARTESIAN_POINT ( 'NONE',  ( 24.00000000000000000, 4.799999999999999822, 0.000000000000000000 ) ) ;
#11123 = ORIENTED_EDGE ( 'NONE', *, *, #5680, .F. ) ;
#11124 = DIRECTION ( 'NONE',  ( 0.000000000000000000, 1.000000000000000000, 0.000000000000000000 ) ) ;
#11125 = VECTOR ( 'NONE', #291, 1000.000000000000000 ) ;
#11126 = LINE ( 'NONE', #1726, #11069 ) ;
#11127 = DIRECTION ( 'NONE',  ( 0.000000000000000000, 1.000000000000000000, 0.000000000000000000 ) ) ;
#11128 = ORIENTED_EDGE ( 'NONE', *, *, #5812, .F. ) ;
#11129 = VERTEX_POINT ( 'NONE', #1806 ) ;
#11130 = COLOUR_RGB ( '',0.7529411764705882248, 0.000000000000000000, 0.000000000000000000 ) ;
#11131 = ADVANCED_FACE ( 'NONE', ( #26 ), #3897, .T. ) ;
#11132 = EDGE_CURVE ( 'NONE', #2548, #7168, #3618, .T. ) ;
#11133 = ADVANCED_FACE ( 'NONE', ( #3637 ), #10847, .F. ) ;
#11134 = STYLED_ITEM ( 'NONE', ( #8676 ), #9699 ) ;
#11135 = PLANE ( 'NONE',  #3215 ) ;
#11136 = CARTESIAN_POINT ( 'NONE',  ( -12.91571113504074120, 4.799999999999999822, -3.500000000000000888 ) ) ;
#11137 = EDGE_LOOP ( 'NONE', ( #7764, #6581, #3904, #5378 ) ) ;
#11138 = PLANE ( 'NONE',  #8075 ) ;
#11139 = DIRECTION ( 'NONE',  ( -0.9848077530122079093, 0.000000000000000000, -0.1736481776669313026 ) ) ;
#11140 = FACE_OUTER_BOUND ( 'NONE', #2370, .T. ) ;
#11141 = CARTESIAN_POINT ( 'NONE',  ( -1.634777130550480573, 5.799999999999999822, 0.1000000000000000056 ) ) ;
#11142 = LINE ( 'NONE', #2639, #11053 ) ;
#11143 = AXIS2_PLACEMENT_3D ( 'NONE', #1694, #3826, #6612 ) ;
#11144 = DIRECTION ( 'NONE',  ( 0.000000000000000000, 1.000000000000000000, 0.000000000000000000 ) ) ;
#11145 = CARTESIAN_POINT ( 'NONE',  ( -5.779404045949807944, 1.103909596859301789, 2.550000000000001155 ) ) ;
#11146 = MECHANICAL_DESIGN_GEOMETRIC_PRESENTATION_REPRESENTATION (  '', ( #11422 ), #6405 ) ;
#11147 = CARTESIAN_POINT ( 'NONE',  ( 0.2205331856370010557, 4.799999999999999822, -1.250705846325504966 ) ) ;
#11148 = ORIENTED_EDGE ( 'NONE', *, *, #5328, .F. ) ;
#11149 = ORIENTED_EDGE ( 'NONE', *, *, #9016, .T. ) ;
#11150 = CARTESIAN_POINT ( 'NONE',  ( -1.850000000000002753, 4.799999999999999822, -3.500000000000000444 ) ) ;
#11151 = FILL_AREA_STYLE ('',( #2214 ) ) ;
#11152 = FILL_AREA_STYLE ('',( #6691 ) ) ;
#11153 = DIRECTION ( 'NONE',  ( 0.1736481776669307475, 0.000000000000000000, -0.9848077530122080203 ) ) ;
#11154 = ADVANCED_FACE ( 'NONE', ( #11532 ), #9210, .F. ) ;
#11155 = EDGE_LOOP ( 'NONE', ( #7013, #6663 ) ) ;
#11156 = VECTOR ( 'NONE', #10172, 999.9999999999998863 ) ;
#11157 = VECTOR ( 'NONE', #5665, 1000.000000000000000 ) ;
#11158 = CARTESIAN_POINT ( 'NONE',  ( -13.94691467762285164, 1.103909596859301789, 3.500000000000000444 ) ) ;
#11159 = LINE ( 'NONE', #5341, #11087 ) ;
#11160 = AXIS2_PLACEMENT_3D ( 'NONE', #3934, #6814, #7687 ) ;
#11161 = ORIENTED_EDGE ( 'NONE', *, *, #2617, .T. ) ;
#11162 = VERTEX_POINT ( 'NONE', #2852 ) ;
#11163 = FACE_OUTER_BOUND ( 'NONE', #3829, .T. ) ;
#11164 = CARTESIAN_POINT ( 'NONE',  ( 0.2205331856370010557, 4.799999999999999822, -1.250705846325504966 ) ) ;
#11165 = EDGE_CURVE ( 'NONE', #1074, #72, #3860, .T. ) ;
#11166 = DIRECTION ( 'NONE',  ( -0.1736481776669299149, 0.000000000000000000, 0.9848077530122082424 ) ) ;
#11167 = DIRECTION ( 'NONE',  ( 0.000000000000000000, 1.000000000000000000, 0.000000000000000000 ) ) ;
#11168 = ORIENTED_EDGE ( 'NONE', *, *, #9797, .T. ) ;
#11169 = PRESENTATION_LAYER_ASSIGNMENT (  '', '', ( #5075 ) ) ;
#11170 = ADVANCED_FACE ( 'NONE', ( #3876 ), #9279, .T. ) ;
#11171 = VECTOR ( 'NONE', #3247, 1000.000000000000000 ) ;
#11172 = DIRECTION ( 'NONE',  ( 0.1736481776669313026, 0.000000000000000000, -0.9848077530122080203 ) ) ;
#11173 = PLANE ( 'NONE',  #7881 ) ;
#11174 = ADVANCED_FACE ( 'NONE', ( #11452 ), #3002, .F. ) ;
#11175 = VECTOR ( 'NONE', #8909, 1000.000000000000000 ) ;
#11176 = DIRECTION ( 'NONE',  ( -1.000000000000000000, 0.000000000000000000, 0.000000000000000000 ) ) ;
#11177 = ORIENTED_EDGE ( 'NONE', *, *, #4749, .F. ) ;
#11178 = DIRECTION ( 'NONE',  ( -1.000000000000000000, 0.000000000000000000, 0.000000000000000000 ) ) ;
#11179 = ORIENTED_EDGE ( 'NONE', *, *, #1789, .T. ) ;
#11180 = VECTOR ( 'NONE', #4329, 1000.000000000000114 ) ;
#11181 = PLANE ( 'NONE',  #1502 ) ;
#11182 = CARTESIAN_POINT ( 'NONE',  ( -6.349999999999999645, 0.5000000000000000000, 4.035000000000000142 ) ) ;
#11183 = PLANE ( 'NONE',  #4327 ) ;
#11184 = ORIENTED_EDGE ( 'NONE', *, *, #753, .T. ) ;
#11185 = VECTOR ( 'NONE', #874, 1000.000000000000000 ) ;
#11186 = CARTESIAN_POINT ( 'NONE',  ( 5.515222869449519116, 5.799999999999999822, 0.09999999999999982514 ) ) ;
#11187 = CARTESIAN_POINT ( 'NONE',  ( -10.22059595405019827, 5.799999999999999822, -2.550000000000000711 ) ) ;
#11188 = LINE ( 'NONE', #75, #7300 ) ;
#11189 = FACE_OUTER_BOUND ( 'NONE', #6495, .T. ) ;
#11190 = PLANE ( 'NONE',  #11088 ) ;
#11191 = ADVANCED_FACE ( 'NONE', ( #7569 ), #9856, .T. ) ;
#11192 = ORIENTED_EDGE ( 'NONE', *, *, #10976, .T. ) ;
#11193 = EDGE_LOOP ( 'NONE', ( #10883, #3703, #130, #2844 ) ) ;
#11194 = VECTOR ( 'NONE', #3102, 1000.000000000000000 ) ;
#11195 = CARTESIAN_POINT ( 'NONE',  ( 0.2205331856370011112, 5.799999999999999822, -1.725705846325505499 ) ) ;
#11196 = AXIS2_PLACEMENT_3D ( 'NONE', #1562, #4967, #4283 ) ;
#11197 = EDGE_CURVE ( 'NONE', #8737, #10106, #7491, .T. ) ;
#11198 = EDGE_CURVE ( 'NONE', #4359, #11338, #7610, .T. ) ;
#11199 = SURFACE_SIDE_STYLE ('',( #4712 ) ) ;
#11200 = EDGE_LOOP ( 'NONE', ( #840, #4646, #7697, #3853 ) ) ;
#11201 = CARTESIAN_POINT ( 'NONE',  ( -2.449511734408785113, 5.799999999999999822, -0.09999999999999982514 ) ) ;
#11202 = VECTOR ( 'NONE', #6226, 1000.000000000000000 ) ;
#11203 =( NAMED_UNIT ( * ) SI_UNIT ( $, .STERADIAN. ) SOLID_ANGLE_UNIT ( ) );
#11204 = DIRECTION ( 'NONE',  ( -0.1736481776669316357, 0.000000000000000000, 0.9848077530122077983 ) ) ;
#11205 = VECTOR ( 'NONE', #10467, 1000.000000000000000 ) ;
#11206 = CARTESIAN_POINT ( 'NONE',  ( 16.00000000000000000, 5.799999999999999822, 0.000000000000000000 ) ) ;
#11207 = VECTOR ( 'NONE', #10791, 1000.000000000000000 ) ;
#11208 = CARTESIAN_POINT ( 'NONE',  ( -13.41352556097974436, 4.799999999999999822, 0.4750000000000004774 ) ) ;
#11209 = DIRECTION ( 'NONE',  ( 0.1736481776669298316, 0.000000000000000000, -0.9848077530122081313 ) ) ;
#11210 = ORIENTED_EDGE ( 'NONE', *, *, #10920, .F. ) ;
#11211 = EDGE_LOOP ( 'NONE', ( #3608, #6109, #10897, #5657 ) ) ;
#11212 = FACE_OUTER_BOUND ( 'NONE', #4025, .T. ) ;
#11213 =( NAMED_UNIT ( * ) PLANE_ANGLE_UNIT ( ) SI_UNIT ( $, .RADIAN. ) );
#11214 = ADVANCED_FACE ( 'NONE', ( #4095 ), #3629, .T. ) ;
#11215 = DIRECTION ( 'NONE',  ( -1.630660900174878325E-16, 0.000000000000000000, -1.000000000000000000 ) ) ;
#11216 = ADVANCED_FACE ( 'NONE', ( #7632 ), #5601, .F. ) ;
#11217 = EDGE_CURVE ( 'NONE', #6367, #1560, #3777, .T. ) ;
#11218 = AXIS2_PLACEMENT_3D ( 'NONE', #1582, #3209, #9253 ) ;
#11219 = CARTESIAN_POINT ( 'NONE',  ( 0.2205331856370011112, 4.799999999999999822, -1.725705846325505499 ) ) ;
#11220 =( GEOMETRIC_REPRESENTATION_CONTEXT ( 3 ) GLOBAL_UNCERTAINTY_ASSIGNED_CONTEXT ( ( #9545 ) ) GLOBAL_UNIT_ASSIGNED_CONTEXT ( ( #8998, #9864, #9073 ) ) REPRESENTATION_CONTEXT ( 'NONE', 'WORKASPACE' ) );
#11221 = EDGE_CURVE ( 'NONE', #9646, #3421, #3656, .T. ) ;
#11222 = VERTEX_POINT ( 'NONE', #4261 ) ;
#11223 = EDGE_CURVE ( 'NONE', #4619, #10794, #11431, .T. ) ;
#11224 = SURFACE_STYLE_FILL_AREA ( #5357 ) ;
#11225 = VECTOR ( 'NONE', #7002, 1000.000000000000000 ) ;
#11226 = CARTESIAN_POINT ( 'NONE',  ( -2.484777130550480884, 5.799999999999999822, 0.09999999999999982514 ) ) ;
#11227 = CARTESIAN_POINT ( 'NONE',  ( -1.000000000000002665, 1.103909596859301789, 3.500000000000001332 ) ) ;
#11228 = VERTEX_POINT ( 'NONE', #5195 ) ;
#11229 = VERTEX_POINT ( 'NONE', #9431 ) ;
#11230 = CIRCLE ( 'NONE', #3607, 0.2250000000000003664 ) ;
#11231 = EDGE_CURVE ( 'NONE', #7541, #11366, #3917, .T. ) ;
#11232 = CARTESIAN_POINT ( 'NONE',  ( -4.915711135040740309, 4.799999999999999822, -3.500000000000000444 ) ) ;
#11233 = DIRECTION ( 'NONE',  ( 1.000000000000000000, 0.000000000000000000, 0.000000000000000000 ) ) ;
#11234 = DIRECTION ( 'NONE',  ( -1.000000000000000000, 0.000000000000000000, 0.000000000000000000 ) ) ;
#11235 = EDGE_CURVE ( 'NONE', #8459, #10398, #7553, .T. ) ;
#11236 =( NAMED_UNIT ( * ) PLANE_ANGLE_UNIT ( ) SI_UNIT ( $, .RADIAN. ) );
#11237 = ADVANCED_FACE ( 'NONE', ( #7513 ), #4103, .F. ) ;
#11238 = ORIENTED_EDGE ( 'NONE', *, *, #8235, .T. ) ;
#11239 = FACE_OUTER_BOUND ( 'NONE', #4904, .T. ) ;
#11240 = DIRECTION ( 'NONE',  ( 0.000000000000000000, -0.000000000000000000, 1.000000000000000000 ) ) ;
#11241 = EDGE_CURVE ( 'NONE', #444, #7109, #3740, .T. ) ;
#11242 = CARTESIAN_POINT ( 'NONE',  ( 5.413525560979735474, 1.103909596859301789, -0.4750000000000000333 ) ) ;
#11243 = AXIS2_PLACEMENT_3D ( 'NONE', #7774, #2331, #3083 ) ;
#11244 = CARTESIAN_POINT ( 'NONE',  ( -2.449511734408785113, 5.799999999999999822, -0.09999999999999982514 ) ) ;
#11245 = VECTOR ( 'NONE', #988, 1000.000000000000000 ) ;
#11246 = CARTESIAN_POINT ( 'NONE',  ( 1.850000000000000977, 4.799999999999999822, 3.500000000000000444 ) ) ;
#11247 = VECTOR ( 'NONE', #1704, 1000.000000000000000 ) ;
#11248 = ORIENTED_EDGE ( 'NONE', *, *, #6642, .F. ) ;
#11249 = DIRECTION ( 'NONE',  ( -0.9848077530122079093, 0.000000000000000000, -0.1736481776669312749 ) ) ;
#11250 = ORIENTED_EDGE ( 'NONE', *, *, #1418, .F. ) ;
#11251 = LINE ( 'NONE', #9395, #7766 ) ;
#11252 = MECHANICAL_DESIGN_GEOMETRIC_PRESENTATION_REPRESENTATION (  '', ( #9717 ), #1822 ) ;
#11253 = DIRECTION ( 'NONE',  ( 0.1736481776669313026, -0.000000000000000000, -0.9848077530122079093 ) ) ;
#11254 = CARTESIAN_POINT ( 'NONE',  ( 13.77940404594980173, 1.103909596859301789, -2.550000000000000711 ) ) ;
#11255 = EDGE_LOOP ( 'NONE', ( #1288, #10952, #7220, #10012 ) ) ;
#11256 = ADVANCED_FACE ( 'NONE', ( #11374 ), #6983, .T. ) ;
#11257 = LINE ( 'NONE', #3953, #11274 ) ;
#11258 = DIRECTION ( 'NONE',  ( 1.000000000000000000, 0.000000000000000000, 0.000000000000000000 ) ) ;
#11259 = CARTESIAN_POINT ( 'NONE',  ( 16.09999999999999787, 0.5000000000000000000, 4.349999999999998757 ) ) ;
#11260 = VECTOR ( 'NONE', #3975, 1000.000000000000000 ) ;
#11261 = ADVANCED_FACE ( 'NONE', ( #3842 ), #8705, .T. ) ;
#11262 = VECTOR ( 'NONE', #7244, 1000.000000000000000 ) ;
#11263 = AXIS2_PLACEMENT_3D ( 'NONE', #7605, #3159, #2329 ) ;
#11264 = PLANE ( 'NONE',  #8770 ) ;
#11265 = DIRECTION ( 'NONE',  ( 0.000000000000000000, 1.000000000000000000, 0.000000000000000000 ) ) ;
#11266 = EDGE_LOOP ( 'NONE', ( #7998, #6721, #6938, #7924 ) ) ;
#11267 = VERTEX_POINT ( 'NONE', #11339 ) ;
#11268 = SURFACE_STYLE_FILL_AREA ( #5713 ) ;
#11269 = DIRECTION ( 'NONE',  ( 0.000000000000000000, 1.000000000000000000, 0.000000000000000000 ) ) ;
#11270 = AXIS2_PLACEMENT_3D ( 'NONE', #7889, #1577, #2528 ) ;
#11271 = DIRECTION ( 'NONE',  ( 0.000000000000000000, 1.000000000000000000, 0.000000000000000000 ) ) ;
#11272 = VERTEX_POINT ( 'NONE', #8787 ) ;
#11273 = DIRECTION ( 'NONE',  ( 0.000000000000000000, -0.000000000000000000, 1.000000000000000000 ) ) ;
#11274 = VECTOR ( 'NONE', #7458, 1000.000000000000000 ) ;
#11275 = DIRECTION ( 'NONE',  ( -0.1736481776669302757, -0.000000000000000000, 0.9848077530122080203 ) ) ;
#11276 = LINE ( 'NONE', #139, #3935 ) ;
#11277 = CARTESIAN_POINT ( 'NONE',  ( 24.00000000000000000, 5.799999999999999822, 0.000000000000000000 ) ) ;
#11278 = LINE ( 'NONE', #3322, #364 ) ;
#11279 = ADVANCED_FACE ( 'NONE', ( #7967 ), #7799, .T. ) ;
#11280 = EDGE_CURVE ( 'NONE', #7095, #3905, #7984, .T. ) ;
#11281 = VERTEX_POINT ( 'NONE', #6824 ) ;
#11282 = CARTESIAN_POINT ( 'NONE',  ( 15.34999999999999609, 0.000000000000000000, -5.100000000000000533 ) ) ;
#11283 = DIRECTION ( 'NONE',  ( 1.000000000000000000, 0.000000000000000000, 0.000000000000000000 ) ) ;
#11284 = ORIENTED_EDGE ( 'NONE', *, *, #298, .T. ) ;
#11285 = ORIENTED_EDGE ( 'NONE', *, *, #2555, .T. ) ;
#11286 = LINE ( 'NONE', #10232, #3870 ) ;
#11287 = CARTESIAN_POINT ( 'NONE',  ( -13.51522286944952356, 4.799999999999999822, -0.1000000000000000056 ) ) ;
#11288 = CARTESIAN_POINT ( 'NONE',  ( 14.14999999999999680, 1.103909596859301789, -3.500000000000000444 ) ) ;
#11289 = SURFACE_STYLE_USAGE ( .BOTH. , #4971 ) ;
#11290 = EDGE_CURVE ( 'NONE', #5829, #2805, #11410, .T. ) ;
#11291 = CARTESIAN_POINT ( 'NONE',  ( -12.88013644433663352, 4.799999999999999822, -2.550000000000000711 ) ) ;
#11292 = ORIENTED_EDGE ( 'NONE', *, *, #4078, .F. ) ;
#11293 = LINE ( 'NONE', #419, #11467 ) ;
#11294 = DIRECTION ( 'NONE',  ( -1.000000000000000000, -0.000000000000000000, -2.072739447398754025E-16 ) ) ;
#11295 = EDGE_CURVE ( 'NONE', #8044, #3924, #3714, .T. ) ;
#11296 = VECTOR ( 'NONE', #9042, 1000.000000000000000 ) ;
#11297 = LINE ( 'NONE', #244, #7558 ) ;
#11298 = ORIENTED_EDGE ( 'NONE', *, *, #2041, .F. ) ;
#11299 = DIRECTION ( 'NONE',  ( 0.000000000000000000, 1.000000000000000000, 0.000000000000000000 ) ) ;
#11300 = EDGE_LOOP ( 'NONE', ( #4031, #2666, #10884, #3405 ) ) ;
#11301 = EDGE_CURVE ( 'NONE', #2141, #8234, #7589, .T. ) ;
#11302 = ORIENTED_EDGE ( 'NONE', *, *, #11067, .T. ) ;
#11303 = VECTOR ( 'NONE', #4850, 1000.000000000000000 ) ;
#11304 =( GEOMETRIC_REPRESENTATION_CONTEXT ( 3 ) GLOBAL_UNCERTAINTY_ASSIGNED_CONTEXT ( ( #7664 ) ) GLOBAL_UNIT_ASSIGNED_CONTEXT ( ( #10763, #4526, #10833 ) ) REPRESENTATION_CONTEXT ( 'NONE', 'WORKASPACE' ) );
#11305 = CARTESIAN_POINT ( 'NONE',  ( -2.753985070693306003, 4.799999999999999822, 0.4749999999999995892 ) ) ;
#11306 = ADVANCED_FACE ( 'NONE', ( #11313 ), #1542, .T. ) ;
#11307 = DIRECTION ( 'NONE',  ( 0.000000000000000000, -1.000000000000000000, 0.000000000000000000 ) ) ;
#11308 = DIRECTION ( 'NONE',  ( 0.000000000000000000, 1.000000000000000000, 0.000000000000000000 ) ) ;
#11309 =( NAMED_UNIT ( * ) SI_UNIT ( $, .STERADIAN. ) SOLID_ANGLE_UNIT ( ) );
#11310 = FILL_AREA_STYLE_COLOUR ( '', #228 ) ;
#11311 = ORIENTED_EDGE ( 'NONE', *, *, #3425, .F. ) ;
#11312 = LINE ( 'NONE', #262, #46 ) ;
#11313 = FACE_OUTER_BOUND ( 'NONE', #3827, .T. ) ;
#11314 = CARTESIAN_POINT ( 'NONE',  ( 13.55048826559121444, 4.799999999999999822, -0.09999999999999982514 ) ) ;
#11315 = DIRECTION ( 'NONE',  ( 0.000000000000000000, 1.000000000000000000, 0.000000000000000000 ) ) ;
#11316 = CIRCLE ( 'NONE', #10336, 0.4750000000000005884 ) ;
#11317 = DIRECTION ( 'NONE',  ( 0.1736481776669307753, 0.000000000000000000, -0.9848077530122080203 ) ) ;
#11318 = VECTOR ( 'NONE', #3101, 1000.000000000000000 ) ;
#11319 = ORIENTED_EDGE ( 'NONE', *, *, #8939, .T. ) ;
#11320 = ORIENTED_EDGE ( 'NONE', *, *, #1238, .F. ) ;
#11321 = PLANE ( 'NONE',  #2717 ) ;
#11322 = CLOSED_SHELL ( 'NONE', ( #3476, #5913, #10486, #9894, #10025, #10871 ) ) ;
#11323 = LINE ( 'NONE', #1312, #3770 ) ;
#11324 = CARTESIAN_POINT ( 'NONE',  ( 16.09999999999999787, 0.000000000000000000, 4.349999999999998757 ) ) ;
#11325 = ADVANCED_FACE ( 'NONE', ( #64 ), #4027, .F. ) ;
#11326 = CARTESIAN_POINT ( 'NONE',  ( 8.000000000000000000, 5.799999999999999822, 0.000000000000000000 ) ) ;
#11327 = DIRECTION ( 'NONE',  ( -0.000000000000000000, 1.000000000000000000, -0.000000000000000000 ) ) ;
#11328 = ORIENTED_EDGE ( 'NONE', *, *, #8891, .T. ) ;
#11329 = LINE ( 'NONE', #11158, #7490 ) ;
#11330 = VECTOR ( 'NONE', #9482, 1000.000000000000000 ) ;
#11331 = PLANE ( 'NONE',  #5941 ) ;
#11332 = DIRECTION ( 'NONE',  ( 0.000000000000000000, 1.000000000000000000, 0.000000000000000000 ) ) ;
#11333 = CARTESIAN_POINT ( 'NONE',  ( 3.119863555663366483, 5.799999999999999822, -2.550000000000000711 ) ) ;
#11334 = LINE ( 'NONE', #3630, #11469 ) ;
#11335 = AXIS2_PLACEMENT_3D ( 'NONE', #4822, #5567, #8418 ) ;
#11336 = LINE ( 'NONE', #8068, #3865 ) ;
#11337 = DIRECTION ( 'NONE',  ( -0.1736481776669316357, 0.000000000000000000, 0.9848077530122077983 ) ) ;
#11338 = VERTEX_POINT ( 'NONE', #2568 ) ;
#11339 = CARTESIAN_POINT ( 'NONE',  ( 14.99999999999999822, 4.799999999999999822, 2.550000000000000266 ) ) ;
#11340 = EDGE_CURVE ( 'NONE', #8036, #8264, #7472, .T. ) ;
#11341 = EDGE_CURVE ( 'NONE', #4976, #1178, #4349, .T. ) ;
#11342 = ORIENTED_EDGE ( 'NONE', *, *, #3172, .F. ) ;
#11343 = ORIENTED_EDGE ( 'NONE', *, *, #2546, .T. ) ;
#11344 = LINE ( 'NONE', #9351, #58 ) ;
#11345 = DIRECTION ( 'NONE',  ( -1.000000000000000000, 0.000000000000000000, 4.280484862959055418E-16 ) ) ;
#11346 =( LENGTH_UNIT ( ) NAMED_UNIT ( * ) SI_UNIT ( .MILLI., .METRE. ) );
#11347 = DIRECTION ( 'NONE',  ( 0.000000000000000000, 0.000000000000000000, 1.000000000000000000 ) ) ;
#11348 = STYLED_ITEM ( 'NONE', ( #9627 ), #41 ) ;
#11349 = DIRECTION ( 'NONE',  ( -0.000000000000000000, 1.000000000000000000, -0.000000000000000000 ) ) ;
#11350 = ORIENTED_EDGE ( 'NONE', *, *, #8189, .F. ) ;
#11351 = CARTESIAN_POINT ( 'NONE',  ( -13.76571113504074440, 4.799999999999999822, -3.500000000000000444 ) ) ;
#11352 = ADVANCED_FACE ( 'NONE', ( #8446 ), #6141, .T. ) ;
#11353 = FACE_OUTER_BOUND ( 'NONE', #4897, .T. ) ;
#11354 = FACE_OUTER_BOUND ( 'NONE', #11266, .T. ) ;
#11355 = DIRECTION ( 'NONE',  ( -1.000000000000000000, -0.000000000000000000, -2.072739447398758462E-16 ) ) ;
#11356 = DIRECTION ( 'NONE',  ( -0.9848077530122079093, 0.000000000000000000, -0.1736481776669316635 ) ) ;
#11357 = LINE ( 'NONE', #9535, #11260 ) ;
#11358 = CARTESIAN_POINT ( 'NONE',  ( -5.946914677622851642, 4.799999999999999822, 3.500000000000000444 ) ) ;
#11359 = EDGE_CURVE ( 'NONE', #620, #695, #8141, .T. ) ;
#11360 = DIRECTION ( 'NONE',  ( 0.000000000000000000, 0.000000000000000000, -1.000000000000000000 ) ) ;
#11361 = ORIENTED_EDGE ( 'NONE', *, *, #6156, .T. ) ;
#11362 = PLANE ( 'NONE',  #7328 ) ;
#11363 = AXIS2_PLACEMENT_3D ( 'NONE', #3392, #6089, #3253 ) ;
#11364 = DIRECTION ( 'NONE',  ( -1.000000000000000000, 0.000000000000000000, 0.000000000000000000 ) ) ;
#11365 = EDGE_LOOP ( 'NONE', ( #10054, #2115, #6310, #1481 ) ) ;
#11366 = VERTEX_POINT ( 'NONE', #7254 ) ;
#11367 = LINE ( 'NONE', #9422, #7600 ) ;
#11368 = PLANE ( 'NONE',  #4366 ) ;
#11369 = EDGE_CURVE ( 'NONE', #8016, #6531, #8103, .T. ) ;
#11370 = DIRECTION ( 'NONE',  ( 0.000000000000000000, 1.000000000000000000, 0.000000000000000000 ) ) ;
#11371 = CARTESIAN_POINT ( 'NONE',  ( -2.753985070693306003, 1.103909596859301789, 0.4749999999999995892 ) ) ;
#11372 = ORIENTED_EDGE ( 'NONE', *, *, #29, .F. ) ;
#11373 = LINE ( 'NONE', #10921, #7568 ) ;
#11374 = FACE_OUTER_BOUND ( 'NONE', #10765, .T. ) ;
#11375 = EDGE_CURVE ( 'NONE', #3567, #11459, #4480, .T. ) ;
#11376 = VECTOR ( 'NONE', #3009, 1000.000000000000000 ) ;
#11377 = PLANE ( 'NONE',  #4449 ) ;
#11378 = VECTOR ( 'NONE', #2718, 1000.000000000000114 ) ;
#11379 = ADVANCED_FACE ( 'NONE', ( #8120 ), #4488, .F. ) ;
#11380 = ORIENTED_EDGE ( 'NONE', *, *, #7603, .F. ) ;
#11381 = CARTESIAN_POINT ( 'NONE',  ( -6.349999999999999645, -15.53639610306789187, -4.035000000000001030 ) ) ;
#11382 = ORIENTED_EDGE ( 'NONE', *, *, #2957, .F. ) ;
#11383 = VERTEX_POINT ( 'NONE', #8154 ) ;
#11384 = LINE ( 'NONE', #10427, #3851 ) ;
#11385 = EDGE_CURVE ( 'NONE', #10446, #7685, #8355, .T. ) ;
#11386 = DIRECTION ( 'NONE',  ( -0.000000000000000000, 1.000000000000000000, -0.000000000000000000 ) ) ;
#11387 = AXIS2_PLACEMENT_3D ( 'NONE', #2240, #6627, #5365 ) ;
#11388 = CARTESIAN_POINT ( 'NONE',  ( -2.586474439020264526, 4.799999999999999822, -0.4749999999999999778 ) ) ;
#11389 = CARTESIAN_POINT ( 'NONE',  ( 1.000000000000000888, 4.799999999999999822, 3.500000000000000444 ) ) ;
#11390 = DIRECTION ( 'NONE',  ( -0.000000000000000000, 1.000000000000000000, -0.000000000000000000 ) ) ;
#11391 = VERTEX_POINT ( 'NONE', #2803 ) ;
#11392 = VECTOR ( 'NONE', #8464, 1000.000000000000000 ) ;
#11393 = VECTOR ( 'NONE', #2459, 1000.000000000000114 ) ;
#11394 = CARTESIAN_POINT ( 'NONE',  ( 13.94691467762284276, 4.799999999999999822, -3.500000000000000444 ) ) ;
#11395 = LINE ( 'NONE', #3490, #7557 ) ;
#11396 = DIRECTION ( 'NONE',  ( -1.000000000000000000, 0.000000000000000000, 4.280484862959055418E-16 ) ) ;
#11397 = FACE_OUTER_BOUND ( 'NONE', #5064, .T. ) ;
#11398 = AXIS2_PLACEMENT_3D ( 'NONE', #11206, #1624, #2505 ) ;
#11399 = VERTEX_POINT ( 'NONE', #7185 ) ;
#11400 = CARTESIAN_POINT ( 'NONE',  ( 6.400488265591213199, 5.799999999999999822, -0.1000000000000000056 ) ) ;
#11401 = ORIENTED_EDGE ( 'NONE', *, *, #2067, .F. ) ;
#11402 = CARTESIAN_POINT ( 'NONE',  ( 13.76571113504073551, 5.799999999999999822, 3.499999999999999556 ) ) ;
#11403 = VERTEX_POINT ( 'NONE', #10652 ) ;
#11404 = LINE ( 'NONE', #319, #3555 ) ;
#11405 = ADVANCED_FACE ( 'NONE', ( #4196 ), #11497, .T. ) ;
#11406 = CARTESIAN_POINT ( 'NONE',  ( -1.599511734408786801, 4.799999999999999822, -0.1000000000000000056 ) ) ;
#11407 = CARTESIAN_POINT ( 'NONE',  ( 1.270000000000000240, -7.450000000000000178, 3.810000000000000053 ) ) ;
#11408 = VERTEX_POINT ( 'NONE', #9882 ) ;
#11409 = VECTOR ( 'NONE', #10445, 1000.000000000000000 ) ;
#11410 = LINE ( 'NONE', #8624, #7715 ) ;
#11411 = PLANE ( 'NONE',  #519 ) ;
#11412 = DIRECTION ( 'NONE',  ( 0.000000000000000000, 1.000000000000000000, 0.000000000000000000 ) ) ;
#11413 = SURFACE_STYLE_FILL_AREA ( #3559 ) ;
#11414 = VECTOR ( 'NONE', #11071, 1000.000000000000114 ) ;
#11415 = CARTESIAN_POINT ( 'NONE',  ( 11.11986355566336648, 5.799999999999999822, -2.550000000000000711 ) ) ;
#11416 = VERTEX_POINT ( 'NONE', #1754 ) ;
#11417 = DIRECTION ( 'NONE',  ( 1.000000000000000000, 0.000000000000000000, 0.000000000000000000 ) ) ;
#11418 = AXIS2_PLACEMENT_3D ( 'NONE', #7604, #5984, #3304 ) ;
#11419 = VERTEX_POINT ( 'NONE', #7124 ) ;
#11420 = VERTEX_POINT ( 'NONE', #2648 ) ;
#11421 = VECTOR ( 'NONE', #6481, 1000.000000000000000 ) ;
#11422 = STYLED_ITEM ( 'NONE', ( #754 ), #3118 ) ;
#11423 = EDGE_CURVE ( 'NONE', #7640, #1817, #502, .T. ) ;
#11424 = EDGE_CURVE ( 'NONE', #11338, #6561, #4384, .T. ) ;
#11425 = DIRECTION ( 'NONE',  ( 0.1736481776669312471, 0.000000000000000000, -0.9848077530122079093 ) ) ;
#11426 = SURFACE_STYLE_USAGE ( .BOTH. , #11199 ) ;
#11427 = DIRECTION ( 'NONE',  ( -0.000000000000000000, 1.000000000000000000, -0.000000000000000000 ) ) ;
#11428 = ORIENTED_EDGE ( 'NONE', *, *, #4398, .F. ) ;
#11429 = PLANE ( 'NONE',  #11143 ) ;
#11430 = LINE ( 'NONE', #9365, #3713 ) ;
#11431 = LINE ( 'NONE', #3236, #11 ) ;
#11432 = SURFACE_STYLE_USAGE ( .BOTH. , #5045 ) ;
#11433 = LINE ( 'NONE', #4894, #3582 ) ;
#11434 = DIRECTION ( 'NONE',  ( 0.000000000000000000, 0.000000000000000000, -1.000000000000000000 ) ) ;
#11435 = FACE_OUTER_BOUND ( 'NONE', #7483, .T. ) ;
#11436 = EDGE_CURVE ( 'NONE', #1660, #6325, #8424, .T. ) ;
#11437 = CARTESIAN_POINT ( 'NONE',  ( 0.2205331856370011112, 3.456497115745557291, -1.725705846325505499 ) ) ;
#11438 = VERTEX_POINT ( 'NONE', #9087 ) ;
#11439 = DIRECTION ( 'NONE',  ( -0.1736481776669302757, 0.000000000000000000, 0.9848077530122080203 ) ) ;
#11440 = CARTESIAN_POINT ( 'NONE',  ( 6.999999999999997335, 4.799999999999999822, 3.025000000000000799 ) ) ;
#11441 = DIRECTION ( 'NONE',  ( 0.000000000000000000, 1.000000000000000000, 0.000000000000000000 ) ) ;
#11442 = ORIENTED_EDGE ( 'NONE', *, *, #3534, .F. ) ;
#11443 = VERTEX_POINT ( 'NONE', #942 ) ;
#11444 = FACE_OUTER_BOUND ( 'NONE', #889, .T. ) ;
#11445 = PLANE ( 'NONE',  #1749 ) ;
#11446 = DIRECTION ( 'NONE',  ( -0.000000000000000000, -1.000000000000000000, -0.000000000000000000 ) ) ;
#11447 = EDGE_CURVE ( 'NONE', #7264, #3325, #738, .T. ) ;
#11448 = DIRECTION ( 'NONE',  ( -0.000000000000000000, 1.000000000000000000, -0.000000000000000000 ) ) ;
#11449 = VERTEX_POINT ( 'NONE', #2878 ) ;
#11450 = ADVANCED_FACE ( 'NONE', ( #4576 ), #1909, .F. ) ;
#11451 = LINE ( 'NONE', #579, #103 ) ;
#11452 = FACE_OUTER_BOUND ( 'NONE', #8866, .T. ) ;
#11453 = AXIS2_PLACEMENT_3D ( 'NONE', #11164, #10958, #504 ) ;
#11454 = CARTESIAN_POINT ( 'NONE',  ( 3.810000000000000941, -7.450000000000000178, -3.810000000000000941 ) ) ;
#11455 = EDGE_LOOP ( 'NONE', ( #1978, #10198, #1665, #2613 ) ) ;
#11456 = CARTESIAN_POINT ( 'NONE',  ( 13.51522286944952000, 5.799999999999999822, 0.09999999999999982514 ) ) ;
#11457 = DIRECTION ( 'NONE',  ( 0.9848077530122080203, -0.000000000000000000, 0.1736481776669313026 ) ) ;
#11458 = ORIENTED_EDGE ( 'NONE', *, *, #6297, .T. ) ;
#11459 = VERTEX_POINT ( 'NONE', #6441 ) ;
#11460 = LINE ( 'NONE', #3153, #3750 ) ;
#11461 = CARTESIAN_POINT ( 'NONE',  ( 6.149999999999997691, 4.799999999999999822, -3.500000000000000444 ) ) ;
#11462 = SURFACE_STYLE_USAGE ( .BOTH. , #9708 ) ;
#11463 = EDGE_CURVE ( 'NONE', #3041, #3174, #443, .T. ) ;
#11464 = EDGE_CURVE ( 'NONE', #5791, #3712, #8275, .T. ) ;
#11465 =( NAMED_UNIT ( * ) SI_UNIT ( $, .STERADIAN. ) SOLID_ANGLE_UNIT ( ) );
#11466 = ORIENTED_EDGE ( 'NONE', *, *, #7542, .F. ) ;
#11467 = VECTOR ( 'NONE', #1358, 1000.000000000000000 ) ;
#11468 = CARTESIAN_POINT ( 'NONE',  ( 6.149999999999997691, 4.799999999999999822, -3.500000000000000444 ) ) ;
#11469 = VECTOR ( 'NONE', #8991, 999.9999999999998863 ) ;
#11470 = LINE ( 'NONE', #6431, #3764 ) ;
#11471 = ADVANCED_FACE ( 'NONE', ( #568 ), #7634, .F. ) ;
#11472 = EDGE_LOOP ( 'NONE', ( #11518, #3586, #10137, #7809 ) ) ;
#11473 = CARTESIAN_POINT ( 'NONE',  ( 15.34999999999999609, 0.5000000000000000000, -4.350000000000000533 ) ) ;
#11474 = VERTEX_POINT ( 'NONE', #7400 ) ;
#11475 = CARTESIAN_POINT ( 'NONE',  ( -4.915711135040740309, 1.103909596859301789, -3.500000000000000444 ) ) ;
#11476 = DIRECTION ( 'NONE',  ( 1.000000000000000000, 0.000000000000000000, -0.000000000000000000 ) ) ;
#11477 = EDGE_LOOP ( 'NONE', ( #2750, #10328, #2591, #10439 ) ) ;
#11478 = FACE_OUTER_BOUND ( 'NONE', #4804, .T. ) ;
#11479 = CARTESIAN_POINT ( 'NONE',  ( 10.05308532237714836, 1.103909596859301789, 3.500000000000000444 ) ) ;
#11480 = ORIENTED_EDGE ( 'NONE', *, *, #4041, .F. ) ;
#11481 = EDGE_CURVE ( 'NONE', #288, #6325, #4406, .T. ) ;
#11482 = AXIS2_PLACEMENT_3D ( 'NONE', #7487, #11019, #9320 ) ;
#11483 = AXIS2_PLACEMENT_3D ( 'NONE', #1818, #5687, #6586 ) ;
#11484 = EDGE_CURVE ( 'NONE', #7172, #10849, #4558, .T. ) ;
#11485 = DIRECTION ( 'NONE',  ( -0.9848077530122081313, 0.000000000000000000, -0.1736481776669303034 ) ) ;
#11486 = ORIENTED_EDGE ( 'NONE', *, *, #10632, .F. ) ;
#11487 = EDGE_CURVE ( 'NONE', #588, #6119, #4174, .T. ) ;
#11488 = LINE ( 'NONE', #3121, #7451 ) ;
#11489 = FACE_OUTER_BOUND ( 'NONE', #3076, .T. ) ;
#11490 = DIRECTION ( 'NONE',  ( 0.1736481776669307753, -0.000000000000000000, -0.9848077530122080203 ) ) ;
#11491 = CARTESIAN_POINT ( 'NONE',  ( -13.51522286944952356, 5.799999999999999822, -0.1000000000000000056 ) ) ;
#11492 = DIRECTION ( 'NONE',  ( -1.000000000000000000, 0.000000000000000000, -0.000000000000000000 ) ) ;
#11493 = VECTOR ( 'NONE', #1376, 1000.000000000000000 ) ;
#11494 = CARTESIAN_POINT ( 'NONE',  ( -9.000000000000003553, 1.103909596859301789, 3.025000000000000799 ) ) ;
#11495 = MANIFOLD_SOLID_BREP ( 'LPattern3[3]', #726 ) ;
#11496 = ORIENTED_EDGE ( 'NONE', *, *, #9992, .F. ) ;
#11497 = PLANE ( 'NONE',  #2091 ) ;
#11498 = EDGE_LOOP ( 'NONE', ( #1570, #2776 ) ) ;
#11499 = ORIENTED_EDGE ( 'NONE', *, *, #5373, .T. ) ;
#11500 = VECTOR ( 'NONE', #4281, 1000.000000000000000 ) ;
#11501 = EDGE_LOOP ( 'NONE', ( #6213, #10238, #10267, #6535 ) ) ;
#11502 = ADVANCED_FACE ( 'NONE', ( #8178 ), #570, .T. ) ;
#11503 = EDGE_CURVE ( 'NONE', #4184, #3923, #713, .T. ) ;
#11504 = CARTESIAN_POINT ( 'NONE',  ( 14.14999999999999680, 4.799999999999999822, -3.500000000000000444 ) ) ;
#11505 = CARTESIAN_POINT ( 'NONE',  ( -1.599511734408786801, 5.799999999999999822, -0.1000000000000000056 ) ) ;
#11506 = AXIS2_PLACEMENT_3D ( 'NONE', #3477, #6116, #3546 ) ;
#11507 = CARTESIAN_POINT ( 'NONE',  ( -9.000000000000003553, 4.799999999999999822, 3.025000000000000799 ) ) ;
#11508 = ORIENTED_EDGE ( 'NONE', *, *, #7077, .F. ) ;
#11509 = CIRCLE ( 'NONE', #2945, 0.4750000000000005884 ) ;
#11510 = VECTOR ( 'NONE', #10327, 999.9999999999998863 ) ;
#11511 = UNCERTAINTY_MEASURE_WITH_UNIT (LENGTH_MEASURE( 1.000000000000000082E-05 ), #2720, 'distance_accuracy_value', 'NONE');
#11512 = CARTESIAN_POINT ( 'NONE',  ( -10.48477713055048000, 1.103909596859301789, 0.09999999999999982514 ) ) ;
#11513 = EDGE_CURVE ( 'NONE', #8765, #7168, #8376, .T. ) ;
#11514 = FACE_OUTER_BOUND ( 'NONE', #5875, .T. ) ;
#11515 = DIRECTION ( 'NONE',  ( 1.000000000000000000, 0.000000000000000000, -0.000000000000000000 ) ) ;
#11516 = MANIFOLD_SOLID_BREP ( 'LPattern2[16]', #6605 ) ;
#11517 = LINE ( 'NONE', #9004, #7362 ) ;
#11518 = ORIENTED_EDGE ( 'NONE', *, *, #9742, .T. ) ;
#11519 = CARTESIAN_POINT ( 'NONE',  ( -6.349999999999999645, -7.450000000000000178, -3.810000000000000941 ) ) ;
#11520 = CARTESIAN_POINT ( 'NONE',  ( -9.000000000000003553, 4.799999999999999822, -3.500000000000000444 ) ) ;
#11521 = ORIENTED_EDGE ( 'NONE', *, *, #7752, .F. ) ;
#11522 = ORIENTED_EDGE ( 'NONE', *, *, #9191, .F. ) ;
#11523 = LINE ( 'NONE', #6593, #7662 ) ;
#11524 =( NAMED_UNIT ( * ) PLANE_ANGLE_UNIT ( ) SI_UNIT ( $, .RADIAN. ) );
#11525 = DIRECTION ( 'NONE',  ( 0.1736481776669313026, -0.000000000000000000, -0.9848077530122079093 ) ) ;
#11526 = ORIENTED_EDGE ( 'NONE', *, *, #9255, .F. ) ;
#11527 = EDGE_CURVE ( 'NONE', #5093, #5315, #4901, .T. ) ;
#11528 = DIRECTION ( 'NONE',  ( -1.000000000000000000, 0.000000000000000000, 1.630660900174879311E-16 ) ) ;
#11529 = ADVANCED_FACE ( 'NONE', ( #923 ), #2060, .F. ) ;
#11530 = VERTEX_POINT ( 'NONE', #4887 ) ;
#11531 = LINE ( 'NONE', #7645, #3841 ) ;
#11532 = FACE_OUTER_BOUND ( 'NONE', #9588, .T. ) ;
#11533 = DIRECTION ( 'NONE',  ( -0.000000000000000000, 1.000000000000000000, 0.000000000000000000 ) ) ;
#11534 = VECTOR ( 'NONE', #6583, 1000.000000000000000 ) ;
#11535 = EDGE_CURVE ( 'NONE', #7725, #3041, #4857, .T. ) ;
#11536 = LINE ( 'NONE', #6765, #3821 ) ;
#11537 = AXIS2_PLACEMENT_3D ( 'NONE', #9809, #9012, #7054 ) ;
#11538 = VERTEX_POINT ( 'NONE', #4720 ) ;
#11539 = CARTESIAN_POINT ( 'NONE',  ( 0.2205331856370010557, 4.799999999999999822, -1.250705846325504966 ) ) ;
#11540 = ORIENTED_EDGE ( 'NONE', *, *, #9701, .T. ) ;
#11541 = VERTEX_POINT ( 'NONE', #327 ) ;
#11542 = FACE_OUTER_BOUND ( 'NONE', #9554, .T. ) ;
#11543 = DIRECTION ( 'NONE',  ( 0.000000000000000000, 1.000000000000000000, 0.000000000000000000 ) ) ;
ENDSEC;
END-ISO-10303-21;
